ISO-10303-21;
HEADER;
FILE_DESCRIPTION((''),'2;1');
FILE_NAME('Small Switch', '2026-10-05T12:28:36', (''), (''), 'ImageToStl.com STEP Converter','', '');
FILE_SCHEMA(('AUTOMOTIVE_DESIGN_CC2'));
ENDSEC;
DATA;
#1=PRODUCT_DEFINITION_CONTEXT('',#4,'design');
#2=APPLICATION_PROTOCOL_DEFINITION('INTERNATIONAL STANDARD','automotive_design',1994,#4);
#3=(GEOMETRIC_REPRESENTATION_CONTEXT(3)GLOBAL_UNCERTAINTY_ASSIGNED_CONTEXT((#5))GLOBAL_UNIT_ASSIGNED_CONTEXT((#6,#7,#8))REPRESENTATION_CONTEXT('NONE','WORKSPACE'));
#4=APPLICATION_CONTEXT(' ');
#5=UNCERTAINTY_MEASURE_WITH_UNIT(LENGTH_MEASURE(1.0E-006),#6,'','');
#6=(CONVERSION_BASED_UNIT('METRE',#10)LENGTH_UNIT()NAMED_UNIT(#11));
#7=(NAMED_UNIT(#12)PLANE_ANGLE_UNIT()SI_UNIT($,.RADIAN.));
#8=(NAMED_UNIT(#12)SOLID_ANGLE_UNIT()SI_UNIT($,.STERADIAN.));
#9=AXIS2_PLACEMENT_3D('',#14,#15,#16);
#10=LENGTH_MEASURE_WITH_UNIT(LENGTH_MEASURE(1.0),#17);
#11=DIMENSIONAL_EXPONENTS(1.0,0.0,0.0,0.0,0.0,0.0,0.0);
#12=DIMENSIONAL_EXPONENTS(0.0,0.0,0.0,0.0,0.0,0.0,0.0);
#13=PRODUCT_CONTEXT('',#4,'mechanical');
#14=CARTESIAN_POINT('',(0.0,0.0,0.0));
#15=DIRECTION('',(0.0,0.0,1.0));
#16=DIRECTION('',(1.0,0.0,0.0));
#17=(NAMED_UNIT(#11)LENGTH_UNIT()SI_UNIT(.MILLI.,.METRE.));
#18=PRESENTATION_STYLE_ASSIGNMENT((#19));
#19=SURFACE_STYLE_USAGE(.BOTH.,#20);
#20=SURFACE_SIDE_STYLE('',(#21));
#21=SURFACE_STYLE_FILL_AREA(#22);
#22=FILL_AREA_STYLE('',(#23));
#23=FILL_AREA_STYLE_COLOUR('',#24);
#24=COLOUR_RGB('',0.9,0.9,0.9);
#25=SHAPE_DEFINITION_REPRESENTATION(#26,#27);
#26=PRODUCT_DEFINITION_SHAPE('productshape0','',#30);
#27=MANIFOLD_SURFACE_SHAPE_REPRESENTATION('',(#28,#9),#3);
#28=SHELL_BASED_SURFACE_MODEL('shell0',(#33));
#29=PRODUCT('product0','','',(#13));
#30=PRODUCT_DEFINITION('mesh0','',#31,#2);
#31=PRODUCT_DEFINITION_FORMATION_WITH_SPECIFIED_SOURCE('prodsource0','',#29,.NOT_KNOWN.);
#32=STYLED_ITEM('',(#18),#33);
#33=CLOSED_SHELL('',(#1072,#1094,#1116,#1138,#1160,#1182,#1204,#1226,#1248,#1270,#1292,#1314,#1336,#1358,#1380,#1402,#1424,#1446,#1468,#1490,#1512,#1534,#1556,#1578,#1600,#1622,#1644,#1666,#1688,#1710,#1732,#1754,#1776,#1798,#1820,#1842,#1864,#1886,#1908,#1930,#1952,#1974,#1996,#2018,#2040,#2062,#2084,#2106,#2128,#2150,#2172,#2194,#2216,#2238,#2260,#2282,#2304,#2326,#2348,#2370,#2392,#2414,#2436,#2458,#2480,#2502,#2524,#2546,#2568,#2590,#2612,#2634,#2656,#2678,#2700,#2722,#2744,#2766,#2788,#2810,#2832,#2854,#2876,#2898,#2920,#2942,#2964,#2986,#3008,#3030,#3052,#3074,#3096,#3118,#3140,#3162,#3184,#3206,#3228,#3250,#3272,#3294,#3316,#3338,#3360,#3382,#3404,#3426,#3448,#3470,#3492,#3514,#3536,#3558,#3580,#3602,#3624,#3646,#3668,#3690,#3712,#3734,#3756,#3778,#3800,#3822,#3844,#3866,#3888,#3910,#3932,#3954,#3976,#3998,#4020,#4042,#4064,#4086,#4108,#4130,#4152,#4174,#4196,#4218,#4240,#4262,#4284,#4306,#4328,#4350,#4372,#4394,#4416,#4438,#4460,#4482,#4504,#4526,#4548,#4570,#4592,#4614,#4636,#4658,#4680,#4702,#4724,#4746,#4768,#4790,#4812,#4834,#4856,#4878,#4900,#4922,#4944,#4966,#4988,#5010,#5032,#5054,#5076,#5098,#5120,#5142,#5164,#5186,#5208,#5230,#5252,#5274,#5296,#5318,#5340,#5362,#5384,#5406,#5428,#5450,#5472,#5494,#5516,#5538,#5560,#5582,#5604,#5626,#5648,#5670,#5692,#5714,#5736,#5758,#5780,#5802,#5824,#5846,#5868,#5890,#5912,#5934,#5956,#5978,#6000,#6022,#6044,#6066,#6088,#6110,#6132,#6154,#6176,#6198,#6220,#6242,#6264,#6286,#6308,#6330,#6352,#6374,#6396,#6418,#6440,#6462,#6484,#6506,#6528,#6550,#6572,#6594,#6616,#6638,#6660,#6682,#6704,#6726,#6748,#6770,#6792,#6814,#6836,#6858,#6880,#6902,#6924,#6946,#6968,#6990,#7012,#7034,#7056,#7078,#7100,#7122,#7144,#7166,#7188,#7210,#7232,#7254,#7276,#7298,#7320,#7342,#7364,#7386,#7408,#7430,#7452,#7474,#7496,#7518,#7540,#7562,#7584,#7606,#7628,#7650,#7672,#7694,#7716,#7738,#7760,#7782,#7804,#7826,#7848,#7870,#7892,#7914,#7936,#7958,#7980,#8002,#8024,#8046,#8068,#8090,#8112,#8134,#8156,#8178,#8200,#8222,#8244,#8266,#8288,#8310,#8332,#8354,#8376,#8398,#8420,#8442,#8464,#8486,#8508,#8530,#8552,#8574,#8596,#8618,#8640,#8662,#8684,#8706,#8728,#8750,#8772,#8794,#8816,#8838,#8860,#8882,#8904,#8926,#8948,#8970,#8992,#9014,#9036,#9058,#9080,#9102,#9124,#9146,#9168,#9190,#9212,#9234,#9256,#9278,#9300,#9322,#9344,#9366,#9388,#9410,#9432,#9454,#9476,#9498,#9520,#9542,#9564,#9586,#9608,#9630,#9652,#9674,#9696,#9718,#9740,#9762,#9784,#9806,#9828,#9850,#9872,#9894,#9916,#9938,#9960,#9982,#10004,#10026,#10048,#10070,#10092,#10114,#10136,#10158,#10180,#10202,#10224,#10246,#10268,#10290,#10312,#10334,#10356,#10378,#10400,#10422,#10444,#10466,#10488,#10510,#10532,#10554,#10576,#10598,#10620,#10642,#10664,#10686,#10708,#10730,#10752,#10774,#10796,#10818,#10840,#10862,#10884,#10906,#10928,#10950,#10972,#10994,#11016,#11038,#11060,#11082,#11104,#11126,#11148,#11170,#11192,#11214,#11236,#11258,#11280,#11302,#11324,#11346,#11368,#11390,#11412,#11434,#11456,#11478,#11500,#11522,#11544,#11566,#11588,#11610,#11632,#11654,#11676,#11698,#11720,#11742,#11764,#11786,#11808,#11830,#11852,#11874,#11896,#11918,#11940,#11962,#11984,#12006,#12028,#12050,#12072,#12094,#12116,#12138,#12160,#12182,#12204,#12226,#12248,#12270,#12292,#12314,#12336,#12358,#12380,#12402,#12424,#12446,#12468,#12490,#12512,#12534,#12556,#12578,#12600,#12622,#12644,#12666,#12688,#12710,#12732,#12754,#12776,#12798,#12820,#12842,#12864,#12886,#12908,#12930,#12952,#12974,#12996,#13018,#13040,#13062,#13084,#13106,#13128,#13150,#13172,#13194,#13216,#13238,#13260,#13282,#13304,#13326,#13348,#13370,#13392,#13414,#13436,#13458,#13480,#13502,#13524,#13546,#13568,#13590,#13612,#13634,#13656,#13678,#13700,#13722,#13744,#13766,#13788,#13810,#13832,#13854,#13876,#13898,#13920,#13942,#13964,#13986,#14008,#14030,#14052,#14074,#14096,#14118,#14140,#14162,#14184,#14206,#14228,#14250,#14272,#14294,#14316,#14338,#14360,#14382,#14404,#14426,#14448,#14470,#14492,#14514,#14536,#14558,#14580,#14602,#14624,#14646,#14668,#14690,#14712,#14734,#14756,#14778,#14800,#14822,#14844,#14866,#14888,#14910,#14932,#14954,#14976,#14998,#15020,#15042,#15064,#15086,#15108,#15130,#15152,#15174,#15196,#15218,#15240,#15262,#15284,#15306,#15328,#15350,#15372,#15394,#15416,#15438,#15460,#15482,#15504,#15526,#15548,#15570,#15592,#15614,#15636,#15658,#15680,#15702,#15724,#15746,#15768,#15790,#15812,#15834,#15856,#15878,#15900,#15922,#15944,#15966,#15988,#16010,#16032,#16054,#16076,#16098,#16120,#16142,#16164,#16186,#16208,#16230,#16252,#16274,#16296,#16318,#16340,#16362,#16384,#16406,#16428,#16450,#16472,#16494,#16516,#16538,#16560,#16582,#16604,#16626,#16648,#16670,#16692,#16714,#16736,#16758,#16780,#16802,#16824,#16846,#16868,#16890,#16912,#16934,#16956,#16978,#17000,#17022,#17044,#17066,#17088,#17110,#17132,#17154,#17176,#17198,#17220,#17242,#17264,#17286,#17308,#17330,#17352,#17374,#17396,#17418,#17440,#17462,#17484,#17506,#17528,#17550,#17572,#17594,#17616,#17638,#17660,#17682,#17704,#17726,#17748,#17770,#17792,#17814,#17836,#17858,#17880,#17902,#17924,#17946,#17968,#17990,#18012,#18034,#18056,#18078,#18100,#18122,#18144,#18166,#18188,#18210,#18232,#18254,#18276,#18298,#18320,#18342,#18364,#18386,#18408,#18430,#18452,#18474,#18496,#18518,#18540,#18562,#18584,#18606,#18628,#18650,#18672,#18694,#18716,#18738,#18760,#18782,#18804,#18826,#18848,#18870,#18892,#18914,#18936,#18958,#18980,#19002,#19024,#19046,#19068,#19090,#19112,#19134,#19156,#19178,#19200,#19222,#19244,#19266,#19288,#19310,#19332,#19354,#19376,#19398,#19420,#19442,#19464,#19486,#19508,#19530,#19552,#19574,#19596,#19618,#19640,#19662,#19684,#19706,#19728,#19750,#19772,#19794,#19816,#19838,#19860,#19882,#19904,#19926,#19948,#19970,#19992,#20014,#20036,#20058,#20080,#20102,#20124,#20146,#20168,#20190,#20212,#20234,#20256,#20278,#20300,#20322,#20344,#20366,#20388,#20410,#20432,#20454,#20476,#20498,#20520,#20542,#20564,#20586,#20608,#20630,#20652,#20674,#20696,#20718,#20740,#20762,#20784,#20806,#20828,#20850,#20872,#20894,#20916,#20938,#20960,#20982,#21004,#21026,#21048,#21070,#21092,#21114,#21136,#21158,#21180,#21202,#21224,#21246,#21268,#21290,#21312,#21334,#21356,#21378,#21400,#21422,#21444,#21466,#21488,#21510,#21532,#21554,#21576,#21598,#21620,#21642,#21664,#21686,#21708,#21730,#21752,#21774,#21796,#21818,#21840,#21862,#21884,#21906,#21928,#21950,#21972,#21994,#22016,#22038,#22060,#22082,#22104,#22126,#22148,#22170,#22192,#22214,#22236,#22258,#22280,#22302,#22324,#22346,#22368,#22390,#22412,#22434,#22456,#22478,#22500,#22522,#22544,#22566,#22588,#22610,#22632,#22654,#22676,#22698,#22720,#22742,#22764,#22786,#22808,#22830,#22852,#22874,#22896,#22918,#22940,#22962,#22984,#23006,#23028,#23050,#23072,#23094,#23116,#23138,#23160,#23182));
#34=CARTESIAN_POINT('',(-210.02499389648438,22.600000381469727,39.972084045410156));
#35=VERTEX_POINT('',#34);
#36=CARTESIAN_POINT('',(-210.5749969482422,22.600000381469727,40.67208480834961));
#37=VERTEX_POINT('',#36);
#38=CARTESIAN_POINT('',(-205.6750030517578,22.600000381469727,40.67208480834961));
#39=VERTEX_POINT('',#38);
#40=CARTESIAN_POINT('',(-206.22500610351562,22.600000381469727,39.972084045410156));
#41=VERTEX_POINT('',#40);
#42=CARTESIAN_POINT('',(-204.77499389648438,22.600000381469727,39.67208480834961));
#43=VERTEX_POINT('',#42);
#44=CARTESIAN_POINT('',(-210.02499389648438,22.600000381469727,32.92208480834961));
#45=VERTEX_POINT('',#44);
#46=CARTESIAN_POINT('',(-208.4710693359375,22.600000381469727,34.31514358520508));
#47=VERTEX_POINT('',#46);
#48=CARTESIAN_POINT('',(-210.01229858398438,22.600000381469727,32.84726333618164));
#49=VERTEX_POINT('',#48);
#50=CARTESIAN_POINT('',(-211.47500610351562,22.600000381469727,39.67208480834961));
#51=VERTEX_POINT('',#50);
#52=CARTESIAN_POINT('',(-207.83680725097656,22.600000381469727,34.26494598388672));
#53=VERTEX_POINT('',#52);
#54=CARTESIAN_POINT('',(-206.47500610351562,22.600000381469727,32.67208480834961));
#55=VERTEX_POINT('',#54);
#56=CARTESIAN_POINT('',(-208.0042724609375,22.600000381469727,34.191993713378906));
#57=VERTEX_POINT('',#56);
#58=CARTESIAN_POINT('',(-206.35667419433594,22.600000381469727,32.70689392089844));
#59=VERTEX_POINT('',#58);
#60=CARTESIAN_POINT('',(-207.67849731445312,22.600000381469727,34.44973373413086));
#61=VERTEX_POINT('',#60);
#62=CARTESIAN_POINT('',(-206.23770141601562,22.600000381469727,32.84726333618164));
#63=VERTEX_POINT('',#62);
#64=CARTESIAN_POINT('',(-209.85958862304688,22.600000381469727,32.68985366821289));
#65=VERTEX_POINT('',#64);
#66=CARTESIAN_POINT('',(-206.22500610351562,22.600000381469727,32.92208480834961));
#67=VERTEX_POINT('',#66);
#68=CARTESIAN_POINT('',(-207.625,22.600000381469727,34.67208480834961));
#69=VERTEX_POINT('',#68);
#70=CARTESIAN_POINT('',(-207.625,22.600000381469727,36.67208480834961));
#71=VERTEX_POINT('',#70);
#72=CARTESIAN_POINT('',(-207.678466796875,22.600000381469727,36.894412994384766));
#73=VERTEX_POINT('',#72);
#74=CARTESIAN_POINT('',(-207.8820037841797,22.600000381469727,37.10832595825195));
#75=VERTEX_POINT('',#74);
#76=CARTESIAN_POINT('',(-208.1556854248047,22.600000381469727,37.16995620727539));
#77=VERTEX_POINT('',#76);
#78=CARTESIAN_POINT('',(-208.33189392089844,22.600000381469727,37.1218147277832));
#79=VERTEX_POINT('',#78);
#80=CARTESIAN_POINT('',(-208.50392150878906,22.600000381469727,36.99175262451172));
#81=VERTEX_POINT('',#80);
#82=CARTESIAN_POINT('',(-208.60107421875,22.600000381469727,36.81552505493164));
#83=VERTEX_POINT('',#82);
#84=CARTESIAN_POINT('',(-208.625,22.600000381469727,36.67208480834961));
#85=VERTEX_POINT('',#84);
#86=CARTESIAN_POINT('',(-208.625,22.600000381469727,34.67208480834961));
#87=VERTEX_POINT('',#86);
#88=CARTESIAN_POINT('',(-208.36099243164062,22.600000381469727,34.23262405395508));
#89=VERTEX_POINT('',#88);
#90=CARTESIAN_POINT('',(-209.77499389648438,22.600000381469727,32.67208480834961));
#91=VERTEX_POINT('',#90);
#92=CARTESIAN_POINT('',(-208.571533203125,22.600000381469727,34.44975280761719));
#93=VERTEX_POINT('',#92);
#94=CARTESIAN_POINT('',(-208.20123291015625,22.600000381469727,34.18080520629883));
#95=VERTEX_POINT('',#94);
#96=CARTESIAN_POINT('',(-210.02499389648438,22.100000381469727,32.92208480834961));
#97=VERTEX_POINT('',#96);
#98=CARTESIAN_POINT('',(-210.02499389648438,22.100000381469727,39.972084045410156));
#99=VERTEX_POINT('',#98);
#100=CARTESIAN_POINT('',(-211.47500610351562,22.100000381469727,39.67208480834961));
#101=VERTEX_POINT('',#100);
#102=CARTESIAN_POINT('',(-210.5749969482422,22.100000381469727,40.67208480834961));
#103=VERTEX_POINT('',#102);
#104=CARTESIAN_POINT('',(-204.625,22.649999618530273,40.67208480834961));
#105=VERTEX_POINT('',#104);
#106=CARTESIAN_POINT('',(-211.625,22.649999618530273,40.67208480834961));
#107=VERTEX_POINT('',#106);
#108=CARTESIAN_POINT('',(-204.625,22.049999237060547,40.67208480834961));
#109=VERTEX_POINT('',#108);
#110=CARTESIAN_POINT('',(-211.625,22.049999237060547,40.67208480834961));
#111=VERTEX_POINT('',#110);
#112=CARTESIAN_POINT('',(-205.6750030517578,22.100000381469727,40.67208480834961));
#113=VERTEX_POINT('',#112);
#114=CARTESIAN_POINT('',(-204.77499389648438,22.100000381469727,39.67208480834961));
#115=VERTEX_POINT('',#114);
#116=CARTESIAN_POINT('',(-206.22500610351562,22.100000381469727,39.972084045410156));
#117=VERTEX_POINT('',#116);
#118=CARTESIAN_POINT('',(-206.22500610351562,22.100000381469727,32.92208480834961));
#119=VERTEX_POINT('',#118);
#120=CARTESIAN_POINT('',(-206.26434326171875,22.100000381469727,32.78788375854492));
#121=VERTEX_POINT('',#120);
#122=CARTESIAN_POINT('',(-206.23770141601562,22.100000381469727,32.84726333618164));
#123=VERTEX_POINT('',#122);
#124=CARTESIAN_POINT('',(-206.3704833984375,22.100000381469727,32.69811248779297));
#125=VERTEX_POINT('',#124);
#126=CARTESIAN_POINT('',(-206.47500610351562,22.100000381469727,32.67208480834961));
#127=VERTEX_POINT('',#126);
#128=CARTESIAN_POINT('',(-209.77499389648438,22.100000381469727,32.67208480834961));
#129=VERTEX_POINT('',#128);
#130=CARTESIAN_POINT('',(-209.99252319335938,22.100000381469727,32.81029510498047));
#131=VERTEX_POINT('',#130);
#132=CARTESIAN_POINT('',(-207.625,22.100000381469727,36.67208480834961));
#133=VERTEX_POINT('',#132);
#134=CARTESIAN_POINT('',(-207.625,22.100000381469727,34.67208480834961));
#135=VERTEX_POINT('',#134);
#136=CARTESIAN_POINT('',(-208.1557159423828,22.100000381469727,37.16995620727539));
#137=VERTEX_POINT('',#136);
#138=CARTESIAN_POINT('',(-208.01870727539062,22.100000381469727,37.157745361328125));
#139=VERTEX_POINT('',#138);
#140=CARTESIAN_POINT('',(-207.8042449951172,22.100000381469727,37.043975830078125));
#141=VERTEX_POINT('',#140);
#142=CARTESIAN_POINT('',(-207.64892578125,22.100000381469727,36.81552505493164));
#143=VERTEX_POINT('',#142);
#144=CARTESIAN_POINT('',(-208.32211303710938,22.100000381469727,37.127872467041016));
#145=VERTEX_POINT('',#144);
#146=CARTESIAN_POINT('',(-208.4710693359375,22.100000381469727,37.02902603149414));
#147=VERTEX_POINT('',#146);
#148=CARTESIAN_POINT('',(-208.571533203125,22.100000381469727,36.894412994384766));
#149=VERTEX_POINT('',#148);
#150=CARTESIAN_POINT('',(-208.625,22.100000381469727,36.67208480834961));
#151=VERTEX_POINT('',#150);
#152=CARTESIAN_POINT('',(-208.625,22.100000381469727,34.67208480834961));
#153=VERTEX_POINT('',#152);
#154=CARTESIAN_POINT('',(-208.06369018554688,22.100000381469727,34.17705535888672));
#155=VERTEX_POINT('',#154);
#156=CARTESIAN_POINT('',(-208.3187255859375,22.100000381469727,34.21422576904297));
#157=VERTEX_POINT('',#156);
#158=CARTESIAN_POINT('',(-208.45567321777344,22.100000381469727,34.29792404174805));
#159=VERTEX_POINT('',#158);
#160=CARTESIAN_POINT('',(-208.57150268554688,22.100000381469727,34.44973373413086));
#161=VERTEX_POINT('',#160);
#162=CARTESIAN_POINT('',(-207.8907928466797,22.100000381469727,34.235965728759766));
#163=VERTEX_POINT('',#162);
#164=CARTESIAN_POINT('',(-207.678466796875,22.100000381469727,34.44975280761719));
#165=VERTEX_POINT('',#164);
#166=CARTESIAN_POINT('',(-204.625,22.049999237060547,39.972084045410156));
#167=VERTEX_POINT('',#166);
#168=CARTESIAN_POINT('',(-204.625,22.649999618530273,39.972084045410156));
#169=VERTEX_POINT('',#168);
#170=CARTESIAN_POINT('',(-211.375,22.049999237060547,39.972084045410156));
#171=VERTEX_POINT('',#170);
#172=CARTESIAN_POINT('',(-211.625,22.049999237060547,39.972084045410156));
#173=VERTEX_POINT('',#172);
#174=CARTESIAN_POINT('',(-204.875,22.049999237060547,39.972084045410156));
#175=VERTEX_POINT('',#174);
#176=CARTESIAN_POINT('',(-211.375,22.049999237060547,38.67208480834961));
#177=VERTEX_POINT('',#176);
#178=CARTESIAN_POINT('',(-204.875,22.049999237060547,38.67208480834961));
#179=VERTEX_POINT('',#178);
#180=CARTESIAN_POINT('',(-211.625,22.649999618530273,39.972084045410156));
#181=VERTEX_POINT('',#180);
#182=CARTESIAN_POINT('',(-204.875,22.649999618530273,39.972084045410156));
#183=VERTEX_POINT('',#182);
#184=CARTESIAN_POINT('',(-211.375,22.649999618530273,39.972084045410156));
#185=VERTEX_POINT('',#184);
#186=CARTESIAN_POINT('',(-204.875,22.649999618530273,38.67208480834961));
#187=VERTEX_POINT('',#186);
#188=CARTESIAN_POINT('',(-211.375,22.649999618530273,38.67208480834961));
#189=VERTEX_POINT('',#188);
#190=CARTESIAN_POINT('',(-204.875,18.950000762939453,39.972084045410156));
#191=VERTEX_POINT('',#190);
#192=CARTESIAN_POINT('',(-204.625,17.950000762939453,39.972084045410156));
#193=VERTEX_POINT('',#192);
#194=CARTESIAN_POINT('',(-204.875,17.950000762939453,39.972084045410156));
#195=VERTEX_POINT('',#194);
#196=CARTESIAN_POINT('',(-211.375,18.950000762939453,39.972084045410156));
#197=VERTEX_POINT('',#196);
#198=CARTESIAN_POINT('',(-211.375,21.049999237060547,39.972084045410156));
#199=VERTEX_POINT('',#198);
#200=CARTESIAN_POINT('',(-204.875,21.049999237060547,39.972084045410156));
#201=VERTEX_POINT('',#200);
#202=CARTESIAN_POINT('',(-212.375,15.850000381469727,39.972084045410156));
#203=VERTEX_POINT('',#202);
#204=CARTESIAN_POINT('',(-211.375,16.350000381469727,39.972084045410156));
#205=VERTEX_POINT('',#204);
#206=CARTESIAN_POINT('',(-204.875,16.350000381469727,39.972084045410156));
#207=VERTEX_POINT('',#206);
#208=CARTESIAN_POINT('',(-204.875,17.350000381469727,39.972084045410156));
#209=VERTEX_POINT('',#208);
#210=CARTESIAN_POINT('',(-204.625,17.350000381469727,39.972084045410156));
#211=VERTEX_POINT('',#210);
#212=CARTESIAN_POINT('',(-203.875,15.850000381469727,39.972084045410156));
#213=VERTEX_POINT('',#212);
#214=CARTESIAN_POINT('',(-204.875,23.649999618530273,39.972084045410156));
#215=VERTEX_POINT('',#214);
#216=CARTESIAN_POINT('',(-211.375,23.649999618530273,39.972084045410156));
#217=VERTEX_POINT('',#216);
#218=CARTESIAN_POINT('',(-211.375,17.950000762939453,39.972084045410156));
#219=VERTEX_POINT('',#218);
#220=CARTESIAN_POINT('',(-211.625,17.950000762939453,39.972084045410156));
#221=VERTEX_POINT('',#220);
#222=CARTESIAN_POINT('',(-211.625,17.350000381469727,39.972084045410156));
#223=VERTEX_POINT('',#222);
#224=CARTESIAN_POINT('',(-211.375,17.350000381469727,39.972084045410156));
#225=VERTEX_POINT('',#224);
#226=CARTESIAN_POINT('',(-211.375,25.75,39.972084045410156));
#227=VERTEX_POINT('',#226);
#228=CARTESIAN_POINT('',(-204.875,25.75,39.972084045410156));
#229=VERTEX_POINT('',#228);
#230=CARTESIAN_POINT('',(-203.875,28.850000381469727,39.972084045410156));
#231=VERTEX_POINT('',#230);
#232=CARTESIAN_POINT('',(-204.875,28.350000381469727,39.972084045410156));
#233=VERTEX_POINT('',#232);
#234=CARTESIAN_POINT('',(-204.625,27.350000381469727,39.972084045410156));
#235=VERTEX_POINT('',#234);
#236=CARTESIAN_POINT('',(-204.875,27.350000381469727,39.972084045410156));
#237=VERTEX_POINT('',#236);
#238=CARTESIAN_POINT('',(-204.625,26.75,39.972084045410156));
#239=VERTEX_POINT('',#238);
#240=CARTESIAN_POINT('',(-211.625,26.75,39.972084045410156));
#241=VERTEX_POINT('',#240);
#242=CARTESIAN_POINT('',(-212.375,28.850000381469727,39.972084045410156));
#243=VERTEX_POINT('',#242);
#244=CARTESIAN_POINT('',(-211.375,28.350000381469727,39.972084045410156));
#245=VERTEX_POINT('',#244);
#246=CARTESIAN_POINT('',(-204.875,26.75,39.972084045410156));
#247=VERTEX_POINT('',#246);
#248=CARTESIAN_POINT('',(-211.625,27.350000381469727,39.972084045410156));
#249=VERTEX_POINT('',#248);
#250=CARTESIAN_POINT('',(-211.375,27.350000381469727,39.972084045410156));
#251=VERTEX_POINT('',#250);
#252=CARTESIAN_POINT('',(-211.375,26.75,39.972084045410156));
#253=VERTEX_POINT('',#252);
#254=CARTESIAN_POINT('',(-204.875,21.049999237060547,38.67208480834961));
#255=VERTEX_POINT('',#254);
#256=CARTESIAN_POINT('',(-211.375,21.049999237060547,38.67208480834961));
#257=VERTEX_POINT('',#256);
#258=CARTESIAN_POINT('',(-211.375,23.649999618530273,38.67208480834961));
#259=VERTEX_POINT('',#258);
#260=CARTESIAN_POINT('',(-204.875,23.649999618530273,38.67208480834961));
#261=VERTEX_POINT('',#260);
#262=CARTESIAN_POINT('',(-203.875,15.850000381469727,42.2720832824707));
#263=VERTEX_POINT('',#262);
#264=CARTESIAN_POINT('',(-205.97500610351562,15.850000381469727,42.2720832824707));
#265=VERTEX_POINT('',#264);
#266=CARTESIAN_POINT('',(-210.27499389648438,15.850000381469727,42.2720832824707));
#267=VERTEX_POINT('',#266);
#268=CARTESIAN_POINT('',(-212.375,15.850000381469727,42.2720832824707));
#269=VERTEX_POINT('',#268);
#270=CARTESIAN_POINT('',(-212.375,16.350000381469727,42.2720832824707));
#271=VERTEX_POINT('',#270);
#272=CARTESIAN_POINT('',(-212.375,28.350000381469727,42.2720832824707));
#273=VERTEX_POINT('',#272);
#274=CARTESIAN_POINT('',(-212.375,22.350000381469727,47.7720832824707));
#275=VERTEX_POINT('',#274);
#276=CARTESIAN_POINT('',(-212.375,16.350000381469727,48.2720832824707));
#277=VERTEX_POINT('',#276);
#278=CARTESIAN_POINT('',(-212.375,28.350000381469727,48.2720832824707));
#279=VERTEX_POINT('',#278);
#280=CARTESIAN_POINT('',(-212.375,28.850000381469727,42.2720832824707));
#281=VERTEX_POINT('',#280);
#282=CARTESIAN_POINT('',(-212.375,22.14402961730957,47.74199295043945));
#283=VERTEX_POINT('',#282);
#284=CARTESIAN_POINT('',(-212.375,22.01972007751465,47.6954460144043));
#285=VERTEX_POINT('',#284);
#286=CARTESIAN_POINT('',(-212.375,21.76968002319336,47.49529266357422));
#287=VERTEX_POINT('',#286);
#288=CARTESIAN_POINT('',(-212.375,21.61964988708496,47.191585540771484));
#289=VERTEX_POINT('',#288);
#290=CARTESIAN_POINT('',(-212.375,21.606250762939453,47.116825103759766));
#291=VERTEX_POINT('',#290);
#292=CARTESIAN_POINT('',(-212.375,21.61199951171875,46.889835357666016));
#293=VERTEX_POINT('',#292);
#294=CARTESIAN_POINT('',(-212.375,21.668699264526367,46.709075927734375));
#295=VERTEX_POINT('',#294);
#296=CARTESIAN_POINT('',(-212.375,21.70387077331543,46.641754150390625));
#297=VERTEX_POINT('',#296);
#298=CARTESIAN_POINT('',(-212.375,21.87618064880371,46.44102478027344));
#299=VERTEX_POINT('',#298);
#300=CARTESIAN_POINT('',(-212.375,22.01968002319336,46.3487434387207));
#301=VERTEX_POINT('',#300);
#302=CARTESIAN_POINT('',(-212.375,22.107479095458984,46.3126335144043));
#303=VERTEX_POINT('',#302);
#304=CARTESIAN_POINT('',(-212.375,22.330989837646484,46.27256393432617));
#305=VERTEX_POINT('',#304);
#306=CARTESIAN_POINT('',(-212.375,22.50094985961914,46.28743362426758));
#307=VERTEX_POINT('',#306);
#308=CARTESIAN_POINT('',(-212.375,22.762569427490234,46.39604568481445));
#309=VERTEX_POINT('',#308);
#310=CARTESIAN_POINT('',(-212.375,22.851959228515625,46.466453552246094));
#311=VERTEX_POINT('',#310);
#312=CARTESIAN_POINT('',(-212.375,22.996109008789062,46.64171600341797));
#313=VERTEX_POINT('',#312);
#314=CARTESIAN_POINT('',(-212.375,23.087989807128906,46.88978576660156));
#315=VERTEX_POINT('',#314);
#316=CARTESIAN_POINT('',(-212.375,23.099519729614258,47.04106521606445));
#317=VERTEX_POINT('',#316);
#318=CARTESIAN_POINT('',(-212.375,23.0462703704834,47.300193786621094));
#319=VERTEX_POINT('',#318);
#320=CARTESIAN_POINT('',(-212.375,22.838539123535156,47.59114456176758));
#321=VERTEX_POINT('',#320);
#322=CARTESIAN_POINT('',(-212.375,22.57455062866211,47.737674713134766));
#323=VERTEX_POINT('',#322);
#324=CARTESIAN_POINT('',(-212.375,22.538000106811523,47.748146057128906));
#325=VERTEX_POINT('',#324);
#326=CARTESIAN_POINT('',(-212.375,22.500999450683594,47.7567253112793));
#327=VERTEX_POINT('',#326);
#328=CARTESIAN_POINT('',(-210.27499389648438,28.850000381469727,42.2720832824707));
#329=VERTEX_POINT('',#328);
#330=CARTESIAN_POINT('',(-205.97500610351562,28.850000381469727,42.2720832824707));
#331=VERTEX_POINT('',#330);
#332=CARTESIAN_POINT('',(-203.875,28.850000381469727,42.2720832824707));
#333=VERTEX_POINT('',#332);
#334=CARTESIAN_POINT('',(-203.875,28.350000381469727,42.2720832824707));
#335=VERTEX_POINT('',#334);
#336=CARTESIAN_POINT('',(-203.875,16.350000381469727,42.2720832824707));
#337=VERTEX_POINT('',#336);
#338=CARTESIAN_POINT('',(-203.875,22.154369354248047,47.74611282348633));
#339=VERTEX_POINT('',#338);
#340=CARTESIAN_POINT('',(-203.875,22.453310012817383,47.76493453979492));
#341=VERTEX_POINT('',#340);
#342=CARTESIAN_POINT('',(-203.875,16.350000381469727,48.2720832824707));
#343=VERTEX_POINT('',#342);
#344=CARTESIAN_POINT('',(-203.875,21.606149673461914,47.11603546142578));
#345=VERTEX_POINT('',#344);
#346=CARTESIAN_POINT('',(-203.875,21.6004695892334,47.04094314575195));
#347=VERTEX_POINT('',#346);
#348=CARTESIAN_POINT('',(-203.875,21.70224952697754,47.39966583251953));
#349=VERTEX_POINT('',#348);
#350=CARTESIAN_POINT('',(-203.875,21.743419647216797,47.462764739990234));
#351=VERTEX_POINT('',#350);
#352=CARTESIAN_POINT('',(-203.875,21.79071044921875,47.52142333984375));
#353=VERTEX_POINT('',#352);
#354=CARTESIAN_POINT('',(-203.875,21.843650817871094,47.575035095214844));
#355=VERTEX_POINT('',#354);
#356=CARTESIAN_POINT('',(-203.875,21.886579513549805,47.611785888671875));
#357=VERTEX_POINT('',#356);
#358=CARTESIAN_POINT('',(-203.875,28.350000381469727,48.2720832824707));
#359=VERTEX_POINT('',#358);
#360=CARTESIAN_POINT('',(-203.875,22.75172996520996,47.65514373779297));
#361=VERTEX_POINT('',#360);
#362=CARTESIAN_POINT('',(-203.875,22.967439651489258,47.447425842285156));
#363=VERTEX_POINT('',#362);
#364=CARTESIAN_POINT('',(-203.875,23.065919876098633,47.244815826416016));
#365=VERTEX_POINT('',#364);
#366=CARTESIAN_POINT('',(-203.875,23.084659576416016,47.17183303833008));
#367=VERTEX_POINT('',#366);
#368=CARTESIAN_POINT('',(-203.875,23.095979690551758,46.94686508178711));
#369=VERTEX_POINT('',#368);
#370=CARTESIAN_POINT('',(-203.875,23.070650100708008,46.822532653808594));
#371=VERTEX_POINT('',#370);
#372=CARTESIAN_POINT('',(-203.875,22.98805046081543,46.62834548950195));
#373=VERTEX_POINT('',#372);
#374=CARTESIAN_POINT('',(-203.875,22.78306007385254,46.4100341796875));
#375=VERTEX_POINT('',#374);
#376=CARTESIAN_POINT('',(-203.875,22.508970260620117,46.28937530517578));
#377=VERTEX_POINT('',#376);
#378=CARTESIAN_POINT('',(-203.875,22.172698974609375,46.293582916259766));
#379=VERTEX_POINT('',#378);
#380=CARTESIAN_POINT('',(-203.875,22.10049057006836,46.31505584716797));
#381=VERTEX_POINT('',#380);
#382=CARTESIAN_POINT('',(-203.875,22.030790328979492,46.343666076660156));
#383=VERTEX_POINT('',#382);
#384=CARTESIAN_POINT('',(-203.875,21.81719970703125,46.495914459228516));
#385=VERTEX_POINT('',#384);
#386=CARTESIAN_POINT('',(-203.875,21.702280044555664,46.64446258544922));
#387=VERTEX_POINT('',#386);
#388=CARTESIAN_POINT('',(-203.875,21.624570846557617,46.840675354003906));
#389=VERTEX_POINT('',#388);
#390=CARTESIAN_POINT('',(-204.875,25.75,38.67208480834961));
#391=VERTEX_POINT('',#390);
#392=CARTESIAN_POINT('',(-211.375,25.75,38.67208480834961));
#393=VERTEX_POINT('',#392);
#394=CARTESIAN_POINT('',(-204.875,26.75,38.67208480834961));
#395=VERTEX_POINT('',#394);
#396=CARTESIAN_POINT('',(-211.625,26.75,40.67208480834961));
#397=VERTEX_POINT('',#396);
#398=CARTESIAN_POINT('',(-204.625,26.75,40.67208480834961));
#399=VERTEX_POINT('',#398);
#400=CARTESIAN_POINT('',(-211.375,26.75,38.67208480834961));
#401=VERTEX_POINT('',#400);
#402=CARTESIAN_POINT('',(-204.625,27.350000381469727,40.67208480834961));
#403=VERTEX_POINT('',#402);
#404=CARTESIAN_POINT('',(-211.625,27.350000381469727,40.67208480834961));
#405=VERTEX_POINT('',#404);
#406=CARTESIAN_POINT('',(-204.875,27.350000381469727,38.67208480834961));
#407=VERTEX_POINT('',#406);
#408=CARTESIAN_POINT('',(-211.375,27.350000381469727,38.67208480834961));
#409=VERTEX_POINT('',#408);
#410=CARTESIAN_POINT('',(-204.875,28.350000381469727,38.67208480834961));
#411=VERTEX_POINT('',#410);
#412=CARTESIAN_POINT('',(-211.375,28.350000381469727,38.67208480834961));
#413=VERTEX_POINT('',#412);
#414=CARTESIAN_POINT('',(-211.375,16.350000381469727,38.67208480834961));
#415=VERTEX_POINT('',#414);
#416=CARTESIAN_POINT('',(-204.875,16.350000381469727,38.67208480834961));
#417=VERTEX_POINT('',#416);
#418=CARTESIAN_POINT('',(-204.875,17.350000381469727,38.67208480834961));
#419=VERTEX_POINT('',#418);
#420=CARTESIAN_POINT('',(-211.625,17.350000381469727,40.67208480834961));
#421=VERTEX_POINT('',#420);
#422=CARTESIAN_POINT('',(-204.625,17.350000381469727,40.67208480834961));
#423=VERTEX_POINT('',#422);
#424=CARTESIAN_POINT('',(-211.375,17.350000381469727,38.67208480834961));
#425=VERTEX_POINT('',#424);
#426=CARTESIAN_POINT('',(-204.625,17.950000762939453,40.67208480834961));
#427=VERTEX_POINT('',#426);
#428=CARTESIAN_POINT('',(-211.625,17.950000762939453,40.67208480834961));
#429=VERTEX_POINT('',#428);
#430=CARTESIAN_POINT('',(-204.875,17.950000762939453,38.67208480834961));
#431=VERTEX_POINT('',#430);
#432=CARTESIAN_POINT('',(-211.375,17.950000762939453,38.67208480834961));
#433=VERTEX_POINT('',#432);
#434=CARTESIAN_POINT('',(-204.875,18.950000762939453,38.67208480834961));
#435=VERTEX_POINT('',#434);
#436=CARTESIAN_POINT('',(-211.375,18.950000762939453,38.67208480834961));
#437=VERTEX_POINT('',#436);
#438=CARTESIAN_POINT('',(-205.97500610351562,16.149999618530273,42.2720832824707));
#439=VERTEX_POINT('',#438);
#440=CARTESIAN_POINT('',(-210.27499389648438,16.149999618530273,42.2720832824707));
#441=VERTEX_POINT('',#440);
#442=CARTESIAN_POINT('',(-210.27499389648438,15.050000190734863,44.73308563232422));
#443=VERTEX_POINT('',#442);
#444=CARTESIAN_POINT('',(-205.97500610351562,15.050000190734863,44.73308563232422));
#445=VERTEX_POINT('',#444);
#446=CARTESIAN_POINT('',(-213.25,30,48.2720832824707));
#447=VERTEX_POINT('',#446);
#448=CARTESIAN_POINT('',(-203,30,48.2720832824707));
#449=VERTEX_POINT('',#448);
#450=CARTESIAN_POINT('',(-205.97500610351562,29.149999618530273,48.2720832824707));
#451=VERTEX_POINT('',#450);
#452=CARTESIAN_POINT('',(-210.27499389648438,29.149999618530273,48.2720832824707));
#453=VERTEX_POINT('',#452);
#454=CARTESIAN_POINT('',(-210.27499389648438,28.850000381469727,48.2720832824707));
#455=VERTEX_POINT('',#454);
#456=CARTESIAN_POINT('',(-203,14.699999809265137,48.2720832824707));
#457=VERTEX_POINT('',#456);
#458=CARTESIAN_POINT('',(-205.97500610351562,28.850000381469727,48.2720832824707));
#459=VERTEX_POINT('',#458);
#460=CARTESIAN_POINT('',(-205.97500610351562,15.850000381469727,48.2720832824707));
#461=VERTEX_POINT('',#460);
#462=CARTESIAN_POINT('',(-210.27499389648438,15.850000381469727,48.2720832824707));
#463=VERTEX_POINT('',#462);
#464=CARTESIAN_POINT('',(-213.25,14.699999809265137,48.2720832824707));
#465=VERTEX_POINT('',#464);
#466=CARTESIAN_POINT('',(-205.97500610351562,15.550000190734863,48.2720832824707));
#467=VERTEX_POINT('',#466);
#468=CARTESIAN_POINT('',(-210.27499389648438,15.550000190734863,48.2720832824707));
#469=VERTEX_POINT('',#468);
#470=CARTESIAN_POINT('',(-205.97500610351562,28.549999237060547,42.2720832824707));
#471=VERTEX_POINT('',#470);
#472=CARTESIAN_POINT('',(-210.27499389648438,28.549999237060547,42.2720832824707));
#473=VERTEX_POINT('',#472);
#474=CARTESIAN_POINT('',(-211.375,21.852630615234375,47.576045989990234));
#475=VERTEX_POINT('',#474);
#476=CARTESIAN_POINT('',(-211.375,21.67306900024414,47.33309555053711));
#477=VERTEX_POINT('',#476);
#478=CARTESIAN_POINT('',(-211.375,21.629709243774414,46.8952751159668));
#479=VERTEX_POINT('',#478);
#480=CARTESIAN_POINT('',(-211.375,22.07221031188965,47.717445373535156));
#481=VERTEX_POINT('',#480);
#482=CARTESIAN_POINT('',(-211.375,22.250749588012695,47.7638053894043));
#483=VERTEX_POINT('',#482);
#484=CARTESIAN_POINT('',(-211.375,22.350000381469727,47.7720832824707));
#485=VERTEX_POINT('',#484);
#486=CARTESIAN_POINT('',(-211.375,22.776819229125977,47.63527297973633));
#487=VERTEX_POINT('',#486);
#488=CARTESIAN_POINT('',(-211.375,23.083269119262695,46.89067459106445));
#489=VERTEX_POINT('',#488);
#490=CARTESIAN_POINT('',(-211.375,23.069900512695312,47.22809600830078));
#491=VERTEX_POINT('',#490);
#492=CARTESIAN_POINT('',(-211.375,22.902780532836914,46.5226936340332));
#493=VERTEX_POINT('',#492);
#494=CARTESIAN_POINT('',(-211.375,22.72987937927246,46.37680435180664));
#495=VERTEX_POINT('',#494);
#496=CARTESIAN_POINT('',(-211.375,22.406879425048828,46.275455474853516));
#497=VERTEX_POINT('',#496);
#498=CARTESIAN_POINT('',(-211.375,21.923179626464844,46.40888595581055));
#499=VERTEX_POINT('',#498);
#500=CARTESIAN_POINT('',(-211.375,22.963960647583008,47.440765380859375));
#501=VERTEX_POINT('',#500);
#502=CARTESIAN_POINT('',(-205.97500610351562,29.649999618530273,44.73308563232422));
#503=VERTEX_POINT('',#502);
#504=CARTESIAN_POINT('',(-210.27499389648438,29.649999618530273,44.73308563232422));
#505=VERTEX_POINT('',#504);
#506=CARTESIAN_POINT('',(-204.875,22.580249786376953,47.73064422607422));
#507=VERTEX_POINT('',#506);
#508=CARTESIAN_POINT('',(-204.875,22.83919906616211,47.584014892578125));
#509=VERTEX_POINT('',#508);
#510=CARTESIAN_POINT('',(-204.875,22.995479583740234,47.39838409423828));
#511=VERTEX_POINT('',#510);
#512=CARTESIAN_POINT('',(-204.875,23.083730697631836,46.87251281738281));
#513=VERTEX_POINT('',#512);
#514=CARTESIAN_POINT('',(-204.875,22.91802978515625,46.53999328613281));
#515=VERTEX_POINT('',#514);
#516=CARTESIAN_POINT('',(-204.875,22.751209259033203,46.38982391357422));
#517=VERTEX_POINT('',#516);
#518=CARTESIAN_POINT('',(-204.875,22.41558074951172,46.27780532836914));
#519=VERTEX_POINT('',#518);
#520=CARTESIAN_POINT('',(-204.875,22.24679946899414,46.28041458129883));
#521=VERTEX_POINT('',#520);
#522=CARTESIAN_POINT('',(-204.875,21.814800262451172,46.503395080566406));
#523=VERTEX_POINT('',#522);
#524=CARTESIAN_POINT('',(-204.875,21.634620666503906,46.839534759521484));
#525=VERTEX_POINT('',#524);
#526=CARTESIAN_POINT('',(-204.875,22.209699630737305,47.75764465332031));
#527=VERTEX_POINT('',#526);
#528=CARTESIAN_POINT('',(-204.875,21.933019638061523,47.6440544128418));
#529=VERTEX_POINT('',#528);
#530=CARTESIAN_POINT('',(-204.875,21.626310348510742,47.2078857421875));
#531=VERTEX_POINT('',#530);
#532=CARTESIAN_POINT('',(-210.5749969482422,17.399999618530273,40.67208480834961));
#533=VERTEX_POINT('',#532);
#534=CARTESIAN_POINT('',(-205.6750030517578,17.399999618530273,40.67208480834961));
#535=VERTEX_POINT('',#534);
#536=CARTESIAN_POINT('',(-210.5749969482422,17.899999618530273,40.67208480834961));
#537=VERTEX_POINT('',#536);
#538=CARTESIAN_POINT('',(-205.6750030517578,17.899999618530273,40.67208480834961));
#539=VERTEX_POINT('',#538);
#540=CARTESIAN_POINT('',(-210.27499389648438,15.350000381469727,44.73308563232422));
#541=VERTEX_POINT('',#540);
#542=CARTESIAN_POINT('',(-210.27499389648438,15.850000381469727,47.2720832824707));
#543=VERTEX_POINT('',#542);
#544=CARTESIAN_POINT('',(-210.27499389648438,15.550000190734863,47.2720832824707));
#545=VERTEX_POINT('',#544);
#546=CARTESIAN_POINT('',(-205.97500610351562,15.350000381469727,44.73308563232422));
#547=VERTEX_POINT('',#546);
#548=CARTESIAN_POINT('',(-205.97500610351562,15.850000381469727,47.2720832824707));
#549=VERTEX_POINT('',#548);
#550=CARTESIAN_POINT('',(-205.97500610351562,15.550000190734863,47.2720832824707));
#551=VERTEX_POINT('',#550);
#552=CARTESIAN_POINT('',(-213.25,14.699999809265137,48.7720832824707));
#553=VERTEX_POINT('',#552);
#554=CARTESIAN_POINT('',(-203,14.699999809265137,48.7720832824707));
#555=VERTEX_POINT('',#554);
#556=CARTESIAN_POINT('',(-213.25,30,48.7720832824707));
#557=VERTEX_POINT('',#556);
#558=CARTESIAN_POINT('',(-203,30,48.7720832824707));
#559=VERTEX_POINT('',#558);
#560=CARTESIAN_POINT('',(-205.97500610351562,28.850000381469727,47.2720832824707));
#561=VERTEX_POINT('',#560);
#562=CARTESIAN_POINT('',(-210.27499389648438,28.850000381469727,47.2720832824707));
#563=VERTEX_POINT('',#562);
#564=CARTESIAN_POINT('',(-205.97500610351562,29.350000381469727,44.73308563232422));
#565=VERTEX_POINT('',#564);
#566=CARTESIAN_POINT('',(-205.97500610351562,29.149999618530273,47.2720832824707));
#567=VERTEX_POINT('',#566);
#568=CARTESIAN_POINT('',(-210.27499389648438,29.149999618530273,47.2720832824707));
#569=VERTEX_POINT('',#568);
#570=CARTESIAN_POINT('',(-210.27499389648438,29.350000381469727,44.73308563232422));
#571=VERTEX_POINT('',#570);
#572=CARTESIAN_POINT('',(-211.375,22.218429565429688,47.75848388671875));
#573=VERTEX_POINT('',#572);
#574=CARTESIAN_POINT('',(-211.375,22.030210494995117,47.68601608276367));
#575=VERTEX_POINT('',#574);
#576=CARTESIAN_POINT('',(-211.375,22.776939392089844,47.61624526977539));
#577=VERTEX_POINT('',#576);
#578=CARTESIAN_POINT('',(-211.375,22.909420013427734,47.47268295288086));
#579=VERTEX_POINT('',#578);
#580=CARTESIAN_POINT('',(-211.375,22.975879669189453,47.34669494628906));
#581=VERTEX_POINT('',#580);
#582=CARTESIAN_POINT('',(-211.375,23.01919937133789,47.142913818359375));
#583=VERTEX_POINT('',#582);
#584=CARTESIAN_POINT('',(-211.375,22.92586898803711,46.75153350830078));
#585=VERTEX_POINT('',#584);
#586=CARTESIAN_POINT('',(-211.375,23.002540588378906,46.93095397949219));
#587=VERTEX_POINT('',#586);
#588=CARTESIAN_POINT('',(-211.375,22.613569259643555,46.476375579833984));
#589=VERTEX_POINT('',#588);
#590=CARTESIAN_POINT('',(-211.375,22.24700927734375,46.43446350097656));
#591=VERTEX_POINT('',#590);
#592=CARTESIAN_POINT('',(-211.375,22.035219192504883,46.500244140625));
#593=VERTEX_POINT('',#592);
#594=CARTESIAN_POINT('',(-211.375,21.682079315185547,47.00812530517578));
#595=VERTEX_POINT('',#594);
#596=CARTESIAN_POINT('',(-211.375,21.712249755859375,46.877952575683594));
#597=VERTEX_POINT('',#596);
#598=CARTESIAN_POINT('',(-211.375,21.788249969482422,46.72978591918945));
#599=VERTEX_POINT('',#598);
#600=CARTESIAN_POINT('',(-211.375,21.945350646972656,46.55830383300781));
#601=VERTEX_POINT('',#600);
#602=CARTESIAN_POINT('',(-211.375,21.846599578857422,47.5415153503418));
#603=VERTEX_POINT('',#602);
#604=CARTESIAN_POINT('',(-211.375,21.74517059326172,47.39532470703125));
#605=VERTEX_POINT('',#604);
#606=CARTESIAN_POINT('',(-211.375,22.76161003112793,46.56641387939453));
#607=VERTEX_POINT('',#606);
#608=CARTESIAN_POINT('',(-211.375,21.69624900817871,47.2585334777832));
#609=VERTEX_POINT('',#608);
#610=CARTESIAN_POINT('',(-206.22500610351562,17.899999618530273,39.972084045410156));
#611=VERTEX_POINT('',#610);
#612=CARTESIAN_POINT('',(-210.02499389648438,17.899999618530273,39.972084045410156));
#613=VERTEX_POINT('',#612);
#614=CARTESIAN_POINT('',(-211.47500610351562,17.899999618530273,39.67208480834961));
#615=VERTEX_POINT('',#614);
#616=CARTESIAN_POINT('',(-204.77499389648438,17.899999618530273,39.67208480834961));
#617=VERTEX_POINT('',#616);
#618=CARTESIAN_POINT('',(-210.02499389648438,17.899999618530273,32.92208480834961));
#619=VERTEX_POINT('',#618);
#620=CARTESIAN_POINT('',(-208.4710693359375,17.899999618530273,34.31514358520508));
#621=VERTEX_POINT('',#620);
#622=CARTESIAN_POINT('',(-210.01229858398438,17.899999618530273,32.84726333618164));
#623=VERTEX_POINT('',#622);
#624=CARTESIAN_POINT('',(-209.85958862304688,17.899999618530273,32.68985366821289));
#625=VERTEX_POINT('',#624);
#626=CARTESIAN_POINT('',(-206.47500610351562,17.899999618530273,32.67208480834961));
#627=VERTEX_POINT('',#626);
#628=CARTESIAN_POINT('',(-207.67849731445312,17.899999618530273,34.44973373413086));
#629=VERTEX_POINT('',#628);
#630=CARTESIAN_POINT('',(-206.35667419433594,17.899999618530273,32.70689392089844));
#631=VERTEX_POINT('',#630);
#632=CARTESIAN_POINT('',(-206.23770141601562,17.899999618530273,32.84726333618164));
#633=VERTEX_POINT('',#632);
#634=CARTESIAN_POINT('',(-208.625,17.899999618530273,36.67208480834961));
#635=VERTEX_POINT('',#634);
#636=CARTESIAN_POINT('',(-208.60107421875,17.899999618530273,36.81552505493164));
#637=VERTEX_POINT('',#636);
#638=CARTESIAN_POINT('',(-208.50392150878906,17.899999618530273,36.99175262451172));
#639=VERTEX_POINT('',#638);
#640=CARTESIAN_POINT('',(-208.33189392089844,17.899999618530273,37.1218147277832));
#641=VERTEX_POINT('',#640);
#642=CARTESIAN_POINT('',(-208.1556854248047,17.899999618530273,37.16995620727539));
#643=VERTEX_POINT('',#642);
#644=CARTESIAN_POINT('',(-207.8820037841797,17.899999618530273,37.10832595825195));
#645=VERTEX_POINT('',#644);
#646=CARTESIAN_POINT('',(-207.678466796875,17.899999618530273,36.894412994384766));
#647=VERTEX_POINT('',#646);
#648=CARTESIAN_POINT('',(-207.625,17.899999618530273,36.67208480834961));
#649=VERTEX_POINT('',#648);
#650=CARTESIAN_POINT('',(-206.22500610351562,17.899999618530273,32.92208480834961));
#651=VERTEX_POINT('',#650);
#652=CARTESIAN_POINT('',(-207.625,17.899999618530273,34.67208480834961));
#653=VERTEX_POINT('',#652);
#654=CARTESIAN_POINT('',(-207.83680725097656,17.899999618530273,34.26494598388672));
#655=VERTEX_POINT('',#654);
#656=CARTESIAN_POINT('',(-208.0042724609375,17.899999618530273,34.191993713378906));
#657=VERTEX_POINT('',#656);
#658=CARTESIAN_POINT('',(-208.20123291015625,17.899999618530273,34.18080520629883));
#659=VERTEX_POINT('',#658);
#660=CARTESIAN_POINT('',(-209.77499389648438,17.899999618530273,32.67208480834961));
#661=VERTEX_POINT('',#660);
#662=CARTESIAN_POINT('',(-208.36099243164062,17.899999618530273,34.23262405395508));
#663=VERTEX_POINT('',#662);
#664=CARTESIAN_POINT('',(-208.571533203125,17.899999618530273,34.44975280761719));
#665=VERTEX_POINT('',#664);
#666=CARTESIAN_POINT('',(-208.625,17.899999618530273,34.67208480834961));
#667=VERTEX_POINT('',#666);
#668=CARTESIAN_POINT('',(-210.02499389648438,17.399999618530273,39.972084045410156));
#669=VERTEX_POINT('',#668);
#670=CARTESIAN_POINT('',(-206.22500610351562,17.399999618530273,39.972084045410156));
#671=VERTEX_POINT('',#670);
#672=CARTESIAN_POINT('',(-204.77499389648438,17.399999618530273,39.67208480834961));
#673=VERTEX_POINT('',#672);
#674=CARTESIAN_POINT('',(-211.47500610351562,17.399999618530273,39.67208480834961));
#675=VERTEX_POINT('',#674);
#676=CARTESIAN_POINT('',(-206.22500610351562,17.399999618530273,32.92208480834961));
#677=VERTEX_POINT('',#676);
#678=CARTESIAN_POINT('',(-207.678466796875,17.399999618530273,34.44975280761719));
#679=VERTEX_POINT('',#678);
#680=CARTESIAN_POINT('',(-206.23770141601562,17.399999618530273,32.84726333618164));
#681=VERTEX_POINT('',#680);
#682=CARTESIAN_POINT('',(-206.26434326171875,17.399999618530273,32.78788375854492));
#683=VERTEX_POINT('',#682);
#684=CARTESIAN_POINT('',(-206.3704833984375,17.399999618530273,32.69811248779297));
#685=VERTEX_POINT('',#684);
#686=CARTESIAN_POINT('',(-206.47500610351562,17.399999618530273,32.67208480834961));
#687=VERTEX_POINT('',#686);
#688=CARTESIAN_POINT('',(-209.77499389648438,17.399999618530273,32.67208480834961));
#689=VERTEX_POINT('',#688);
#690=CARTESIAN_POINT('',(-208.45567321777344,17.399999618530273,34.29792404174805));
#691=VERTEX_POINT('',#690);
#692=CARTESIAN_POINT('',(-209.99252319335938,17.399999618530273,32.81029510498047));
#693=VERTEX_POINT('',#692);
#694=CARTESIAN_POINT('',(-207.625,17.399999618530273,36.67208480834961));
#695=VERTEX_POINT('',#694);
#696=CARTESIAN_POINT('',(-207.625,17.399999618530273,34.67208480834961));
#697=VERTEX_POINT('',#696);
#698=CARTESIAN_POINT('',(-207.64892578125,17.399999618530273,36.81552505493164));
#699=VERTEX_POINT('',#698);
#700=CARTESIAN_POINT('',(-207.8042449951172,17.399999618530273,37.043975830078125));
#701=VERTEX_POINT('',#700);
#702=CARTESIAN_POINT('',(-208.01870727539062,17.399999618530273,37.157745361328125));
#703=VERTEX_POINT('',#702);
#704=CARTESIAN_POINT('',(-208.1557159423828,17.399999618530273,37.16995620727539));
#705=VERTEX_POINT('',#704);
#706=CARTESIAN_POINT('',(-208.32211303710938,17.399999618530273,37.127872467041016));
#707=VERTEX_POINT('',#706);
#708=CARTESIAN_POINT('',(-208.4710693359375,17.399999618530273,37.02902603149414));
#709=VERTEX_POINT('',#708);
#710=CARTESIAN_POINT('',(-208.571533203125,17.399999618530273,36.894412994384766));
#711=VERTEX_POINT('',#710);
#712=CARTESIAN_POINT('',(-208.625,17.399999618530273,36.67208480834961));
#713=VERTEX_POINT('',#712);
#714=CARTESIAN_POINT('',(-210.02499389648438,17.399999618530273,32.92208480834961));
#715=VERTEX_POINT('',#714);
#716=CARTESIAN_POINT('',(-208.625,17.399999618530273,34.67208480834961));
#717=VERTEX_POINT('',#716);
#718=CARTESIAN_POINT('',(-208.3187255859375,17.399999618530273,34.21422576904297));
#719=VERTEX_POINT('',#718);
#720=CARTESIAN_POINT('',(-208.57150268554688,17.399999618530273,34.44973373413086));
#721=VERTEX_POINT('',#720);
#722=CARTESIAN_POINT('',(-208.06369018554688,17.399999618530273,34.17705535888672));
#723=VERTEX_POINT('',#722);
#724=CARTESIAN_POINT('',(-207.8907928466797,17.399999618530273,34.235965728759766));
#725=VERTEX_POINT('',#724);
#726=CARTESIAN_POINT('',(-204.5,16.200000762939453,50.2720832824707));
#727=VERTEX_POINT('',#726);
#728=CARTESIAN_POINT('',(-211.75,16.200000762939453,50.2720832824707));
#729=VERTEX_POINT('',#728);
#730=CARTESIAN_POINT('',(-211.75,28.5,50.2720832824707));
#731=VERTEX_POINT('',#730);
#732=CARTESIAN_POINT('',(-204.5,28.5,50.2720832824707));
#733=VERTEX_POINT('',#732);
#734=CARTESIAN_POINT('',(-212.375,21.761110305786133,47.41935348510742));
#735=VERTEX_POINT('',#734);
#736=CARTESIAN_POINT('',(-212.375,21.688589096069336,47.22862243652344));
#737=VERTEX_POINT('',#736);
#738=CARTESIAN_POINT('',(-212.375,21.968320846557617,47.65240478515625));
#739=VERTEX_POINT('',#738);
#740=CARTESIAN_POINT('',(-212.375,22.174039840698242,47.745452880859375));
#741=VERTEX_POINT('',#740);
#742=CARTESIAN_POINT('',(-212.375,22.57733917236328,47.73139572143555));
#743=VERTEX_POINT('',#742);
#744=CARTESIAN_POINT('',(-212.375,22.705589294433594,47.66943359375));
#745=VERTEX_POINT('',#744);
#746=CARTESIAN_POINT('',(-212.375,22.817960739135742,47.58189392089844));
#747=VERTEX_POINT('',#746);
#748=CARTESIAN_POINT('',(-212.375,23.019750595092773,47.02742385864258));
#749=VERTEX_POINT('',#748);
#750=CARTESIAN_POINT('',(-212.375,22.93341064453125,46.77013397216797));
#751=VERTEX_POINT('',#750);
#752=CARTESIAN_POINT('',(-212.375,22.786128997802734,46.58562469482422));
#753=VERTEX_POINT('',#752);
#754=CARTESIAN_POINT('',(-212.375,22.621540069580078,46.480403900146484));
#755=VERTEX_POINT('',#754);
#756=CARTESIAN_POINT('',(-212.375,22.33514976501465,46.42290496826172));
#757=VERTEX_POINT('',#756);
#758=CARTESIAN_POINT('',(-212.375,22.059349060058594,46.488582611083984));
#759=VERTEX_POINT('',#758);
#760=CARTESIAN_POINT('',(-212.375,21.893239974975586,46.60685348510742));
#761=VERTEX_POINT('',#760);
#762=CARTESIAN_POINT('',(-212.375,21.7596492767334,46.77224349975586));
#763=VERTEX_POINT('',#762);
#764=CARTESIAN_POINT('',(-212.375,21.701269149780273,46.9211540222168));
#765=VERTEX_POINT('',#764);
#766=CARTESIAN_POINT('',(-212.375,22.98069953918457,47.329505920410156));
#767=VERTEX_POINT('',#766);
#768=CARTESIAN_POINT('',(-205,28,50.2720832824707));
#769=VERTEX_POINT('',#768);
#770=CARTESIAN_POINT('',(-205,16.700000762939453,50.2720832824707));
#771=VERTEX_POINT('',#770);
#772=CARTESIAN_POINT('',(-211.25,16.700000762939453,50.2720832824707));
#773=VERTEX_POINT('',#772);
#774=CARTESIAN_POINT('',(-211.25,28,50.2720832824707));
#775=VERTEX_POINT('',#774);
#776=CARTESIAN_POINT('',(-211.25,28,45.2720832824707));
#777=VERTEX_POINT('',#776);
#778=CARTESIAN_POINT('',(-211.25,16.700000762939453,45.2720832824707));
#779=VERTEX_POINT('',#778);
#780=CARTESIAN_POINT('',(-205,28,45.2720832824707));
#781=VERTEX_POINT('',#780);
#782=CARTESIAN_POINT('',(-205,16.700000762939453,45.2720832824707));
#783=VERTEX_POINT('',#782);
#784=CARTESIAN_POINT('',(-211.14999389648438,27.899999618530273,45.2720832824707));
#785=VERTEX_POINT('',#784);
#786=CARTESIAN_POINT('',(-205.10000610351562,27.899999618530273,45.2720832824707));
#787=VERTEX_POINT('',#786);
#788=CARTESIAN_POINT('',(-205.10000610351562,16.799999237060547,45.2720832824707));
#789=VERTEX_POINT('',#788);
#790=CARTESIAN_POINT('',(-211.14999389648438,16.799999237060547,45.2720832824707));
#791=VERTEX_POINT('',#790);
#792=CARTESIAN_POINT('',(-205.10000610351562,16.799999237060547,50.32208251953125));
#793=VERTEX_POINT('',#792);
#794=CARTESIAN_POINT('',(-211.14999389648438,16.799999237060547,50.32208251953125));
#795=VERTEX_POINT('',#794);
#796=CARTESIAN_POINT('',(-211.14999389648438,18.156888961791992,52.67208480834961));
#797=VERTEX_POINT('',#796);
#798=CARTESIAN_POINT('',(-211.14999389648438,19.162050247192383,52.23402404785156));
#799=VERTEX_POINT('',#798);
#800=CARTESIAN_POINT('',(-211.14999389648438,17.856809616088867,52.39153289794922));
#801=VERTEX_POINT('',#800);
#802=CARTESIAN_POINT('',(-211.14999389648438,17.4775390625,51.934112548828125));
#803=VERTEX_POINT('',#802);
#804=CARTESIAN_POINT('',(-211.14999389648438,17.146360397338867,51.37705612182617));
#805=VERTEX_POINT('',#804);
#806=CARTESIAN_POINT('',(-211.14999389648438,16.95808982849121,50.92862319946289));
#807=VERTEX_POINT('',#806);
#808=CARTESIAN_POINT('',(-211.14999389648438,19.9785099029541,51.91477584838867));
#809=VERTEX_POINT('',#808);
#810=CARTESIAN_POINT('',(-211.14999389648438,20.59804916381836,51.69355392456055));
#811=VERTEX_POINT('',#810);
#812=CARTESIAN_POINT('',(-211.14999389648438,20.80592918395996,51.62327575683594));
#813=VERTEX_POINT('',#812);
#814=CARTESIAN_POINT('',(-211.14999389648438,21.5373592376709,51.39177322387695));
#815=VERTEX_POINT('',#814);
#816=CARTESIAN_POINT('',(-211.14999389648438,22.96636962890625,51.00705337524414));
#817=VERTEX_POINT('',#816);
#818=CARTESIAN_POINT('',(-211.14999389648438,24.523069381713867,50.68598556518555));
#819=VERTEX_POINT('',#818);
#820=CARTESIAN_POINT('',(-211.14999389648438,25.606609344482422,50.51944351196289));
#821=VERTEX_POINT('',#820);
#822=CARTESIAN_POINT('',(-211.14999389648438,27.899999618530273,50.32208251953125));
#823=VERTEX_POINT('',#822);
#824=CARTESIAN_POINT('',(-205.10000610351562,27.899999618530273,50.32208251953125));
#825=VERTEX_POINT('',#824);
#826=CARTESIAN_POINT('',(-205.10000610351562,25.82464027404785,50.49179458618164));
#827=VERTEX_POINT('',#826);
#828=CARTESIAN_POINT('',(-205.10000610351562,24.03829002380371,50.77489471435547));
#829=VERTEX_POINT('',#828);
#830=CARTESIAN_POINT('',(-205.10000610351562,22.38212013244629,51.15444564819336));
#831=VERTEX_POINT('',#830);
#832=CARTESIAN_POINT('',(-205.10000610351562,21.432899475097656,51.42317581176758));
#833=VERTEX_POINT('',#832);
#834=CARTESIAN_POINT('',(-205.10000610351562,16.910890579223633,50.7845344543457));
#835=VERTEX_POINT('',#834);
#836=CARTESIAN_POINT('',(-205.10000610351562,19.569040298461914,52.070884704589844));
#837=VERTEX_POINT('',#836);
#838=CARTESIAN_POINT('',(-205.10000610351562,17.44552993774414,51.89024353027344));
#839=VERTEX_POINT('',#838);
#840=CARTESIAN_POINT('',(-205.10000610351562,17.20854949951172,51.502872467041016));
#841=VERTEX_POINT('',#840);
#842=CARTESIAN_POINT('',(-205.10000610351562,19.060850143432617,52.276092529296875));
#843=VERTEX_POINT('',#842);
#844=CARTESIAN_POINT('',(-205.10000610351562,18.156888961791992,52.67208480834961));
#845=VERTEX_POINT('',#844);
#846=CARTESIAN_POINT('',(-205.10000610351562,17.712200164794922,52.23051452636719));
#847=VERTEX_POINT('',#846);
#848=CARTESIAN_POINT('',(-205.10000610351562,16.98720932006836,51.009944915771484));
#849=VERTEX_POINT('',#848);
#850=CARTESIAN_POINT('',(-208.06936645507812,24.513900756835938,50.68639373779297));
#851=VERTEX_POINT('',#850);
#852=CARTESIAN_POINT('',(-208.06936645507812,26.375539779663086,50.43009567260742));
#853=VERTEX_POINT('',#852);
#854=CARTESIAN_POINT('',(-208.32354736328125,26.375539779663086,50.43009567260742));
#855=VERTEX_POINT('',#854);
#856=CARTESIAN_POINT('',(-208.25880432128906,21.38528060913086,51.437744140625));
#857=VERTEX_POINT('',#856);
#858=CARTESIAN_POINT('',(-207.36700439453125,20.751909255981445,51.641334533691406));
#859=VERTEX_POINT('',#858);
#860=CARTESIAN_POINT('',(-207.35104370117188,20.675809860229492,51.66704559326172));
#861=VERTEX_POINT('',#860);
#862=CARTESIAN_POINT('',(-209.0691680908203,20.405790328979492,51.76033401489258));
#863=VERTEX_POINT('',#862);
#864=CARTESIAN_POINT('',(-209.0702362060547,20.41295051574707,51.655242919921875));
#865=VERTEX_POINT('',#864);
#866=CARTESIAN_POINT('',(-208.91773986816406,19.87285041809082,51.954322814941406));
#867=VERTEX_POINT('',#866);
#868=CARTESIAN_POINT('',(-208.98397827148438,19.991840362548828,51.90982437133789));
#869=VERTEX_POINT('',#868);
#870=CARTESIAN_POINT('',(-208.08897399902344,19.5197696685791,52.090206146240234));
#871=VERTEX_POINT('',#870);
#872=CARTESIAN_POINT('',(-208.30039978027344,19.519399642944336,52.090354919433594));
#873=VERTEX_POINT('',#872);
#874=CARTESIAN_POINT('',(-207.41773986816406,19.991640090942383,51.90990447998047));
#875=VERTEX_POINT('',#874);
#876=CARTESIAN_POINT('',(-207.40272521972656,20.027450561523438,51.896644592285156));
#877=VERTEX_POINT('',#876);
#878=CARTESIAN_POINT('',(-209.0122833251953,20.064010620117188,51.883174896240234));
#879=VERTEX_POINT('',#878);
#880=CARTESIAN_POINT('',(-209.05038452148438,20.213720321655273,51.828704833984375));
#881=VERTEX_POINT('',#880);
#882=CARTESIAN_POINT('',(-207.5987548828125,20.41295051574707,51.655242919921875));
#883=VERTEX_POINT('',#882);
#884=CARTESIAN_POINT('',(-207.55929565429688,19.776750564575195,51.9907341003418));
#885=VERTEX_POINT('',#884);
#886=CARTESIAN_POINT('',(-208.820068359375,19.751829147338867,52.0002326965332));
#887=VERTEX_POINT('',#886);
#888=CARTESIAN_POINT('',(-208.52890014648438,19.567100524902344,52.0716552734375));
#889=VERTEX_POINT('',#888);
#890=CARTESIAN_POINT('',(-207.8908233642578,19.559860229492188,52.0744743347168));
#891=VERTEX_POINT('',#890);
#892=CARTESIAN_POINT('',(-207.71205139160156,19.64723014831543,52.04047393798828));
#893=VERTEX_POINT('',#892);
#894=CARTESIAN_POINT('',(-207.3334503173828,20.521799087524414,51.71983337402344));
#895=VERTEX_POINT('',#894);
#896=CARTESIAN_POINT('',(-207.33346557617188,20.367109298706055,51.77394485473633));
#897=VERTEX_POINT('',#896);
#898=CARTESIAN_POINT('',(-209.05690002441406,20.637239456176758,51.680152893066406));
#899=VERTEX_POINT('',#898);
#900=CARTESIAN_POINT('',(-209.06161499023438,20.59878921508789,51.69330596923828));
#901=VERTEX_POINT('',#900);
#902=CARTESIAN_POINT('',(-207.40267944335938,20.863449096679688,51.60417556762695));
#903=VERTEX_POINT('',#902);
#904=CARTESIAN_POINT('',(-207.38926696777344,20.82670021057129,51.616355895996094));
#905=VERTEX_POINT('',#904);
#906=CARTESIAN_POINT('',(-208.7064666748047,21.240190505981445,51.48280334472656));
#907=VERTEX_POINT('',#906);
#908=CARTESIAN_POINT('',(-208.96725463867188,20.93453025817871,51.58078384399414));
#909=VERTEX_POINT('',#908);
#910=CARTESIAN_POINT('',(-207.44427490234375,20.919790267944336,51.4807243347168));
#911=VERTEX_POINT('',#910);
#912=CARTESIAN_POINT('',(-207.55638122558594,21.113739013671875,51.522865295410156));
#913=VERTEX_POINT('',#912);
#914=CARTESIAN_POINT('',(-207.8231964111328,21.312400817871094,51.46026611328125));
#915=VERTEX_POINT('',#914);
#916=CARTESIAN_POINT('',(-208.03414916992188,21.370969772338867,51.44215393066406));
#917=VERTEX_POINT('',#916);
#918=CARTESIAN_POINT('',(-209.00474548339844,20.81226921081543,51.51774597167969));
#919=VERTEX_POINT('',#918);
#920=CARTESIAN_POINT('',(-209.0691680908203,20.483070373535156,51.73329544067383));
#921=VERTEX_POINT('',#920);
#922=CARTESIAN_POINT('',(-208.32354736328125,24.51388931274414,50.68639373779297));
#923=VERTEX_POINT('',#922);
#924=CARTESIAN_POINT('',(-208.32354736328125,24.50071907043457,50.5926628112793));
#925=VERTEX_POINT('',#924);
#926=CARTESIAN_POINT('',(-208.32354736328125,26.361629486083984,50.33113479614258));
#927=VERTEX_POINT('',#926);
#928=CARTESIAN_POINT('',(-208.06936645507812,26.361629486083984,50.33113479614258));
#929=VERTEX_POINT('',#928);
#930=CARTESIAN_POINT('',(-208.06936645507812,24.50071907043457,50.5926628112793));
#931=VERTEX_POINT('',#930);
#932=CARTESIAN_POINT('',(-209.06898498535156,20.47096061706543,51.63527297973633));
#933=VERTEX_POINT('',#932);
#934=CARTESIAN_POINT('',(-209.0655975341797,20.560260772705078,51.70652389526367));
#935=VERTEX_POINT('',#934);
#936=CARTESIAN_POINT('',(-209.06976318359375,20.48307991027832,51.733253479003906));
#937=VERTEX_POINT('',#936);
#938=CARTESIAN_POINT('',(-208.702880859375,21.203519821166992,51.383033752441406));
#939=VERTEX_POINT('',#938);
#940=CARTESIAN_POINT('',(-208.51246643066406,21.30344009399414,51.34862518310547));
#941=VERTEX_POINT('',#940);
#942=CARTESIAN_POINT('',(-208.89561462402344,21.0132999420166,51.448524475097656));
#943=VERTEX_POINT('',#942);
#944=CARTESIAN_POINT('',(-208.3889923095703,21.334379196166992,51.337974548339844));
#945=VERTEX_POINT('',#944);
#946=CARTESIAN_POINT('',(-208.23150634765625,21.348920822143555,51.33296585083008));
#947=VERTEX_POINT('',#946);
#948=CARTESIAN_POINT('',(-207.82875061035156,21.279420852661133,51.356895446777344));
#949=VERTEX_POINT('',#948);
#950=CARTESIAN_POINT('',(-207.97537231445312,21.326570510864258,51.34066390991211));
#951=VERTEX_POINT('',#950);
#952=CARTESIAN_POINT('',(-207.69778442382812,21.20711898803711,51.38179397583008));
#953=VERTEX_POINT('',#952);
#954=CARTESIAN_POINT('',(-207.37371826171875,20.731149673461914,51.545684814453125));
#955=VERTEX_POINT('',#954);
#956=CARTESIAN_POINT('',(-207.33694458007812,20.345230102539062,51.678565979003906));
#957=VERTEX_POINT('',#956);
#958=CARTESIAN_POINT('',(-207.33944702148438,20.59906005859375,51.69319534301758));
#959=VERTEX_POINT('',#958);
#960=CARTESIAN_POINT('',(-207.55938720703125,19.7408390045166,51.88667297363281));
#961=VERTEX_POINT('',#960);
#962=CARTESIAN_POINT('',(-207.4333038330078,19.930089950561523,51.821502685546875));
#963=VERTEX_POINT('',#962);
#964=CARTESIAN_POINT('',(-207.8785400390625,19.527870178222656,51.96000289916992));
#965=VERTEX_POINT('',#964);
#966=CARTESIAN_POINT('',(-207.69778442382812,19.617639541625977,51.92909622192383));
#967=VERTEX_POINT('',#966);
#968=CARTESIAN_POINT('',(-208.16494750976562,19.476428985595703,51.97771453857422));
#969=VERTEX_POINT('',#968);
#970=CARTESIAN_POINT('',(-208.45071411132812,19.505399703979492,51.967742919921875));
#971=VERTEX_POINT('',#970);
#972=CARTESIAN_POINT('',(-208.64149475097656,19.57822036743164,51.942665100097656));
#973=VERTEX_POINT('',#972);
#974=CARTESIAN_POINT('',(-208.78916931152344,19.689899444580078,51.904212951660156));
#975=VERTEX_POINT('',#974);
#976=CARTESIAN_POINT('',(-208.9716339111328,19.942129135131836,51.81736373901367));
#977=VERTEX_POINT('',#976);
#978=CARTESIAN_POINT('',(-209.06898498535156,20.354820251464844,51.675262451171875));
#979=VERTEX_POINT('',#978);
#980=CARTESIAN_POINT('',(-209.05084228515625,20.213619232177734,51.828712463378906));
#981=VERTEX_POINT('',#980);
#982=CARTESIAN_POINT('',(-208.4628448486328,19.732980728149414,51.889373779296875));
#983=VERTEX_POINT('',#982);
#984=CARTESIAN_POINT('',(-208.18507385253906,19.677209854125977,51.90858459472656));
#985=VERTEX_POINT('',#984);
#986=CARTESIAN_POINT('',(-208.46473693847656,21.08740997314453,51.42301559448242));
#987=VERTEX_POINT('',#986);
#988=CARTESIAN_POINT('',(-208.79498291015625,20.49216079711914,51.62797546386719));
#989=VERTEX_POINT('',#988);
#990=CARTESIAN_POINT('',(-208.79019165039062,20.249969482421875,51.71136474609375));
#991=VERTEX_POINT('',#990);
#992=CARTESIAN_POINT('',(-207.71304321289062,19.954389572143555,51.81314468383789));
#993=VERTEX_POINT('',#992);
#994=CARTESIAN_POINT('',(-208.01156616210938,19.706260681152344,51.898582458496094));
#995=VERTEX_POINT('',#994);
#996=CARTESIAN_POINT('',(-207.5997772216797,20.46320915222168,51.637935638427734));
#997=VERTEX_POINT('',#996);
#998=CARTESIAN_POINT('',(-207.68069458007812,20.821260452270508,51.51465606689453));
#999=VERTEX_POINT('',#998);
#1000=CARTESIAN_POINT('',(-207.75140380859375,20.936189651489258,51.4750862121582));
#1001=VERTEX_POINT('',#1000);
#1002=CARTESIAN_POINT('',(-207.9403076171875,21.09156036376953,51.42158508300781));
#1003=VERTEX_POINT('',#1002);
#1004=CARTESIAN_POINT('',(-208.23214721679688,21.142719268798828,51.40396499633789));
#1005=VERTEX_POINT('',#1004);
#1006=CARTESIAN_POINT('',(-208.61587524414062,20.97532081604004,51.461605072021484));
#1007=VERTEX_POINT('',#1006);
#1008=CARTESIAN_POINT('',(-208.7027130126953,19.970399856567383,51.80762481689453));
#1009=VERTEX_POINT('',#1008);
#1010=CARTESIAN_POINT('',(-208.75746154785156,20.098270416259766,51.76360321044922));
#1011=VERTEX_POINT('',#1010);
#1012=CARTESIAN_POINT('',(-208.6295623779297,19.86233901977539,51.84483337402344));
#1013=VERTEX_POINT('',#1012);
#1014=CARTESIAN_POINT('',(-208.75726318359375,20.72709083557129,51.54707336425781));
#1015=VERTEX_POINT('',#1014);
#1016=CARTESIAN_POINT('',(-207.9442901611328,19.767030715942383,51.994415283203125));
#1017=VERTEX_POINT('',#1016);
#1018=CARTESIAN_POINT('',(-208.12884521484375,19.720409393310547,52.012245178222656));
#1019=VERTEX_POINT('',#1018);
#1020=CARTESIAN_POINT('',(-207.83248901367188,19.84008026123047,51.96668243408203));
#1021=VERTEX_POINT('',#1020);
#1022=CARTESIAN_POINT('',(-207.7040252685547,19.997390747070312,51.90784454345703));
#1023=VERTEX_POINT('',#1022);
#1024=CARTESIAN_POINT('',(-208.58474731445312,19.85198974609375,51.96217346191406));
#1025=VERTEX_POINT('',#1024);
#1026=CARTESIAN_POINT('',(-208.6608123779297,19.935670852661133,51.93073272705078));
#1027=VERTEX_POINT('',#1026);
#1028=CARTESIAN_POINT('',(-208.3278350830078,19.726329803466797,52.00997543334961));
#1029=VERTEX_POINT('',#1028);
#1030=CARTESIAN_POINT('',(-208.79086303710938,20.277639389038086,51.80573272705078));
#1031=VERTEX_POINT('',#1030);
#1032=CARTESIAN_POINT('',(-208.80157470703125,20.461170196533203,51.74089431762695));
#1033=VERTEX_POINT('',#1032);
#1034=CARTESIAN_POINT('',(-208.6880645751953,20.912919998168945,51.58790588378906));
#1035=VERTEX_POINT('',#1034);
#1036=CARTESIAN_POINT('',(-208.56910705566406,21.05200958251953,51.54266357421875));
#1037=VERTEX_POINT('',#1036);
#1038=CARTESIAN_POINT('',(-208.79800415039062,20.54475975036621,51.711875915527344));
#1039=VERTEX_POINT('',#1038);
#1040=CARTESIAN_POINT('',(-208.43104553222656,21.139429092407227,51.51463317871094));
#1041=VERTEX_POINT('',#1040);
#1042=CARTESIAN_POINT('',(-208.18975830078125,21.180999755859375,51.50144577026367));
#1043=VERTEX_POINT('',#1042);
#1044=CARTESIAN_POINT('',(-207.9443359375,21.127079010009766,51.51857376098633));
#1045=VERTEX_POINT('',#1044);
#1046=CARTESIAN_POINT('',(-207.7962646484375,21.015140533447266,51.554595947265625));
#1047=VERTEX_POINT('',#1046);
#1048=CARTESIAN_POINT('',(-208.05999755859375,21.166589736938477,51.506004333496094));
#1049=VERTEX_POINT('',#1048);
#1050=CARTESIAN_POINT('',(-207.60040283203125,20.511369705200195,51.72342300415039));
#1051=VERTEX_POINT('',#1050);
#1052=CARTESIAN_POINT('',(-207.60256958007812,20.5447998046875,51.71186447143555));
#1053=VERTEX_POINT('',#1052);
#1054=CARTESIAN_POINT('',(-207.6807098388672,20.85321044921875,51.60759353637695));
#1055=VERTEX_POINT('',#1054);
#1056=CARTESIAN_POINT('',(-207.62120056152344,20.211599349975586,51.829444885253906));
#1057=VERTEX_POINT('',#1056);
#1058=CARTESIAN_POINT('',(-207.60971069335938,20.27754020690918,51.805763244628906));
#1059=VERTEX_POINT('',#1058);
#1060=CARTESIAN_POINT('',(-207.6003875732422,20.377479553222656,51.770263671875));
#1061=VERTEX_POINT('',#1060);
#1062=CARTESIAN_POINT('',(-207.5995330810547,20.41097068786621,51.75849533081055));
#1063=VERTEX_POINT('',#1062);
#1064=CARTESIAN_POINT('',(-208.68014526367188,19.963499069213867,51.920352935791016));
#1065=VERTEX_POINT('',#1064);
#1066=CARTESIAN_POINT('',(-208.7857666015625,20.24456024169922,51.81758499145508));
#1067=VERTEX_POINT('',#1066);
#1068=CARTESIAN_POINT('',(-207.5995330810547,20.477909088134766,51.73507308959961));
#1069=VERTEX_POINT('',#1068);
#1070=CARTESIAN_POINT('',(-207.6288604736328,20.71051025390625,51.6552848815918));
#1071=VERTEX_POINT('',#1070);
#1072=FACE_SURFACE('',(#1077),#1073,.T.);
#1073=PLANE('',#1074);
#1074=AXIS2_PLACEMENT_3D('',#34,#1075,#1076);
#1075=DIRECTION('',(0,1,-0));
#1076=DIRECTION('',(-0.6178232551495321,0,0.7863170005770168));
#1077=FACE_BOUND('',#1078,.T.);
#1078=EDGE_LOOP('',(#1079,#1080,#1081));
#1079=ORIENTED_EDGE('',*,*,#1082,.T.);
#1080=ORIENTED_EDGE('',*,*,#1083,.T.);
#1081=ORIENTED_EDGE('',*,*,#1084,.T.);
#1082=EDGE_CURVE('',#35,#37,#1085,.F.);
#1083=EDGE_CURVE('',#37,#39,#1086,.T.);
#1084=EDGE_CURVE('',#39,#35,#1087,.T.);
#1085=LINE('',#34,#1088);
#1086=LINE('',#36,#1089);
#1087=LINE('',#38,#1090);
#1088=VECTOR('',#1091,1.0);
#1089=VECTOR('',#1092,1.0);
#1090=VECTOR('',#1093,1.0);
#1091=DIRECTION('',(-0.6178232551495321,0,0.7863170005770168));
#1092=DIRECTION('',(1,0,0));
#1093=DIRECTION('',(-0.9872985235846786,0,-0.15887613202590853));
#1094=FACE_SURFACE('',(#1099),#1095,.T.);
#1095=PLANE('',#1096);
#1096=AXIS2_PLACEMENT_3D('',#40,#1097,#1098);
#1097=DIRECTION('',(-0,1,0));
#1098=DIRECTION('',(0.6178232551495321,0,0.7863170005770168));
#1099=FACE_BOUND('',#1100,.T.);
#1100=EDGE_LOOP('',(#1101,#1102,#1103));
#1101=ORIENTED_EDGE('',*,*,#1104,.T.);
#1102=ORIENTED_EDGE('',*,*,#1105,.T.);
#1103=ORIENTED_EDGE('',*,*,#1106,.T.);
#1104=EDGE_CURVE('',#41,#39,#1107,.F.);
#1105=EDGE_CURVE('',#39,#43,#1108,.T.);
#1106=EDGE_CURVE('',#43,#41,#1109,.T.);
#1107=LINE('',#40,#1110);
#1108=LINE('',#38,#1111);
#1109=LINE('',#42,#1112);
#1110=VECTOR('',#1113,1.0);
#1111=VECTOR('',#1114,1.0);
#1112=VECTOR('',#1115,1.0);
#1113=DIRECTION('',(0.6178232551495321,0,0.7863170005770168));
#1114=DIRECTION('',(0.6689684912990712,0,-0.7432907625209965));
#1115=DIRECTION('',(-0.9792608601392708,0,0.20260347430213377));
#1116=FACE_SURFACE('',(#1121),#1117,.T.);
#1117=PLANE('',#1118);
#1118=AXIS2_PLACEMENT_3D('',#44,#1119,#1120);
#1119=DIRECTION('',(-0,1,0));
#1120=DIRECTION('',(0.7445968210970223,0,0.6675144747585695));
#1121=FACE_BOUND('',#1122,.T.);
#1122=EDGE_LOOP('',(#1123,#1124,#1125));
#1123=ORIENTED_EDGE('',*,*,#1126,.T.);
#1124=ORIENTED_EDGE('',*,*,#1127,.T.);
#1125=ORIENTED_EDGE('',*,*,#1128,.T.);
#1126=EDGE_CURVE('',#45,#47,#1129,.F.);
#1127=EDGE_CURVE('',#47,#49,#1130,.T.);
#1128=EDGE_CURVE('',#49,#45,#1131,.T.);
#1129=LINE('',#44,#1132);
#1130=LINE('',#46,#1133);
#1131=LINE('',#48,#1134);
#1132=VECTOR('',#1135,1.0);
#1133=VECTOR('',#1136,1.0);
#1134=VECTOR('',#1137,1.0);
#1135=DIRECTION('',(0.7445968210970223,0,0.6675144747585695));
#1136=DIRECTION('',(-0.7241278719737944,0,-0.6896657342732813));
#1137=DIRECTION('',(-0.1672837989972086,0,0.9859087841139571));
#1138=FACE_SURFACE('',(#1143),#1139,.T.);
#1139=PLANE('',#1140);
#1140=AXIS2_PLACEMENT_3D('',#34,#1141,#1142);
#1141=DIRECTION('',(0,1,0));
#1142=DIRECTION('',(-0.9792608601392708,0,-0.20260347430213377));
#1143=FACE_BOUND('',#1144,.T.);
#1144=EDGE_LOOP('',(#1145,#1146,#1147));
#1145=ORIENTED_EDGE('',*,*,#1148,.T.);
#1146=ORIENTED_EDGE('',*,*,#1149,.T.);
#1147=ORIENTED_EDGE('',*,*,#1150,.T.);
#1148=EDGE_CURVE('',#35,#51,#1151,.F.);
#1149=EDGE_CURVE('',#51,#37,#1152,.T.);
#1150=EDGE_CURVE('',#37,#35,#1153,.T.);
#1151=LINE('',#34,#1154);
#1152=LINE('',#50,#1155);
#1153=LINE('',#36,#1156);
#1154=VECTOR('',#1157,1.0);
#1155=VECTOR('',#1158,1.0);
#1156=VECTOR('',#1159,1.0);
#1157=DIRECTION('',(-0.9792608601392708,0,-0.20260347430213377));
#1158=DIRECTION('',(0.6689684912990712,0,0.7432907625209965));
#1159=DIRECTION('',(0.6178232551495321,0,-0.7863170005770168));
#1160=FACE_SURFACE('',(#1165),#1161,.T.);
#1161=PLANE('',#1162);
#1162=AXIS2_PLACEMENT_3D('',#34,#1163,#1164);
#1163=DIRECTION('',(0,1,0));
#1164=DIRECTION('',(0.9872985235846786,0,0.15887613202590853));
#1165=FACE_BOUND('',#1166,.T.);
#1166=EDGE_LOOP('',(#1167,#1168,#1169));
#1167=ORIENTED_EDGE('',*,*,#1170,.T.);
#1168=ORIENTED_EDGE('',*,*,#1171,.T.);
#1169=ORIENTED_EDGE('',*,*,#1172,.T.);
#1170=EDGE_CURVE('',#35,#39,#1173,.F.);
#1171=EDGE_CURVE('',#39,#41,#1174,.T.);
#1172=EDGE_CURVE('',#41,#35,#1175,.T.);
#1173=LINE('',#34,#1176);
#1174=LINE('',#38,#1177);
#1175=LINE('',#40,#1178);
#1176=VECTOR('',#1179,1.0);
#1177=VECTOR('',#1180,1.0);
#1178=VECTOR('',#1181,1.0);
#1179=DIRECTION('',(0.9872985235846786,0,0.15887613202590853));
#1180=DIRECTION('',(-0.6178232551495321,0,-0.7863170005770168));
#1181=DIRECTION('',(-1,0,0));
#1182=FACE_SURFACE('',(#1187),#1183,.T.);
#1183=PLANE('',#1184);
#1184=AXIS2_PLACEMENT_3D('',#52,#1185,#1186);
#1185=DIRECTION('',(0,1,0));
#1186=DIRECTION('',(0.6498257453323342,0,-0.7600832195906421));
#1187=FACE_BOUND('',#1188,.T.);
#1188=EDGE_LOOP('',(#1189,#1190,#1191));
#1189=ORIENTED_EDGE('',*,*,#1192,.T.);
#1190=ORIENTED_EDGE('',*,*,#1193,.T.);
#1191=ORIENTED_EDGE('',*,*,#1194,.T.);
#1192=EDGE_CURVE('',#53,#55,#1195,.F.);
#1193=EDGE_CURVE('',#55,#57,#1196,.T.);
#1194=EDGE_CURVE('',#57,#53,#1197,.T.);
#1195=LINE('',#52,#1198);
#1196=LINE('',#54,#1199);
#1197=LINE('',#56,#1200);
#1198=VECTOR('',#1201,1.0);
#1199=VECTOR('',#1202,1.0);
#1200=VECTOR('',#1203,1.0);
#1201=DIRECTION('',(0.6498257453323342,0,-0.7600832195906421));
#1202=DIRECTION('',(-0.7092734438213524,0,0.7049334591929929));
#1203=DIRECTION('',(0.9167869515842006,0,0.39937662100447047));
#1204=FACE_SURFACE('',(#1209),#1205,.T.);
#1205=PLANE('',#1206);
#1206=AXIS2_PLACEMENT_3D('',#58,#1207,#1208);
#1207=DIRECTION('',(0,1,-0));
#1208=DIRECTION('',(-0.6042903666060426,0,0.796764176420561));
#1209=FACE_BOUND('',#1210,.T.);
#1210=EDGE_LOOP('',(#1211,#1212,#1213));
#1211=ORIENTED_EDGE('',*,*,#1214,.T.);
#1212=ORIENTED_EDGE('',*,*,#1215,.T.);
#1213=ORIENTED_EDGE('',*,*,#1216,.T.);
#1214=EDGE_CURVE('',#59,#61,#1217,.F.);
#1215=EDGE_CURVE('',#61,#63,#1218,.T.);
#1216=EDGE_CURVE('',#63,#59,#1219,.T.);
#1217=LINE('',#58,#1220);
#1218=LINE('',#60,#1221);
#1219=LINE('',#62,#1222);
#1220=VECTOR('',#1223,1.0);
#1221=VECTOR('',#1224,1.0);
#1222=VECTOR('',#1225,1.0);
#1223=DIRECTION('',(-0.6042903666060426,0,0.796764176420561));
#1224=DIRECTION('',(0.6685986781339426,0,-0.7436234313128821));
#1225=DIRECTION('',(-0.6465711846043333,0,-0.7628536578134427));
#1226=FACE_SURFACE('',(#1231),#1227,.T.);
#1227=PLANE('',#1228);
#1228=AXIS2_PLACEMENT_3D('',#54,#1229,#1230);
#1229=DIRECTION('',(0,1,-0));
#1230=DIRECTION('',(-0.5606174043401332,0,0.8280749518919962));
#1231=FACE_BOUND('',#1232,.T.);
#1232=EDGE_LOOP('',(#1233,#1234,#1235));
#1233=ORIENTED_EDGE('',*,*,#1236,.T.);
#1234=ORIENTED_EDGE('',*,*,#1237,.T.);
#1235=ORIENTED_EDGE('',*,*,#1238,.T.);
#1236=EDGE_CURVE('',#55,#61,#1239,.F.);
#1237=EDGE_CURVE('',#61,#59,#1240,.T.);
#1238=EDGE_CURVE('',#59,#55,#1241,.T.);
#1239=LINE('',#54,#1242);
#1240=LINE('',#60,#1243);
#1241=LINE('',#58,#1244);
#1242=VECTOR('',#1245,1.0);
#1243=VECTOR('',#1246,1.0);
#1244=VECTOR('',#1247,1.0);
#1245=DIRECTION('',(-0.5606174043401332,0,0.8280749518919962));
#1246=DIRECTION('',(0.6042903666060426,0,-0.796764176420561));
#1247=DIRECTION('',(-0.9593531889843949,0,-0.2822081834133657));
#1248=FACE_SURFACE('',(#1253),#1249,.T.);
#1249=PLANE('',#1250);
#1250=AXIS2_PLACEMENT_3D('',#64,#1251,#1252);
#1251=DIRECTION('',(0,1,-0));
#1252=DIRECTION('',(-0.6963109811126343,0,0.7177402159430392));
#1253=FACE_BOUND('',#1254,.T.);
#1254=EDGE_LOOP('',(#1255,#1256,#1257));
#1255=ORIENTED_EDGE('',*,*,#1258,.T.);
#1256=ORIENTED_EDGE('',*,*,#1259,.T.);
#1257=ORIENTED_EDGE('',*,*,#1260,.T.);
#1258=EDGE_CURVE('',#65,#49,#1261,.F.);
#1259=EDGE_CURVE('',#49,#47,#1262,.T.);
#1260=EDGE_CURVE('',#47,#65,#1263,.T.);
#1261=LINE('',#64,#1264);
#1262=LINE('',#48,#1265);
#1263=LINE('',#46,#1266);
#1264=VECTOR('',#1267,1.0);
#1265=VECTOR('',#1268,1.0);
#1266=VECTOR('',#1269,1.0);
#1267=DIRECTION('',(-0.6963109811126343,0,0.7177402159430392));
#1268=DIRECTION('',(0.7241278719737944,0,0.6896657342732813));
#1269=DIRECTION('',(-0.649553685551697,0,-0.7603157301977956));
#1270=FACE_SURFACE('',(#1275),#1271,.T.);
#1271=PLANE('',#1272);
#1272=AXIS2_PLACEMENT_3D('',#66,#1273,#1274);
#1273=DIRECTION('',(0,1,0));
#1274=DIRECTION('',(-0.6246933869073363,0,0.7808701379578047));
#1275=FACE_BOUND('',#1276,.T.);
#1276=EDGE_LOOP('',(#1277,#1278,#1279));
#1277=ORIENTED_EDGE('',*,*,#1280,.T.);
#1278=ORIENTED_EDGE('',*,*,#1281,.T.);
#1279=ORIENTED_EDGE('',*,*,#1282,.T.);
#1280=EDGE_CURVE('',#67,#69,#1283,.F.);
#1281=EDGE_CURVE('',#69,#71,#1284,.T.);
#1282=EDGE_CURVE('',#71,#67,#1285,.T.);
#1283=LINE('',#66,#1286);
#1284=LINE('',#68,#1287);
#1285=LINE('',#70,#1288);
#1286=VECTOR('',#1289,1.0);
#1287=VECTOR('',#1290,1.0);
#1288=VECTOR('',#1291,1.0);
#1289=DIRECTION('',(-0.6246933869073363,0,0.7808701379578047));
#1290=DIRECTION('',(0,0,1));
#1291=DIRECTION('',(0.349752827216563,0,-0.9368420143514171));
#1292=FACE_SURFACE('',(#1297),#1293,.T.);
#1293=PLANE('',#1294);
#1294=AXIS2_PLACEMENT_3D('',#66,#1295,#1296);
#1295=DIRECTION('',(0,1,-0));
#1296=DIRECTION('',(-0.349752827216563,0,0.9368420143514171));
#1297=FACE_BOUND('',#1298,.T.);
#1298=EDGE_LOOP('',(#1299,#1300,#1301));
#1299=ORIENTED_EDGE('',*,*,#1302,.T.);
#1300=ORIENTED_EDGE('',*,*,#1303,.T.);
#1301=ORIENTED_EDGE('',*,*,#1304,.T.);
#1302=EDGE_CURVE('',#67,#71,#1305,.F.);
#1303=EDGE_CURVE('',#71,#41,#1306,.T.);
#1304=EDGE_CURVE('',#41,#67,#1307,.T.);
#1305=LINE('',#66,#1308);
#1306=LINE('',#70,#1309);
#1307=LINE('',#40,#1310);
#1308=VECTOR('',#1311,1.0);
#1309=VECTOR('',#1312,1.0);
#1310=VECTOR('',#1313,1.0);
#1311=DIRECTION('',(-0.349752827216563,0,0.9368420143514171));
#1312=DIRECTION('',(0.3905484804184516,0,0.92058236157491));
#1313=DIRECTION('',(0,0,-1));
#1314=FACE_SURFACE('',(#1319),#1315,.T.);
#1315=PLANE('',#1316);
#1316=AXIS2_PLACEMENT_3D('',#40,#1317,#1318);
#1317=DIRECTION('',(0,1,0));
#1318=DIRECTION('',(-0.3905484804184516,0,-0.92058236157491));
#1319=FACE_BOUND('',#1320,.T.);
#1320=EDGE_LOOP('',(#1321,#1322,#1323));
#1321=ORIENTED_EDGE('',*,*,#1324,.T.);
#1322=ORIENTED_EDGE('',*,*,#1325,.T.);
#1323=ORIENTED_EDGE('',*,*,#1326,.T.);
#1324=EDGE_CURVE('',#41,#71,#1327,.F.);
#1325=EDGE_CURVE('',#71,#73,#1328,.T.);
#1326=EDGE_CURVE('',#73,#41,#1329,.T.);
#1327=LINE('',#40,#1330);
#1328=LINE('',#70,#1331);
#1329=LINE('',#72,#1332);
#1330=VECTOR('',#1333,1.0);
#1331=VECTOR('',#1334,1.0);
#1332=VECTOR('',#1335,1.0);
#1333=DIRECTION('',(-0.3905484804184516,0,-0.92058236157491));
#1334=DIRECTION('',(-0.23381964096843902,0,0.9722799882222148));
#1335=DIRECTION('',(0.42703417968513246,0,0.9042354833673837));
#1336=FACE_SURFACE('',(#1341),#1337,.T.);
#1337=PLANE('',#1338);
#1338=AXIS2_PLACEMENT_3D('',#40,#1339,#1340);
#1339=DIRECTION('',(0,1,0));
#1340=DIRECTION('',(-0.42703417968513246,0,-0.9042354833673837));
#1341=FACE_BOUND('',#1342,.T.);
#1342=EDGE_LOOP('',(#1343,#1344,#1345));
#1343=ORIENTED_EDGE('',*,*,#1346,.T.);
#1344=ORIENTED_EDGE('',*,*,#1347,.T.);
#1345=ORIENTED_EDGE('',*,*,#1348,.T.);
#1346=EDGE_CURVE('',#41,#73,#1349,.F.);
#1347=EDGE_CURVE('',#73,#75,#1350,.T.);
#1348=EDGE_CURVE('',#75,#41,#1351,.T.);
#1349=LINE('',#40,#1352);
#1350=LINE('',#72,#1353);
#1351=LINE('',#74,#1354);
#1352=VECTOR('',#1355,1.0);
#1353=VECTOR('',#1356,1.0);
#1354=VECTOR('',#1357,1.0);
#1355=DIRECTION('',(-0.42703417968513246,0,-0.9042354833673837));
#1356=DIRECTION('',(-0.6893183069255019,0,0.7244586059516164));
#1357=DIRECTION('',(0.5008172359294698,0,0.8655530579900725));
#1358=FACE_SURFACE('',(#1363),#1359,.T.);
#1359=PLANE('',#1360);
#1360=AXIS2_PLACEMENT_3D('',#40,#1361,#1362);
#1361=DIRECTION('',(0,1,0));
#1362=DIRECTION('',(-0.5008172359294698,0,-0.8655530579900725));
#1363=FACE_BOUND('',#1364,.T.);
#1364=EDGE_LOOP('',(#1365,#1366,#1367));
#1365=ORIENTED_EDGE('',*,*,#1368,.T.);
#1366=ORIENTED_EDGE('',*,*,#1369,.T.);
#1367=ORIENTED_EDGE('',*,*,#1370,.T.);
#1368=EDGE_CURVE('',#41,#75,#1371,.F.);
#1369=EDGE_CURVE('',#75,#77,#1372,.T.);
#1370=EDGE_CURVE('',#77,#41,#1373,.T.);
#1371=LINE('',#40,#1374);
#1372=LINE('',#74,#1375);
#1373=LINE('',#76,#1376);
#1374=VECTOR('',#1377,1.0);
#1375=VECTOR('',#1378,1.0);
#1376=VECTOR('',#1379,1.0);
#1377=DIRECTION('',(-0.5008172359294698,0,-0.8655530579900725));
#1378=DIRECTION('',(-0.9755701355297011,0,0.21968821238874123));
#1379=DIRECTION('',(0.567369922589869,0,0.8234630355640539));
#1380=FACE_SURFACE('',(#1385),#1381,.T.);
#1381=PLANE('',#1382);
#1382=AXIS2_PLACEMENT_3D('',#34,#1383,#1384);
#1383=DIRECTION('',(-0,1,0));
#1384=DIRECTION('',(1,0,0));
#1385=FACE_BOUND('',#1386,.T.);
#1386=EDGE_LOOP('',(#1387,#1388,#1389));
#1387=ORIENTED_EDGE('',*,*,#1390,.T.);
#1388=ORIENTED_EDGE('',*,*,#1391,.T.);
#1389=ORIENTED_EDGE('',*,*,#1392,.T.);
#1390=EDGE_CURVE('',#35,#41,#1393,.F.);
#1391=EDGE_CURVE('',#41,#77,#1394,.T.);
#1392=EDGE_CURVE('',#77,#35,#1395,.T.);
#1393=LINE('',#34,#1396);
#1394=LINE('',#40,#1397);
#1395=LINE('',#76,#1398);
#1396=VECTOR('',#1399,1.0);
#1397=VECTOR('',#1400,1.0);
#1398=VECTOR('',#1401,1.0);
#1399=DIRECTION('',(1,0,0));
#1400=DIRECTION('',(-0.567369922589869,0,-0.8234630355640539));
#1401=DIRECTION('',(-0.5549515835804582,0,0.8318826479026605));
#1402=FACE_SURFACE('',(#1407),#1403,.T.);
#1403=PLANE('',#1404);
#1404=AXIS2_PLACEMENT_3D('',#34,#1405,#1406);
#1405=DIRECTION('',(0,1,0));
#1406=DIRECTION('',(0.5549515835804582,0,-0.8318826479026605));
#1407=FACE_BOUND('',#1408,.T.);
#1408=EDGE_LOOP('',(#1409,#1410,#1411));
#1409=ORIENTED_EDGE('',*,*,#1412,.T.);
#1410=ORIENTED_EDGE('',*,*,#1413,.T.);
#1411=ORIENTED_EDGE('',*,*,#1414,.T.);
#1412=EDGE_CURVE('',#35,#77,#1415,.F.);
#1413=EDGE_CURVE('',#77,#79,#1416,.T.);
#1414=EDGE_CURVE('',#79,#35,#1417,.T.);
#1415=LINE('',#34,#1418);
#1416=LINE('',#76,#1419);
#1417=LINE('',#78,#1420);
#1418=VECTOR('',#1421,1.0);
#1419=VECTOR('',#1422,1.0);
#1420=VECTOR('',#1423,1.0);
#1421=DIRECTION('',(0.5549515835804582,0,-0.8318826479026605));
#1422=DIRECTION('',(-0.9646461352714986,0,-0.2635485414601297));
#1423=DIRECTION('',(-0.5107065803532774,0,0.8597550748811322));
#1424=FACE_SURFACE('',(#1429),#1425,.T.);
#1425=PLANE('',#1426);
#1426=AXIS2_PLACEMENT_3D('',#34,#1427,#1428);
#1427=DIRECTION('',(0,1,0));
#1428=DIRECTION('',(0.5107065803532774,0,-0.8597550748811322));
#1429=FACE_BOUND('',#1430,.T.);
#1430=EDGE_LOOP('',(#1431,#1432,#1433));
#1431=ORIENTED_EDGE('',*,*,#1434,.T.);
#1432=ORIENTED_EDGE('',*,*,#1435,.T.);
#1433=ORIENTED_EDGE('',*,*,#1436,.T.);
#1434=EDGE_CURVE('',#35,#79,#1437,.F.);
#1435=EDGE_CURVE('',#79,#81,#1438,.T.);
#1436=EDGE_CURVE('',#81,#35,#1439,.T.);
#1437=LINE('',#34,#1440);
#1438=LINE('',#78,#1441);
#1439=LINE('',#80,#1442);
#1440=VECTOR('',#1443,1.0);
#1441=VECTOR('',#1444,1.0);
#1442=VECTOR('',#1445,1.0);
#1443=DIRECTION('',(0.5107065803532774,0,-0.8597550748811322));
#1444=DIRECTION('',(-0.7976761423178668,0,-0.6030860402769129));
#1445=DIRECTION('',(-0.4545877496613768,0,0.8907019579285796));
#1446=FACE_SURFACE('',(#1451),#1447,.T.);
#1447=PLANE('',#1448);
#1448=AXIS2_PLACEMENT_3D('',#82,#1449,#1450);
#1449=DIRECTION('',(0,1,-0));
#1450=DIRECTION('',(-0.41119737264344136,0,0.9115463349337383));
#1451=FACE_BOUND('',#1452,.T.);
#1452=EDGE_LOOP('',(#1453,#1454,#1455));
#1453=ORIENTED_EDGE('',*,*,#1456,.T.);
#1454=ORIENTED_EDGE('',*,*,#1457,.T.);
#1455=ORIENTED_EDGE('',*,*,#1458,.T.);
#1456=EDGE_CURVE('',#83,#35,#1459,.F.);
#1457=EDGE_CURVE('',#35,#81,#1460,.T.);
#1458=EDGE_CURVE('',#81,#83,#1461,.T.);
#1459=LINE('',#82,#1462);
#1460=LINE('',#34,#1463);
#1461=LINE('',#80,#1464);
#1462=VECTOR('',#1465,1.0);
#1463=VECTOR('',#1466,1.0);
#1464=VECTOR('',#1467,1.0);
#1465=DIRECTION('',(-0.41119737264344136,0,0.9115463349337383));
#1466=DIRECTION('',(0.4545877496613768,0,-0.8907019579285796));
#1467=DIRECTION('',(-0.4827866599654311,0,-0.8757379978963019));
#1468=FACE_SURFACE('',(#1473),#1469,.T.);
#1469=PLANE('',#1470);
#1470=AXIS2_PLACEMENT_3D('',#82,#1471,#1472);
#1471=DIRECTION('',(0,1,0));
#1472=DIRECTION('',(-0.16452660067424194,0,-0.986372646452941));
#1473=FACE_BOUND('',#1474,.T.);
#1474=EDGE_LOOP('',(#1475,#1476,#1477));
#1475=ORIENTED_EDGE('',*,*,#1478,.T.);
#1476=ORIENTED_EDGE('',*,*,#1479,.T.);
#1477=ORIENTED_EDGE('',*,*,#1480,.T.);
#1478=EDGE_CURVE('',#83,#85,#1481,.F.);
#1479=EDGE_CURVE('',#85,#35,#1482,.T.);
#1480=EDGE_CURVE('',#35,#83,#1483,.T.);
#1481=LINE('',#82,#1484);
#1482=LINE('',#84,#1485);
#1483=LINE('',#34,#1486);
#1484=VECTOR('',#1487,1.0);
#1485=VECTOR('',#1488,1.0);
#1486=VECTOR('',#1489,1.0);
#1487=DIRECTION('',(-0.16452660067424194,0,-0.986372646452941));
#1488=DIRECTION('',(-0.3905484804184516,0,0.92058236157491));
#1489=DIRECTION('',(0.41119737264344136,0,-0.9115463349337383));
#1490=FACE_SURFACE('',(#1495),#1491,.T.);
#1491=PLANE('',#1492);
#1492=AXIS2_PLACEMENT_3D('',#34,#1493,#1494);
#1493=DIRECTION('',(0,1,0));
#1494=DIRECTION('',(0.3905484804184516,0,-0.92058236157491));
#1495=FACE_BOUND('',#1496,.T.);
#1496=EDGE_LOOP('',(#1497,#1498,#1499));
#1497=ORIENTED_EDGE('',*,*,#1500,.T.);
#1498=ORIENTED_EDGE('',*,*,#1501,.T.);
#1499=ORIENTED_EDGE('',*,*,#1502,.T.);
#1500=EDGE_CURVE('',#35,#85,#1503,.F.);
#1501=EDGE_CURVE('',#85,#45,#1504,.T.);
#1502=EDGE_CURVE('',#45,#35,#1505,.T.);
#1503=LINE('',#34,#1506);
#1504=LINE('',#84,#1507);
#1505=LINE('',#44,#1508);
#1506=VECTOR('',#1509,1.0);
#1507=VECTOR('',#1510,1.0);
#1508=VECTOR('',#1511,1.0);
#1509=DIRECTION('',(0.3905484804184516,0,-0.92058236157491));
#1510=DIRECTION('',(-0.349752827216563,0,-0.9368420143514171));
#1511=DIRECTION('',(0,0,1));
#1512=FACE_SURFACE('',(#1517),#1513,.T.);
#1513=PLANE('',#1514);
#1514=AXIS2_PLACEMENT_3D('',#44,#1515,#1516);
#1515=DIRECTION('',(0,1,0));
#1516=DIRECTION('',(0.349752827216563,0,0.9368420143514171));
#1517=FACE_BOUND('',#1518,.T.);
#1518=EDGE_LOOP('',(#1519,#1520,#1521));
#1519=ORIENTED_EDGE('',*,*,#1522,.T.);
#1520=ORIENTED_EDGE('',*,*,#1523,.T.);
#1521=ORIENTED_EDGE('',*,*,#1524,.T.);
#1522=EDGE_CURVE('',#45,#85,#1525,.F.);
#1523=EDGE_CURVE('',#85,#87,#1526,.T.);
#1524=EDGE_CURVE('',#87,#45,#1527,.T.);
#1525=LINE('',#44,#1528);
#1526=LINE('',#84,#1529);
#1527=LINE('',#86,#1530);
#1528=VECTOR('',#1531,1.0);
#1529=VECTOR('',#1532,1.0);
#1530=VECTOR('',#1533,1.0);
#1531=DIRECTION('',(0.349752827216563,0,0.9368420143514171));
#1532=DIRECTION('',(0,0,-1));
#1533=DIRECTION('',(-0.6246933869073363,0,-0.7808701379578047));
#1534=FACE_SURFACE('',(#1539),#1535,.T.);
#1535=PLANE('',#1536);
#1536=AXIS2_PLACEMENT_3D('',#88,#1537,#1538);
#1537=DIRECTION('',(0,1,0));
#1538=DIRECTION('',(-0.6714575705041187,0,-0.7410430021346309));
#1539=FACE_BOUND('',#1540,.T.);
#1540=EDGE_LOOP('',(#1541,#1542,#1543));
#1541=ORIENTED_EDGE('',*,*,#1544,.T.);
#1542=ORIENTED_EDGE('',*,*,#1545,.T.);
#1543=ORIENTED_EDGE('',*,*,#1546,.T.);
#1544=EDGE_CURVE('',#89,#91,#1547,.F.);
#1545=EDGE_CURVE('',#91,#47,#1548,.T.);
#1546=EDGE_CURVE('',#47,#89,#1549,.T.);
#1547=LINE('',#88,#1550);
#1548=LINE('',#90,#1551);
#1549=LINE('',#46,#1552);
#1550=VECTOR('',#1553,1.0);
#1551=VECTOR('',#1554,1.0);
#1552=VECTOR('',#1555,1.0);
#1553=DIRECTION('',(-0.6714575705041187,0,-0.7410430021346309));
#1554=DIRECTION('',(0.6216314343437902,0,0.7833098747211618));
#1555=DIRECTION('',(0.8001330770306336,0,-0.5998225229528232));
#1556=FACE_SURFACE('',(#1561),#1557,.T.);
#1557=PLANE('',#1558);
#1558=AXIS2_PLACEMENT_3D('',#86,#1559,#1560);
#1559=DIRECTION('',(0,1,0));
#1560=DIRECTION('',(0.23381584849632256,0,-0.9722809002505114));
#1561=FACE_BOUND('',#1562,.T.);
#1562=EDGE_LOOP('',(#1563,#1564,#1565));
#1563=ORIENTED_EDGE('',*,*,#1566,.T.);
#1564=ORIENTED_EDGE('',*,*,#1567,.T.);
#1565=ORIENTED_EDGE('',*,*,#1568,.T.);
#1566=EDGE_CURVE('',#87,#93,#1569,.F.);
#1567=EDGE_CURVE('',#93,#45,#1570,.T.);
#1568=EDGE_CURVE('',#45,#87,#1571,.T.);
#1569=LINE('',#86,#1572);
#1570=LINE('',#92,#1573);
#1571=LINE('',#44,#1574);
#1572=VECTOR('',#1575,1.0);
#1573=VECTOR('',#1576,1.0);
#1574=VECTOR('',#1577,1.0);
#1575=DIRECTION('',(0.23381584849632256,0,-0.9722809002505114));
#1576=DIRECTION('',(-0.689291710451317,0,-0.7244839114177055));
#1577=DIRECTION('',(0.6246933869073363,0,0.7808701379578047));
#1578=FACE_SURFACE('',(#1583),#1579,.T.);
#1579=PLANE('',#1580);
#1580=AXIS2_PLACEMENT_3D('',#90,#1581,#1582);
#1581=DIRECTION('',(0,1,-0));
#1582=DIRECTION('',(-0.9786442645418701,0,0.2055611915690851));
#1583=FACE_BOUND('',#1584,.T.);
#1584=EDGE_LOOP('',(#1585,#1586,#1587));
#1585=ORIENTED_EDGE('',*,*,#1588,.T.);
#1586=ORIENTED_EDGE('',*,*,#1589,.T.);
#1587=ORIENTED_EDGE('',*,*,#1590,.T.);
#1588=EDGE_CURVE('',#91,#65,#1591,.F.);
#1589=EDGE_CURVE('',#65,#47,#1592,.T.);
#1590=EDGE_CURVE('',#47,#91,#1593,.T.);
#1591=LINE('',#90,#1594);
#1592=LINE('',#64,#1595);
#1593=LINE('',#46,#1596);
#1594=VECTOR('',#1597,1.0);
#1595=VECTOR('',#1598,1.0);
#1596=VECTOR('',#1599,1.0);
#1597=DIRECTION('',(-0.9786442645418701,0,0.2055611915690851));
#1598=DIRECTION('',(0.649553685551697,0,0.7603157301977956));
#1599=DIRECTION('',(-0.6216314343437902,0,-0.7833098747211618));
#1600=FACE_SURFACE('',(#1605),#1601,.T.);
#1601=PLANE('',#1602);
#1602=AXIS2_PLACEMENT_3D('',#92,#1603,#1604);
#1603=DIRECTION('',(0,1,0));
#1604=DIRECTION('',(0.5981196829303161,0,-0.80140679114376));
#1605=FACE_BOUND('',#1606,.T.);
#1606=EDGE_LOOP('',(#1607,#1608,#1609));
#1607=ORIENTED_EDGE('',*,*,#1610,.T.);
#1608=ORIENTED_EDGE('',*,*,#1611,.T.);
#1609=ORIENTED_EDGE('',*,*,#1612,.T.);
#1610=EDGE_CURVE('',#93,#47,#1613,.F.);
#1611=EDGE_CURVE('',#47,#45,#1614,.T.);
#1612=EDGE_CURVE('',#45,#93,#1615,.T.);
#1613=LINE('',#92,#1616);
#1614=LINE('',#46,#1617);
#1615=LINE('',#44,#1618);
#1616=VECTOR('',#1619,1.0);
#1617=VECTOR('',#1620,1.0);
#1618=VECTOR('',#1621,1.0);
#1619=DIRECTION('',(0.5981196829303161,0,-0.80140679114376));
#1620=DIRECTION('',(-0.7445968210970223,0,-0.6675144747585695));
#1621=DIRECTION('',(0.689291710451317,0,0.7244839114177055));
#1622=FACE_SURFACE('',(#1627),#1623,.T.);
#1623=PLANE('',#1624);
#1624=AXIS2_PLACEMENT_3D('',#90,#1625,#1626);
#1625=DIRECTION('',(0,1,0));
#1626=DIRECTION('',(0.6714575705041187,0,0.7410430021346309));
#1627=FACE_BOUND('',#1628,.T.);
#1628=EDGE_LOOP('',(#1629,#1630,#1631));
#1629=ORIENTED_EDGE('',*,*,#1632,.T.);
#1630=ORIENTED_EDGE('',*,*,#1633,.T.);
#1631=ORIENTED_EDGE('',*,*,#1634,.T.);
#1632=EDGE_CURVE('',#91,#89,#1635,.F.);
#1633=EDGE_CURVE('',#89,#95,#1636,.T.);
#1634=EDGE_CURVE('',#95,#91,#1637,.T.);
#1635=LINE('',#90,#1638);
#1636=LINE('',#88,#1639);
#1637=LINE('',#94,#1640);
#1638=VECTOR('',#1641,1.0);
#1639=VECTOR('',#1642,1.0);
#1640=VECTOR('',#1643,1.0);
#1641=DIRECTION('',(0.6714575705041187,0,0.7410430021346309));
#1642=DIRECTION('',(0.9512141717795038,0,-0.30853135886945515));
#1643=DIRECTION('',(-0.7218661130322624,0,-0.6920327411731997));
#1644=FACE_SURFACE('',(#1649),#1645,.T.);
#1645=PLANE('',#1646);
#1646=AXIS2_PLACEMENT_3D('',#90,#1647,#1648);
#1647=DIRECTION('',(0,1,0));
#1648=DIRECTION('',(0.7218661130322624,0,0.6920327411731997));
#1649=FACE_BOUND('',#1650,.T.);
#1650=EDGE_LOOP('',(#1651,#1652,#1653));
#1651=ORIENTED_EDGE('',*,*,#1654,.T.);
#1652=ORIENTED_EDGE('',*,*,#1655,.T.);
#1653=ORIENTED_EDGE('',*,*,#1656,.T.);
#1654=EDGE_CURVE('',#91,#95,#1657,.F.);
#1655=EDGE_CURVE('',#95,#55,#1658,.T.);
#1656=EDGE_CURVE('',#55,#91,#1659,.T.);
#1657=LINE('',#90,#1660);
#1658=LINE('',#94,#1661);
#1659=LINE('',#54,#1662);
#1660=VECTOR('',#1663,1.0);
#1661=VECTOR('',#1664,1.0);
#1662=VECTOR('',#1665,1.0);
#1663=DIRECTION('',(0.7218661130322624,0,0.6920327411731997));
#1664=DIRECTION('',(0.7529501128478981,0,-0.6580775999548515));
#1665=DIRECTION('',(-1,0,0));
#1666=FACE_SURFACE('',(#1671),#1667,.T.);
#1667=PLANE('',#1668);
#1668=AXIS2_PLACEMENT_3D('',#56,#1669,#1670);
#1669=DIRECTION('',(0,1,0));
#1670=DIRECTION('',(0.7092734438213524,0,-0.7049334591929929));
#1671=FACE_BOUND('',#1672,.T.);
#1672=EDGE_LOOP('',(#1673,#1674,#1675));
#1673=ORIENTED_EDGE('',*,*,#1676,.T.);
#1674=ORIENTED_EDGE('',*,*,#1677,.T.);
#1675=ORIENTED_EDGE('',*,*,#1678,.T.);
#1676=EDGE_CURVE('',#57,#55,#1679,.F.);
#1677=EDGE_CURVE('',#55,#95,#1680,.T.);
#1678=EDGE_CURVE('',#95,#57,#1681,.T.);
#1679=LINE('',#56,#1682);
#1680=LINE('',#54,#1683);
#1681=LINE('',#94,#1684);
#1682=VECTOR('',#1685,1.0);
#1683=VECTOR('',#1686,1.0);
#1684=VECTOR('',#1687,1.0);
#1685=DIRECTION('',(0.7092734438213524,0,-0.7049334591929929));
#1686=DIRECTION('',(-0.7529501128478981,0,0.6580775999548515));
#1687=DIRECTION('',(0.9983904416881807,0,0.05671442449394627));
#1688=FACE_SURFACE('',(#1693),#1689,.T.);
#1689=PLANE('',#1690);
#1690=AXIS2_PLACEMENT_3D('',#52,#1691,#1692);
#1691=DIRECTION('',(-0,1,0));
#1692=DIRECTION('',(0.6506028583979403,0,0.7594181461121597));
#1693=FACE_BOUND('',#1694,.T.);
#1694=EDGE_LOOP('',(#1695,#1696,#1697));
#1695=ORIENTED_EDGE('',*,*,#1698,.T.);
#1696=ORIENTED_EDGE('',*,*,#1699,.T.);
#1697=ORIENTED_EDGE('',*,*,#1700,.T.);
#1698=EDGE_CURVE('',#53,#61,#1701,.F.);
#1699=EDGE_CURVE('',#61,#55,#1702,.T.);
#1700=EDGE_CURVE('',#55,#53,#1703,.T.);
#1701=LINE('',#52,#1704);
#1702=LINE('',#60,#1705);
#1703=LINE('',#54,#1706);
#1704=VECTOR('',#1707,1.0);
#1705=VECTOR('',#1708,1.0);
#1706=VECTOR('',#1709,1.0);
#1707=DIRECTION('',(0.6506028583979403,0,0.7594181461121597));
#1708=DIRECTION('',(0.5606174043401332,0,-0.8280749518919962));
#1709=DIRECTION('',(-0.6498257453323342,0,0.7600832195906421));
#1710=FACE_SURFACE('',(#1715),#1711,.T.);
#1711=PLANE('',#1712);
#1712=AXIS2_PLACEMENT_3D('',#66,#1713,#1714);
#1713=DIRECTION('',(0,1,0));
#1714=DIRECTION('',(-0.1672837989972086,0,-0.9859087841139571));
#1715=FACE_BOUND('',#1716,.T.);
#1716=EDGE_LOOP('',(#1717,#1718,#1719));
#1717=ORIENTED_EDGE('',*,*,#1720,.T.);
#1718=ORIENTED_EDGE('',*,*,#1721,.T.);
#1719=ORIENTED_EDGE('',*,*,#1722,.T.);
#1720=EDGE_CURVE('',#67,#63,#1723,.F.);
#1721=EDGE_CURVE('',#63,#61,#1724,.T.);
#1722=EDGE_CURVE('',#61,#67,#1725,.T.);
#1723=LINE('',#66,#1726);
#1724=LINE('',#62,#1727);
#1725=LINE('',#60,#1728);
#1726=VECTOR('',#1729,1.0);
#1727=VECTOR('',#1730,1.0);
#1728=VECTOR('',#1731,1.0);
#1729=DIRECTION('',(-0.1672837989972086,0,-0.9859087841139571));
#1730=DIRECTION('',(-0.6685986781339426,0,0.7436234313128821));
#1731=DIRECTION('',(0.6893038238248814,0,-0.7244723862649264));
#1732=FACE_SURFACE('',(#1737),#1733,.T.);
#1733=PLANE('',#1734);
#1734=AXIS2_PLACEMENT_3D('',#68,#1735,#1736);
#1735=DIRECTION('',(0,1,0));
#1736=DIRECTION('',(0.6246933869073363,0,-0.7808701379578047));
#1737=FACE_BOUND('',#1738,.T.);
#1738=EDGE_LOOP('',(#1739,#1740,#1741));
#1739=ORIENTED_EDGE('',*,*,#1742,.T.);
#1740=ORIENTED_EDGE('',*,*,#1743,.T.);
#1741=ORIENTED_EDGE('',*,*,#1744,.T.);
#1742=EDGE_CURVE('',#69,#67,#1745,.F.);
#1743=EDGE_CURVE('',#67,#61,#1746,.T.);
#1744=EDGE_CURVE('',#61,#69,#1747,.T.);
#1745=LINE('',#68,#1748);
#1746=LINE('',#66,#1749);
#1747=LINE('',#60,#1750);
#1748=VECTOR('',#1751,1.0);
#1749=VECTOR('',#1752,1.0);
#1750=VECTOR('',#1753,1.0);
#1751=DIRECTION('',(0.6246933869073363,0,-0.7808701379578047));
#1752=DIRECTION('',(-0.6893038238248814,0,0.7244723862649264));
#1753=DIRECTION('',(0.23392303346130502,0,0.9722551179686643));
#1754=FACE_SURFACE('',(#1759),#1755,.T.);
#1755=PLANE('',#1756);
#1756=AXIS2_PLACEMENT_3D('',#44,#1757,#1758);
#1757=DIRECTION('',(-1,0,0));
#1758=DIRECTION('',(0,-1,0));
#1759=FACE_BOUND('',#1760,.T.);
#1760=EDGE_LOOP('',(#1761,#1762,#1763));
#1761=ORIENTED_EDGE('',*,*,#1764,.T.);
#1762=ORIENTED_EDGE('',*,*,#1765,.T.);
#1763=ORIENTED_EDGE('',*,*,#1766,.T.);
#1764=EDGE_CURVE('',#45,#97,#1767,.F.);
#1765=EDGE_CURVE('',#97,#99,#1768,.T.);
#1766=EDGE_CURVE('',#99,#45,#1769,.T.);
#1767=LINE('',#44,#1770);
#1768=LINE('',#96,#1771);
#1769=LINE('',#98,#1772);
#1770=VECTOR('',#1773,1.0);
#1771=VECTOR('',#1774,1.0);
#1772=VECTOR('',#1775,1.0);
#1773=DIRECTION('',(0,-1,0));
#1774=DIRECTION('',(0,0,1));
#1775=DIRECTION('',(0,0.07074429725838391,-0.9974944833959822));
#1776=FACE_SURFACE('',(#1781),#1777,.T.);
#1777=PLANE('',#1778);
#1778=AXIS2_PLACEMENT_3D('',#44,#1779,#1780);
#1779=DIRECTION('',(-1,0,0));
#1780=DIRECTION('',(0,-0.07074429725838391,0.9974944833959822));
#1781=FACE_BOUND('',#1782,.T.);
#1782=EDGE_LOOP('',(#1783,#1784,#1785));
#1783=ORIENTED_EDGE('',*,*,#1786,.T.);
#1784=ORIENTED_EDGE('',*,*,#1787,.T.);
#1785=ORIENTED_EDGE('',*,*,#1788,.T.);
#1786=EDGE_CURVE('',#45,#99,#1789,.F.);
#1787=EDGE_CURVE('',#99,#35,#1790,.T.);
#1788=EDGE_CURVE('',#35,#45,#1791,.T.);
#1789=LINE('',#44,#1792);
#1790=LINE('',#98,#1793);
#1791=LINE('',#34,#1794);
#1792=VECTOR('',#1795,1.0);
#1793=VECTOR('',#1796,1.0);
#1794=VECTOR('',#1797,1.0);
#1795=DIRECTION('',(0,-0.07074429725838391,0.9974944833959822));
#1796=DIRECTION('',(0,1,0));
#1797=DIRECTION('',(0,0,-1));
#1798=FACE_SURFACE('',(#1803),#1799,.T.);
#1799=PLANE('',#1800);
#1800=AXIS2_PLACEMENT_3D('',#34,#1801,#1802);
#1801=DIRECTION('',(0.20260347430213377,0,-0.9792608601392708));
#1802=DIRECTION('',(-0.9277933720166935,-0.3199260556282676,-0.19195514520854073));
#1803=FACE_BOUND('',#1804,.T.);
#1804=EDGE_LOOP('',(#1805,#1806,#1807));
#1805=ORIENTED_EDGE('',*,*,#1808,.T.);
#1806=ORIENTED_EDGE('',*,*,#1809,.T.);
#1807=ORIENTED_EDGE('',*,*,#1810,.T.);
#1808=EDGE_CURVE('',#35,#101,#1811,.F.);
#1809=EDGE_CURVE('',#101,#51,#1812,.T.);
#1810=EDGE_CURVE('',#51,#35,#1813,.T.);
#1811=LINE('',#34,#1814);
#1812=LINE('',#100,#1815);
#1813=LINE('',#50,#1816);
#1814=VECTOR('',#1817,1.0);
#1815=VECTOR('',#1818,1.0);
#1816=VECTOR('',#1819,1.0);
#1817=DIRECTION('',(-0.9277933720166935,-0.3199260556282676,-0.19195514520854073));
#1818=DIRECTION('',(0,1,0));
#1819=DIRECTION('',(0.9792608601392708,0,0.20260347430213377));
#1820=FACE_SURFACE('',(#1825),#1821,.T.);
#1821=PLANE('',#1822);
#1822=AXIS2_PLACEMENT_3D('',#100,#1823,#1824);
#1823=DIRECTION('',(0.20260347430213377,0,-0.9792608601392708));
#1824=DIRECTION('',(0.9277933720166935,0.3199260556282676,0.19195514520854073));
#1825=FACE_BOUND('',#1826,.T.);
#1826=EDGE_LOOP('',(#1827,#1828,#1829));
#1827=ORIENTED_EDGE('',*,*,#1830,.T.);
#1828=ORIENTED_EDGE('',*,*,#1831,.T.);
#1829=ORIENTED_EDGE('',*,*,#1832,.T.);
#1830=EDGE_CURVE('',#101,#35,#1833,.F.);
#1831=EDGE_CURVE('',#35,#99,#1834,.T.);
#1832=EDGE_CURVE('',#99,#101,#1835,.T.);
#1833=LINE('',#100,#1836);
#1834=LINE('',#34,#1837);
#1835=LINE('',#98,#1838);
#1836=VECTOR('',#1839,1.0);
#1837=VECTOR('',#1840,1.0);
#1838=VECTOR('',#1841,1.0);
#1839=DIRECTION('',(0.9277933720166935,0.3199260556282676,0.19195514520854073));
#1840=DIRECTION('',(0,-1,0));
#1841=DIRECTION('',(-0.9792608601392708,0,-0.20260347430213377));
#1842=FACE_SURFACE('',(#1847),#1843,.T.);
#1843=PLANE('',#1844);
#1844=AXIS2_PLACEMENT_3D('',#50,#1845,#1846);
#1845=DIRECTION('',(-0.7432907625209965,0,0.6689684912990712));
#1846=DIRECTION('',(0.6270635834589289,-0.3483651137239913,0.6967302274479826));
#1847=FACE_BOUND('',#1848,.T.);
#1848=EDGE_LOOP('',(#1849,#1850,#1851));
#1849=ORIENTED_EDGE('',*,*,#1852,.T.);
#1850=ORIENTED_EDGE('',*,*,#1853,.T.);
#1851=ORIENTED_EDGE('',*,*,#1854,.T.);
#1852=EDGE_CURVE('',#51,#103,#1855,.F.);
#1853=EDGE_CURVE('',#103,#37,#1856,.T.);
#1854=EDGE_CURVE('',#37,#51,#1857,.T.);
#1855=LINE('',#50,#1858);
#1856=LINE('',#102,#1859);
#1857=LINE('',#36,#1860);
#1858=VECTOR('',#1861,1.0);
#1859=VECTOR('',#1862,1.0);
#1860=VECTOR('',#1863,1.0);
#1861=DIRECTION('',(0.6270635834589289,-0.3483651137239913,0.6967302274479826));
#1862=DIRECTION('',(0,1,0));
#1863=DIRECTION('',(-0.6689684912990712,0,-0.7432907625209965));
#1864=FACE_SURFACE('',(#1869),#1865,.T.);
#1865=PLANE('',#1866);
#1866=AXIS2_PLACEMENT_3D('',#102,#1867,#1868);
#1867=DIRECTION('',(-0.7432907625209965,0,0.6689684912990712));
#1868=DIRECTION('',(-0.6270635834589289,0.3483651137239913,-0.6967302274479826));
#1869=FACE_BOUND('',#1870,.T.);
#1870=EDGE_LOOP('',(#1871,#1872,#1873));
#1871=ORIENTED_EDGE('',*,*,#1874,.T.);
#1872=ORIENTED_EDGE('',*,*,#1875,.T.);
#1873=ORIENTED_EDGE('',*,*,#1876,.T.);
#1874=EDGE_CURVE('',#103,#51,#1877,.F.);
#1875=EDGE_CURVE('',#51,#101,#1878,.T.);
#1876=EDGE_CURVE('',#101,#103,#1879,.T.);
#1877=LINE('',#102,#1880);
#1878=LINE('',#50,#1881);
#1879=LINE('',#100,#1882);
#1880=VECTOR('',#1883,1.0);
#1881=VECTOR('',#1884,1.0);
#1882=VECTOR('',#1885,1.0);
#1883=DIRECTION('',(-0.6270635834589289,0.3483651137239913,-0.6967302274479826));
#1884=DIRECTION('',(0,-1,0));
#1885=DIRECTION('',(0.6689684912990712,0,0.7432907625209965));
#1886=FACE_SURFACE('',(#1891),#1887,.T.);
#1887=PLANE('',#1888);
#1888=AXIS2_PLACEMENT_3D('',#104,#1889,#1890);
#1889=DIRECTION('',(-0,0,-1));
#1890=DIRECTION('',(-0.9988681787752252,-0.047564287341079724,0));
#1891=FACE_BOUND('',#1892,.T.);
#1892=EDGE_LOOP('',(#1893,#1894,#1895));
#1893=ORIENTED_EDGE('',*,*,#1896,.T.);
#1894=ORIENTED_EDGE('',*,*,#1897,.T.);
#1895=ORIENTED_EDGE('',*,*,#1898,.T.);
#1896=EDGE_CURVE('',#105,#39,#1899,.F.);
#1897=EDGE_CURVE('',#39,#107,#1900,.T.);
#1898=EDGE_CURVE('',#107,#105,#1901,.T.);
#1899=LINE('',#104,#1902);
#1900=LINE('',#38,#1903);
#1901=LINE('',#106,#1904);
#1902=VECTOR('',#1905,1.0);
#1903=VECTOR('',#1906,1.0);
#1904=VECTOR('',#1907,1.0);
#1905=DIRECTION('',(-0.9988681787752252,-0.047564287341079724,0));
#1906=DIRECTION('',(-0.9999646946701397,0.008402940750374751,0));
#1907=DIRECTION('',(1,0,0));
#1908=FACE_SURFACE('',(#1913),#1909,.T.);
#1909=PLANE('',#1910);
#1910=AXIS2_PLACEMENT_3D('',#102,#1911,#1912);
#1911=DIRECTION('',(0,-0,-1));
#1912=DIRECTION('',(0.999964691976607,-0.00840326127938176,0));
#1913=FACE_BOUND('',#1914,.T.);
#1914=EDGE_LOOP('',(#1915,#1916,#1917));
#1915=ORIENTED_EDGE('',*,*,#1918,.T.);
#1916=ORIENTED_EDGE('',*,*,#1919,.T.);
#1917=ORIENTED_EDGE('',*,*,#1920,.T.);
#1918=EDGE_CURVE('',#103,#109,#1921,.F.);
#1919=EDGE_CURVE('',#109,#111,#1922,.T.);
#1920=EDGE_CURVE('',#111,#103,#1923,.T.);
#1921=LINE('',#102,#1924);
#1922=LINE('',#108,#1925);
#1923=LINE('',#110,#1926);
#1924=VECTOR('',#1927,1.0);
#1925=VECTOR('',#1928,1.0);
#1926=VECTOR('',#1929,1.0);
#1927=DIRECTION('',(0.999964691976607,-0.00840326127938176,0));
#1928=DIRECTION('',(-1,0,0));
#1929=DIRECTION('',(0.9988680925677157,0.04756609769713329,0));
#1930=FACE_SURFACE('',(#1935),#1931,.T.);
#1931=PLANE('',#1932);
#1932=AXIS2_PLACEMENT_3D('',#112,#1933,#1934);
#1933=DIRECTION('',(-0,-0,-1));
#1934=DIRECTION('',(0.9988680925677157,-0.04756609769713329,0));
#1935=FACE_BOUND('',#1936,.T.);
#1936=EDGE_LOOP('',(#1937,#1938,#1939));
#1937=ORIENTED_EDGE('',*,*,#1940,.T.);
#1938=ORIENTED_EDGE('',*,*,#1941,.T.);
#1939=ORIENTED_EDGE('',*,*,#1942,.T.);
#1940=EDGE_CURVE('',#113,#109,#1943,.F.);
#1941=EDGE_CURVE('',#109,#103,#1944,.T.);
#1942=EDGE_CURVE('',#103,#113,#1945,.T.);
#1943=LINE('',#112,#1946);
#1944=LINE('',#108,#1947);
#1945=LINE('',#102,#1948);
#1946=VECTOR('',#1949,1.0);
#1947=VECTOR('',#1950,1.0);
#1948=VECTOR('',#1951,1.0);
#1949=DIRECTION('',(0.9988680925677157,-0.04756609769713329,0));
#1950=DIRECTION('',(-0.999964691976607,0.00840326127938176,0));
#1951=DIRECTION('',(1,0,0));
#1952=FACE_SURFACE('',(#1957),#1953,.T.);
#1953=PLANE('',#1954);
#1954=AXIS2_PLACEMENT_3D('',#38,#1955,#1956);
#1955=DIRECTION('',(0,0,-1));
#1956=DIRECTION('',(-1,0,0));
#1957=FACE_BOUND('',#1958,.T.);
#1958=EDGE_LOOP('',(#1959,#1960,#1961));
#1959=ORIENTED_EDGE('',*,*,#1962,.T.);
#1960=ORIENTED_EDGE('',*,*,#1963,.T.);
#1961=ORIENTED_EDGE('',*,*,#1964,.T.);
#1962=EDGE_CURVE('',#39,#37,#1965,.F.);
#1963=EDGE_CURVE('',#37,#107,#1966,.T.);
#1964=EDGE_CURVE('',#107,#39,#1967,.T.);
#1965=LINE('',#38,#1968);
#1966=LINE('',#36,#1969);
#1967=LINE('',#106,#1970);
#1968=VECTOR('',#1971,1.0);
#1969=VECTOR('',#1972,1.0);
#1970=VECTOR('',#1973,1.0);
#1971=DIRECTION('',(-1,0,0));
#1972=DIRECTION('',(-0.9988681787752252,0.047564287341079724,0));
#1973=DIRECTION('',(0.9999646946701397,-0.008402940750374751,0));
#1974=FACE_SURFACE('',(#1979),#1975,.T.);
#1975=PLANE('',#1976);
#1976=AXIS2_PLACEMENT_3D('',#38,#1977,#1978);
#1977=DIRECTION('',(0.7432907625209965,0,0.6689684912990712));
#1978=DIRECTION('',(0.6270635834589289,-0.3483651137239913,-0.6967302274479826));
#1979=FACE_BOUND('',#1980,.T.);
#1980=EDGE_LOOP('',(#1981,#1982,#1983));
#1981=ORIENTED_EDGE('',*,*,#1984,.T.);
#1982=ORIENTED_EDGE('',*,*,#1985,.T.);
#1983=ORIENTED_EDGE('',*,*,#1986,.T.);
#1984=EDGE_CURVE('',#39,#115,#1987,.F.);
#1985=EDGE_CURVE('',#115,#43,#1988,.T.);
#1986=EDGE_CURVE('',#43,#39,#1989,.T.);
#1987=LINE('',#38,#1990);
#1988=LINE('',#114,#1991);
#1989=LINE('',#42,#1992);
#1990=VECTOR('',#1993,1.0);
#1991=VECTOR('',#1994,1.0);
#1992=VECTOR('',#1995,1.0);
#1993=DIRECTION('',(0.6270635834589289,-0.3483651137239913,-0.6967302274479826));
#1994=DIRECTION('',(0,1,0));
#1995=DIRECTION('',(-0.6689684912990712,0,0.7432907625209965));
#1996=FACE_SURFACE('',(#2001),#1997,.T.);
#1997=PLANE('',#1998);
#1998=AXIS2_PLACEMENT_3D('',#114,#1999,#2000);
#1999=DIRECTION('',(0.7432907625209965,0,0.6689684912990712));
#2000=DIRECTION('',(-0.6270635834589289,0.3483651137239913,0.6967302274479826));
#2001=FACE_BOUND('',#2002,.T.);
#2002=EDGE_LOOP('',(#2003,#2004,#2005));
#2003=ORIENTED_EDGE('',*,*,#2006,.T.);
#2004=ORIENTED_EDGE('',*,*,#2007,.T.);
#2005=ORIENTED_EDGE('',*,*,#2008,.T.);
#2006=EDGE_CURVE('',#115,#39,#2009,.F.);
#2007=EDGE_CURVE('',#39,#113,#2010,.T.);
#2008=EDGE_CURVE('',#113,#115,#2011,.T.);
#2009=LINE('',#114,#2012);
#2010=LINE('',#38,#2013);
#2011=LINE('',#112,#2014);
#2012=VECTOR('',#2015,1.0);
#2013=VECTOR('',#2016,1.0);
#2014=VECTOR('',#2017,1.0);
#2015=DIRECTION('',(-0.6270635834589289,0.3483651137239913,0.6967302274479826));
#2016=DIRECTION('',(0,-1,0));
#2017=DIRECTION('',(0.6689684912990712,0,-0.7432907625209965));
#2018=FACE_SURFACE('',(#2023),#2019,.T.);
#2019=PLANE('',#2020);
#2020=AXIS2_PLACEMENT_3D('',#42,#2021,#2022);
#2021=DIRECTION('',(-0.20260347430213377,0,-0.9792608601392708));
#2022=DIRECTION('',(-0.9277933720166935,-0.3199260556282676,0.19195514520854073));
#2023=FACE_BOUND('',#2024,.T.);
#2024=EDGE_LOOP('',(#2025,#2026,#2027));
#2025=ORIENTED_EDGE('',*,*,#2028,.T.);
#2026=ORIENTED_EDGE('',*,*,#2029,.T.);
#2027=ORIENTED_EDGE('',*,*,#2030,.T.);
#2028=EDGE_CURVE('',#43,#117,#2031,.F.);
#2029=EDGE_CURVE('',#117,#41,#2032,.T.);
#2030=EDGE_CURVE('',#41,#43,#2033,.T.);
#2031=LINE('',#42,#2034);
#2032=LINE('',#116,#2035);
#2033=LINE('',#40,#2036);
#2034=VECTOR('',#2037,1.0);
#2035=VECTOR('',#2038,1.0);
#2036=VECTOR('',#2039,1.0);
#2037=DIRECTION('',(-0.9277933720166935,-0.3199260556282676,0.19195514520854073));
#2038=DIRECTION('',(0,1,0));
#2039=DIRECTION('',(0.9792608601392708,0,-0.20260347430213377));
#2040=FACE_SURFACE('',(#2045),#2041,.T.);
#2041=PLANE('',#2042);
#2042=AXIS2_PLACEMENT_3D('',#116,#2043,#2044);
#2043=DIRECTION('',(-0.20260347430213377,0,-0.9792608601392708));
#2044=DIRECTION('',(0.9277933720166935,0.3199260556282676,-0.19195514520854073));
#2045=FACE_BOUND('',#2046,.T.);
#2046=EDGE_LOOP('',(#2047,#2048,#2049));
#2047=ORIENTED_EDGE('',*,*,#2050,.T.);
#2048=ORIENTED_EDGE('',*,*,#2051,.T.);
#2049=ORIENTED_EDGE('',*,*,#2052,.T.);
#2050=EDGE_CURVE('',#117,#43,#2053,.F.);
#2051=EDGE_CURVE('',#43,#115,#2054,.T.);
#2052=EDGE_CURVE('',#115,#117,#2055,.T.);
#2053=LINE('',#116,#2056);
#2054=LINE('',#42,#2057);
#2055=LINE('',#114,#2058);
#2056=VECTOR('',#2059,1.0);
#2057=VECTOR('',#2060,1.0);
#2058=VECTOR('',#2061,1.0);
#2059=DIRECTION('',(0.9277933720166935,0.3199260556282676,-0.19195514520854073));
#2060=DIRECTION('',(0,-1,0));
#2061=DIRECTION('',(-0.9792608601392708,0,0.20260347430213377));
#2062=FACE_SURFACE('',(#2067),#2063,.T.);
#2063=PLANE('',#2064);
#2064=AXIS2_PLACEMENT_3D('',#40,#2065,#2066);
#2065=DIRECTION('',(1,0,0));
#2066=DIRECTION('',(0,-0.07074429725838391,-0.9974944833959822));
#2067=FACE_BOUND('',#2068,.T.);
#2068=EDGE_LOOP('',(#2069,#2070,#2071));
#2069=ORIENTED_EDGE('',*,*,#2072,.T.);
#2070=ORIENTED_EDGE('',*,*,#2073,.T.);
#2071=ORIENTED_EDGE('',*,*,#2074,.T.);
#2072=EDGE_CURVE('',#41,#119,#2075,.F.);
#2073=EDGE_CURVE('',#119,#67,#2076,.T.);
#2074=EDGE_CURVE('',#67,#41,#2077,.T.);
#2075=LINE('',#40,#2078);
#2076=LINE('',#118,#2079);
#2077=LINE('',#66,#2080);
#2078=VECTOR('',#2081,1.0);
#2079=VECTOR('',#2082,1.0);
#2080=VECTOR('',#2083,1.0);
#2081=DIRECTION('',(0,-0.07074429725838391,-0.9974944833959822));
#2082=DIRECTION('',(0,1,0));
#2083=DIRECTION('',(0,0,1));
#2084=FACE_SURFACE('',(#2089),#2085,.T.);
#2085=PLANE('',#2086);
#2086=AXIS2_PLACEMENT_3D('',#118,#2087,#2088);
#2087=DIRECTION('',(1,0,0));
#2088=DIRECTION('',(0,0.07074429725838391,0.9974944833959822));
#2089=FACE_BOUND('',#2090,.T.);
#2090=EDGE_LOOP('',(#2091,#2092,#2093));
#2091=ORIENTED_EDGE('',*,*,#2094,.T.);
#2092=ORIENTED_EDGE('',*,*,#2095,.T.);
#2093=ORIENTED_EDGE('',*,*,#2096,.T.);
#2094=EDGE_CURVE('',#119,#41,#2097,.F.);
#2095=EDGE_CURVE('',#41,#117,#2098,.T.);
#2096=EDGE_CURVE('',#117,#119,#2099,.T.);
#2097=LINE('',#118,#2100);
#2098=LINE('',#40,#2101);
#2099=LINE('',#116,#2102);
#2100=VECTOR('',#2103,1.0);
#2101=VECTOR('',#2104,1.0);
#2102=VECTOR('',#2105,1.0);
#2103=DIRECTION('',(0,0.07074429725838391,0.9974944833959822));
#2104=DIRECTION('',(0,-1,0));
#2105=DIRECTION('',(0,0,-1));
#2106=FACE_SURFACE('',(#2111),#2107,.T.);
#2107=PLANE('',#2108);
#2108=AXIS2_PLACEMENT_3D('',#120,#2109,#2110);
#2109=DIRECTION('',(0.907649608290627,0.10164442606443864,-0.4072353118528677));
#2110=DIRECTION('',(-0.1793309189400634,0.9711313091766646,-0.15730353412727177));
#2111=FACE_BOUND('',#2112,.T.);
#2112=EDGE_LOOP('',(#2113,#2114,#2115));
#2113=ORIENTED_EDGE('',*,*,#2116,.T.);
#2114=ORIENTED_EDGE('',*,*,#2117,.T.);
#2115=ORIENTED_EDGE('',*,*,#2118,.T.);
#2116=EDGE_CURVE('',#121,#59,#2119,.F.);
#2117=EDGE_CURVE('',#59,#123,#2120,.T.);
#2118=EDGE_CURVE('',#123,#121,#2121,.T.);
#2119=LINE('',#120,#2122);
#2120=LINE('',#58,#2123);
#2121=LINE('',#122,#2124);
#2122=VECTOR('',#2125,1.0);
#2123=VECTOR('',#2126,1.0);
#2124=VECTOR('',#2127,1.0);
#2125=DIRECTION('',(-0.1793309189400634,0.9711313091766646,-0.15730353412727177));
#2126=DIRECTION('',(0.22330423616609527,-0.9384677710261139,0.26346434456213313));
#2127=DIRECTION('',(-0.40935544836086,0,-0.9123749869967278));
#2128=FACE_SURFACE('',(#2133),#2129,.T.);
#2129=PLANE('',#2130);
#2130=AXIS2_PLACEMENT_3D('',#62,#2131,#2132);
#2131=DIRECTION('',(0.7628536578134427,0,-0.6465711846043333));
#2132=DIRECTION('',(0,-1,0));
#2133=FACE_BOUND('',#2134,.T.);
#2134=EDGE_LOOP('',(#2135,#2136,#2137));
#2135=ORIENTED_EDGE('',*,*,#2138,.T.);
#2136=ORIENTED_EDGE('',*,*,#2139,.T.);
#2137=ORIENTED_EDGE('',*,*,#2140,.T.);
#2138=EDGE_CURVE('',#63,#123,#2141,.F.);
#2139=EDGE_CURVE('',#123,#59,#2142,.T.);
#2140=EDGE_CURVE('',#59,#63,#2143,.T.);
#2141=LINE('',#62,#2144);
#2142=LINE('',#122,#2145);
#2143=LINE('',#58,#2146);
#2144=VECTOR('',#2147,1.0);
#2145=VECTOR('',#2148,1.0);
#2146=VECTOR('',#2149,1.0);
#2147=DIRECTION('',(0,-1,0));
#2148=DIRECTION('',(-0.22330423616609527,0.9384677710261139,-0.26346434456213313));
#2149=DIRECTION('',(0.6465711846043333,0,0.7628536578134427));
#2150=FACE_SURFACE('',(#2155),#2151,.T.);
#2151=PLANE('',#2152);
#2152=AXIS2_PLACEMENT_3D('',#118,#2153,#2154);
#2153=DIRECTION('',(0.9859087841139571,0,-0.1672837989972086));
#2154=DIRECTION('',(-0.1672837989972086,0,-0.9859087841139571));
#2155=FACE_BOUND('',#2156,.T.);
#2156=EDGE_LOOP('',(#2157,#2158,#2159));
#2157=ORIENTED_EDGE('',*,*,#2160,.T.);
#2158=ORIENTED_EDGE('',*,*,#2161,.T.);
#2159=ORIENTED_EDGE('',*,*,#2162,.T.);
#2160=EDGE_CURVE('',#119,#123,#2163,.F.);
#2161=EDGE_CURVE('',#123,#67,#2164,.T.);
#2162=EDGE_CURVE('',#67,#119,#2165,.T.);
#2163=LINE('',#118,#2166);
#2164=LINE('',#122,#2167);
#2165=LINE('',#66,#2168);
#2166=VECTOR('',#2169,1.0);
#2167=VECTOR('',#2170,1.0);
#2168=VECTOR('',#2171,1.0);
#2169=DIRECTION('',(-0.1672837989972086,0,-0.9859087841139571));
#2170=DIRECTION('',(0.025103112556565693,0.9886764329970488,0.1479484524292306));
#2171=DIRECTION('',(0,-1,0));
#2172=FACE_SURFACE('',(#2177),#2173,.T.);
#2173=PLANE('',#2174);
#2174=AXIS2_PLACEMENT_3D('',#62,#2175,#2176);
#2175=DIRECTION('',(0.9859087841139571,0,-0.1672837989972086));
#2176=DIRECTION('',(0.1672837989972086,0,0.9859087841139571));
#2177=FACE_BOUND('',#2178,.T.);
#2178=EDGE_LOOP('',(#2179,#2180,#2181));
#2179=ORIENTED_EDGE('',*,*,#2182,.T.);
#2180=ORIENTED_EDGE('',*,*,#2183,.T.);
#2181=ORIENTED_EDGE('',*,*,#2184,.T.);
#2182=EDGE_CURVE('',#63,#67,#2185,.F.);
#2183=EDGE_CURVE('',#67,#123,#2186,.T.);
#2184=EDGE_CURVE('',#123,#63,#2187,.T.);
#2185=LINE('',#62,#2188);
#2186=LINE('',#66,#2189);
#2187=LINE('',#122,#2190);
#2188=VECTOR('',#2191,1.0);
#2189=VECTOR('',#2192,1.0);
#2190=VECTOR('',#2193,1.0);
#2191=DIRECTION('',(0.1672837989972086,0,0.9859087841139571));
#2192=DIRECTION('',(-0.025103112556565693,-0.9886764329970488,-0.1479484524292306));
#2193=DIRECTION('',(0,1,0));
#2194=FACE_SURFACE('',(#2199),#2195,.T.);
#2195=PLANE('',#2196);
#2196=AXIS2_PLACEMENT_3D('',#124,#2197,#2198);
#2197=DIRECTION('',(0.6457698350467242,-0.004425547442387534,-0.763519308644884));
#2198=DIRECTION('',(0.027603627233491912,0.9994648145713404,0.017553466820855908));
#2199=FACE_BOUND('',#2200,.T.);
#2200=EDGE_LOOP('',(#2201,#2202,#2203));
#2201=ORIENTED_EDGE('',*,*,#2204,.T.);
#2202=ORIENTED_EDGE('',*,*,#2205,.T.);
#2203=ORIENTED_EDGE('',*,*,#2206,.T.);
#2204=EDGE_CURVE('',#125,#59,#2207,.F.);
#2205=EDGE_CURVE('',#59,#121,#2208,.T.);
#2206=EDGE_CURVE('',#121,#125,#2209,.T.);
#2207=LINE('',#124,#2210);
#2208=LINE('',#58,#2211);
#2209=LINE('',#120,#2212);
#2210=VECTOR('',#2213,1.0);
#2211=VECTOR('',#2214,1.0);
#2212=VECTOR('',#2215,1.0);
#2213=DIRECTION('',(0.027603627233491912,0.9994648145713404,0.017553466820855908));
#2214=DIRECTION('',(0.1793309189400634,-0.9711313091766646,0.15730353412727177));
#2215=DIRECTION('',(-0.7635267856970354,0,-0.6457761589925364));
#2216=FACE_SURFACE('',(#2221),#2217,.T.);
#2217=PLANE('',#2218);
#2218=AXIS2_PLACEMENT_3D('',#124,#2219,#2220);
#2219=DIRECTION('',(0.24162257826812752,0.010368279984157493,-0.9703149119957049));
#2220=DIRECTION('',(-0.9703670712243095,0,-0.24163556667749866));
#2221=FACE_BOUND('',#2222,.T.);
#2222=EDGE_LOOP('',(#2223,#2224,#2225));
#2223=ORIENTED_EDGE('',*,*,#2226,.T.);
#2224=ORIENTED_EDGE('',*,*,#2227,.T.);
#2225=ORIENTED_EDGE('',*,*,#2228,.T.);
#2226=EDGE_CURVE('',#125,#127,#2229,.F.);
#2227=EDGE_CURVE('',#127,#59,#2230,.T.);
#2228=EDGE_CURVE('',#59,#125,#2231,.T.);
#2229=LINE('',#124,#2232);
#2230=LINE('',#126,#2233);
#2231=LINE('',#58,#2234);
#2232=VECTOR('',#2235,1.0);
#2233=VECTOR('',#2236,1.0);
#2234=VECTOR('',#2237,1.0);
#2235=DIRECTION('',(-0.9703670712243095,0,-0.24163556667749866));
#2236=DIRECTION('',(0.22977541252787298,0.9708937095697411,0.06759189681872473));
#2237=DIRECTION('',(-0.027603627233491912,-0.9994648145713404,-0.017553466820855908));
#2238=FACE_SURFACE('',(#2243),#2239,.T.);
#2239=PLANE('',#2240);
#2240=AXIS2_PLACEMENT_3D('',#58,#2241,#2242);
#2241=DIRECTION('',(0.2822081834133657,0,-0.9593531889843949));
#2242=DIRECTION('',(-0.22977541252787298,-0.9708937095697411,-0.06759189681872473));
#2243=FACE_BOUND('',#2244,.T.);
#2244=EDGE_LOOP('',(#2245,#2246,#2247));
#2245=ORIENTED_EDGE('',*,*,#2248,.T.);
#2246=ORIENTED_EDGE('',*,*,#2249,.T.);
#2247=ORIENTED_EDGE('',*,*,#2250,.T.);
#2248=EDGE_CURVE('',#59,#127,#2251,.F.);
#2249=EDGE_CURVE('',#127,#55,#2252,.T.);
#2250=EDGE_CURVE('',#55,#59,#2253,.T.);
#2251=LINE('',#58,#2254);
#2252=LINE('',#126,#2255);
#2253=LINE('',#54,#2256);
#2254=VECTOR('',#2257,1.0);
#2255=VECTOR('',#2258,1.0);
#2256=VECTOR('',#2259,1.0);
#2257=DIRECTION('',(-0.22977541252787298,-0.9708937095697411,-0.06759189681872473));
#2258=DIRECTION('',(0,1,0));
#2259=DIRECTION('',(0.9593531889843949,0,0.2822081834133657));
#2260=FACE_SURFACE('',(#2265),#2261,.T.);
#2261=PLANE('',#2262);
#2262=AXIS2_PLACEMENT_3D('',#54,#2263,#2264);
#2263=DIRECTION('',(0,-0,-1));
#2264=DIRECTION('',(0,-1,0));
#2265=FACE_BOUND('',#2266,.T.);
#2266=EDGE_LOOP('',(#2267,#2268,#2269));
#2267=ORIENTED_EDGE('',*,*,#2270,.T.);
#2268=ORIENTED_EDGE('',*,*,#2271,.T.);
#2269=ORIENTED_EDGE('',*,*,#2272,.T.);
#2270=EDGE_CURVE('',#55,#127,#2273,.F.);
#2271=EDGE_CURVE('',#127,#129,#2274,.T.);
#2272=EDGE_CURVE('',#129,#55,#2275,.T.);
#2273=LINE('',#54,#2276);
#2274=LINE('',#126,#2277);
#2275=LINE('',#128,#2278);
#2276=VECTOR('',#2279,1.0);
#2277=VECTOR('',#2280,1.0);
#2278=VECTOR('',#2281,1.0);
#2279=DIRECTION('',(0,-1,0));
#2280=DIRECTION('',(-1,0,0));
#2281=DIRECTION('',(0.9887154221471693,0.149805921139135,0));
#2282=FACE_SURFACE('',(#2287),#2283,.T.);
#2283=PLANE('',#2284);
#2284=AXIS2_PLACEMENT_3D('',#54,#2285,#2286);
#2285=DIRECTION('',(-0,0,-1));
#2286=DIRECTION('',(-0.9887154221471693,-0.149805921139135,0));
#2287=FACE_BOUND('',#2288,.T.);
#2288=EDGE_LOOP('',(#2289,#2290,#2291));
#2289=ORIENTED_EDGE('',*,*,#2292,.T.);
#2290=ORIENTED_EDGE('',*,*,#2293,.T.);
#2291=ORIENTED_EDGE('',*,*,#2294,.T.);
#2292=EDGE_CURVE('',#55,#129,#2295,.F.);
#2293=EDGE_CURVE('',#129,#91,#2296,.T.);
#2294=EDGE_CURVE('',#91,#55,#2297,.T.);
#2295=LINE('',#54,#2298);
#2296=LINE('',#128,#2299);
#2297=LINE('',#90,#2300);
#2298=VECTOR('',#2301,1.0);
#2299=VECTOR('',#2302,1.0);
#2300=VECTOR('',#2303,1.0);
#2301=DIRECTION('',(-0.9887154221471693,-0.149805921139135,0));
#2302=DIRECTION('',(0,1,0));
#2303=DIRECTION('',(1,0,0));
#2304=FACE_SURFACE('',(#2309),#2305,.T.);
#2305=PLANE('',#2306);
#2306=AXIS2_PLACEMENT_3D('',#130,#2307,#2308);
#2307=DIRECTION('',(-0.5358203794320391,0.041160583631216295,-0.8433281255480831));
#2308=DIRECTION('',(-0.03941247205187212,0.9965029970646185,0.07367790637629103));
#2309=FACE_BOUND('',#2310,.T.);
#2310=EDGE_LOOP('',(#2311,#2312,#2313));
#2311=ORIENTED_EDGE('',*,*,#2314,.T.);
#2312=ORIENTED_EDGE('',*,*,#2315,.T.);
#2313=ORIENTED_EDGE('',*,*,#2316,.T.);
#2314=EDGE_CURVE('',#131,#49,#2317,.F.);
#2315=EDGE_CURVE('',#49,#129,#2318,.T.);
#2316=EDGE_CURVE('',#129,#131,#2319,.T.);
#2317=LINE('',#130,#2320);
#2318=LINE('',#48,#2321);
#2319=LINE('',#128,#2322);
#2320=VECTOR('',#2323,1.0);
#2321=VECTOR('',#2324,1.0);
#2322=VECTOR('',#2325,1.0);
#2323=DIRECTION('',(-0.03941247205187212,0.9965029970646185,0.07367790637629103));
#2324=DIRECTION('',(0.40878100023446035,-0.8612998852676695,-0.30176249184617554));
#2325=DIRECTION('',(-0.8440434151312282,0,0.536274848723687));
#2326=FACE_SURFACE('',(#2331),#2327,.T.);
#2327=PLANE('',#2328);
#2328=AXIS2_PLACEMENT_3D('',#64,#2329,#2330);
#2329=DIRECTION('',(-0.7144085821731733,-0.09623995652974558,-0.6930788183781619));
#2330=DIRECTION('',(0.16671638611264994,-0.9853828535604823,-0.035018259673192796));
#2331=FACE_BOUND('',#2332,.T.);
#2332=EDGE_LOOP('',(#2333,#2334,#2335));
#2333=ORIENTED_EDGE('',*,*,#2336,.T.);
#2334=ORIENTED_EDGE('',*,*,#2337,.T.);
#2335=ORIENTED_EDGE('',*,*,#2338,.T.);
#2336=EDGE_CURVE('',#65,#129,#2339,.F.);
#2337=EDGE_CURVE('',#129,#49,#2340,.T.);
#2338=EDGE_CURVE('',#49,#65,#2341,.T.);
#2339=LINE('',#64,#2342);
#2340=LINE('',#128,#2343);
#2341=LINE('',#48,#2344);
#2342=VECTOR('',#2345,1.0);
#2343=VECTOR('',#2346,1.0);
#2344=VECTOR('',#2347,1.0);
#2345=DIRECTION('',(0.16671638611264994,-0.9853828535604823,-0.035018259673192796));
#2346=DIRECTION('',(-0.40878100023446035,0.8612998852676695,0.30176249184617554));
#2347=DIRECTION('',(0.6963109811126343,0,-0.7177402159430392));
#2348=FACE_SURFACE('',(#2353),#2349,.T.);
#2349=PLANE('',#2350);
#2350=AXIS2_PLACEMENT_3D('',#128,#2351,#2352);
#2351=DIRECTION('',(-0.2055611915690851,0,-0.9786442645418701));
#2352=DIRECTION('',(-0.16671638611264994,0.9853828535604823,0.035018259673192796));
#2353=FACE_BOUND('',#2354,.T.);
#2354=EDGE_LOOP('',(#2355,#2356,#2357));
#2355=ORIENTED_EDGE('',*,*,#2358,.T.);
#2356=ORIENTED_EDGE('',*,*,#2359,.T.);
#2357=ORIENTED_EDGE('',*,*,#2360,.T.);
#2358=EDGE_CURVE('',#129,#65,#2361,.F.);
#2359=EDGE_CURVE('',#65,#91,#2362,.T.);
#2360=EDGE_CURVE('',#91,#129,#2363,.T.);
#2361=LINE('',#128,#2364);
#2362=LINE('',#64,#2365);
#2363=LINE('',#90,#2366);
#2364=VECTOR('',#2367,1.0);
#2365=VECTOR('',#2368,1.0);
#2366=VECTOR('',#2369,1.0);
#2367=DIRECTION('',(-0.16671638611264994,0.9853828535604823,0.035018259673192796));
#2368=DIRECTION('',(0.9786442645418701,0,-0.2055611915690851));
#2369=DIRECTION('',(0,-1,0));
#2370=FACE_SURFACE('',(#2375),#2371,.T.);
#2371=PLANE('',#2372);
#2372=AXIS2_PLACEMENT_3D('',#44,#2373,#2374);
#2373=DIRECTION('',(-0.9603102729551337,-0,-0.2789340059168776));
#2374=DIRECTION('',(0.06324979533005898,-0.9739517356087277,-0.21775555123911872));
#2375=FACE_BOUND('',#2376,.T.);
#2376=EDGE_LOOP('',(#2377,#2378,#2379));
#2377=ORIENTED_EDGE('',*,*,#2380,.T.);
#2378=ORIENTED_EDGE('',*,*,#2381,.T.);
#2379=ORIENTED_EDGE('',*,*,#2382,.T.);
#2380=EDGE_CURVE('',#45,#131,#2383,.F.);
#2381=EDGE_CURVE('',#131,#97,#2384,.T.);
#2382=EDGE_CURVE('',#97,#45,#2385,.T.);
#2383=LINE('',#44,#2386);
#2384=LINE('',#130,#2387);
#2385=LINE('',#96,#2388);
#2386=VECTOR('',#2389,1.0);
#2387=VECTOR('',#2390,1.0);
#2388=VECTOR('',#2391,1.0);
#2389=DIRECTION('',(0.06324979533005898,-0.9739517356087277,-0.21775555123911872));
#2390=DIRECTION('',(-0.2789340059168776,0,0.9603102729551337));
#2391=DIRECTION('',(0,1,0));
#2392=FACE_SURFACE('',(#2397),#2393,.T.);
#2393=PLANE('',#2394);
#2394=AXIS2_PLACEMENT_3D('',#130,#2395,#2396);
#2395=DIRECTION('',(-0.9855595166801199,-0.026615658149891225,-0.16722453714242067));
#2396=DIRECTION('',(-0.06324979533005898,0.9739517356087277,0.21775555123911872));
#2397=FACE_BOUND('',#2398,.T.);
#2398=EDGE_LOOP('',(#2399,#2400,#2401));
#2399=ORIENTED_EDGE('',*,*,#2402,.T.);
#2400=ORIENTED_EDGE('',*,*,#2403,.T.);
#2401=ORIENTED_EDGE('',*,*,#2404,.T.);
#2402=EDGE_CURVE('',#131,#45,#2405,.F.);
#2403=EDGE_CURVE('',#45,#49,#2406,.T.);
#2404=EDGE_CURVE('',#49,#131,#2407,.T.);
#2405=LINE('',#130,#2408);
#2406=LINE('',#44,#2409);
#2407=LINE('',#48,#2410);
#2408=VECTOR('',#2411,1.0);
#2409=VECTOR('',#2412,1.0);
#2410=VECTOR('',#2413,1.0);
#2411=DIRECTION('',(-0.06324979533005898,0.9739517356087277,0.21775555123911872));
#2412=DIRECTION('',(0.1672837989972086,0,-0.9859087841139571));
#2413=DIRECTION('',(0.03941247205187212,-0.9965029970646185,-0.07367790637629103));
#2414=FACE_SURFACE('',(#2419),#2415,.T.);
#2415=PLANE('',#2416);
#2416=AXIS2_PLACEMENT_3D('',#132,#2417,#2418);
#2417=DIRECTION('',(-1,0,0));
#2418=DIRECTION('',(0,1,0));
#2419=FACE_BOUND('',#2420,.T.);
#2420=EDGE_LOOP('',(#2421,#2422,#2423));
#2421=ORIENTED_EDGE('',*,*,#2424,.T.);
#2422=ORIENTED_EDGE('',*,*,#2425,.T.);
#2423=ORIENTED_EDGE('',*,*,#2426,.T.);
#2424=EDGE_CURVE('',#133,#71,#2427,.F.);
#2425=EDGE_CURVE('',#71,#69,#2428,.T.);
#2426=EDGE_CURVE('',#69,#133,#2429,.T.);
#2427=LINE('',#132,#2430);
#2428=LINE('',#70,#2431);
#2429=LINE('',#68,#2432);
#2430=VECTOR('',#2433,1.0);
#2431=VECTOR('',#2434,1.0);
#2432=VECTOR('',#2435,1.0);
#2433=DIRECTION('',(0,1,0));
#2434=DIRECTION('',(0,0,-1));
#2435=DIRECTION('',(0,-0.24253562503633297,0.9701425001453319));
#2436=FACE_SURFACE('',(#2441),#2437,.T.);
#2437=PLANE('',#2438);
#2438=AXIS2_PLACEMENT_3D('',#132,#2439,#2440);
#2439=DIRECTION('',(-1,0,0));
#2440=DIRECTION('',(0,0.24253562503633297,-0.9701425001453319));
#2441=FACE_BOUND('',#2442,.T.);
#2442=EDGE_LOOP('',(#2443,#2444,#2445));
#2443=ORIENTED_EDGE('',*,*,#2446,.T.);
#2444=ORIENTED_EDGE('',*,*,#2447,.T.);
#2445=ORIENTED_EDGE('',*,*,#2448,.T.);
#2446=EDGE_CURVE('',#133,#69,#2449,.F.);
#2447=EDGE_CURVE('',#69,#135,#2450,.T.);
#2448=EDGE_CURVE('',#135,#133,#2451,.T.);
#2449=LINE('',#132,#2452);
#2450=LINE('',#68,#2453);
#2451=LINE('',#134,#2454);
#2452=VECTOR('',#2455,1.0);
#2453=VECTOR('',#2456,1.0);
#2454=VECTOR('',#2457,1.0);
#2455=DIRECTION('',(0,0.24253562503633297,-0.9701425001453319));
#2456=DIRECTION('',(0,-1,0));
#2457=DIRECTION('',(0,0,1));
#2458=FACE_SURFACE('',(#2463),#2459,.T.);
#2459=PLANE('',#2460);
#2460=AXIS2_PLACEMENT_3D('',#136,#2461,#2462);
#2461=DIRECTION('',(-0.08877275168813675,5.418258770027878E-06,-0.9960519055392439));
#2462=DIRECTION('',(6.103515613631316E-05,0.9999999981373549,0));
#2463=FACE_BOUND('',#2464,.T.);
#2464=EDGE_LOOP('',(#2465,#2466,#2467));
#2465=ORIENTED_EDGE('',*,*,#2468,.T.);
#2466=ORIENTED_EDGE('',*,*,#2469,.T.);
#2467=ORIENTED_EDGE('',*,*,#2470,.T.);
#2468=EDGE_CURVE('',#137,#77,#2471,.F.);
#2469=EDGE_CURVE('',#77,#139,#2472,.T.);
#2470=EDGE_CURVE('',#139,#137,#2473,.T.);
#2471=LINE('',#136,#2474);
#2472=LINE('',#76,#2475);
#2473=LINE('',#138,#2476);
#2474=VECTOR('',#2477,1.0);
#2475=VECTOR('',#2478,1.0);
#2476=VECTOR('',#2479,1.0);
#2477=DIRECTION('',(6.103515613631316E-05,0.9999999981373549,0));
#2478=DIRECTION('',(0.2641472585768149,-0.9641948723454464,-0.02354727009870738));
#2479=DIRECTION('',(-0.9960519055538647,0,0.08877275168943982));
#2480=FACE_SURFACE('',(#2485),#2481,.T.);
#2481=PLANE('',#2482);
#2482=AXIS2_PLACEMENT_3D('',#74,#2483,#2484);
#2483=DIRECTION('',(-0.21954313769080064,-0.03633588543960383,-0.9749259018623918));
#2484=DIRECTION('',(-0.26253712273255986,-0.9602429331064317,0.09490926512446458));
#2485=FACE_BOUND('',#2486,.T.);
#2486=EDGE_LOOP('',(#2487,#2488,#2489));
#2487=ORIENTED_EDGE('',*,*,#2490,.T.);
#2488=ORIENTED_EDGE('',*,*,#2491,.T.);
#2489=ORIENTED_EDGE('',*,*,#2492,.T.);
#2490=EDGE_CURVE('',#75,#139,#2493,.F.);
#2491=EDGE_CURVE('',#139,#77,#2494,.T.);
#2492=EDGE_CURVE('',#77,#75,#2495,.T.);
#2493=LINE('',#74,#2496);
#2494=LINE('',#138,#2497);
#2495=LINE('',#76,#2498);
#2496=VECTOR('',#2499,1.0);
#2497=VECTOR('',#2500,1.0);
#2498=VECTOR('',#2501,1.0);
#2499=DIRECTION('',(-0.26253712273255986,-0.9602429331064317,0.09490926512446458));
#2500=DIRECTION('',(-0.2641472585768149,0.9641948723454464,0.02354727009870738));
#2501=DIRECTION('',(0.9755701355297011,0,-0.21968821238874123));
#2502=FACE_SURFACE('',(#2507),#2503,.T.);
#2503=PLANE('',#2504);
#2504=AXIS2_PLACEMENT_3D('',#140,#2505,#2506);
#2505=DIRECTION('',(-0.46823991603788356,0.04077901431702365,-0.8826598739152969));
#2506=DIRECTION('',(-0.8833946904158387,0,0.46862972691145455));
#2507=FACE_BOUND('',#2508,.T.);
#2508=EDGE_LOOP('',(#2509,#2510,#2511));
#2509=ORIENTED_EDGE('',*,*,#2512,.T.);
#2510=ORIENTED_EDGE('',*,*,#2513,.T.);
#2511=ORIENTED_EDGE('',*,*,#2514,.T.);
#2512=EDGE_CURVE('',#141,#139,#2515,.F.);
#2513=EDGE_CURVE('',#139,#75,#2516,.T.);
#2514=EDGE_CURVE('',#75,#141,#2517,.T.);
#2515=LINE('',#140,#2518);
#2516=LINE('',#138,#2519);
#2517=LINE('',#74,#2520);
#2518=VECTOR('',#2521,1.0);
#2519=VECTOR('',#2522,1.0);
#2520=VECTOR('',#2523,1.0);
#2521=DIRECTION('',(-0.8833946904158387,0,0.46862972691145455));
#2522=DIRECTION('',(0.26253712273255986,0.9602429331064317,-0.09490926512446458));
#2523=DIRECTION('',(0.1524426130608474,-0.9802275401840359,-0.12615553570071794));
#2524=FACE_SURFACE('',(#2529),#2525,.T.);
#2525=PLANE('',#2526);
#2526=AXIS2_PLACEMENT_3D('',#72,#2527,#2528);
#2527=DIRECTION('',(-0.7242509091715428,-0.02394373858640329,-0.6891206846022689));
#2528=DIRECTION('',(-0.23429688831064185,-0.9313891102951731,0.2786023929393223));
#2529=FACE_BOUND('',#2530,.T.);
#2530=EDGE_LOOP('',(#2531,#2532,#2533));
#2531=ORIENTED_EDGE('',*,*,#2534,.T.);
#2532=ORIENTED_EDGE('',*,*,#2535,.T.);
#2533=ORIENTED_EDGE('',*,*,#2536,.T.);
#2534=EDGE_CURVE('',#73,#141,#2537,.F.);
#2535=EDGE_CURVE('',#141,#75,#2538,.T.);
#2536=EDGE_CURVE('',#75,#73,#2539,.T.);
#2537=LINE('',#72,#2540);
#2538=LINE('',#140,#2541);
#2539=LINE('',#74,#2542);
#2540=VECTOR('',#2543,1.0);
#2541=VECTOR('',#2544,1.0);
#2542=VECTOR('',#2545,1.0);
#2543=DIRECTION('',(-0.23429688831064185,-0.9313891102951731,0.2786023929393223));
#2544=DIRECTION('',(-0.1524426130608474,0.9802275401840359,0.12615553570071794));
#2545=DIRECTION('',(0.6893183069255019,0,-0.7244586059516164));
#2546=FACE_SURFACE('',(#2551),#2547,.T.);
#2547=PLANE('',#2548);
#2548=AXIS2_PLACEMENT_3D('',#142,#2549,#2550);
#2549=DIRECTION('',(-0.8263166594311407,0.039817475417701996,-0.5617965352313244));
#2550=DIRECTION('',(-0.5622424103990344,0,0.8269724735132866));
#2551=FACE_BOUND('',#2552,.T.);
#2552=EDGE_LOOP('',(#2553,#2554,#2555));
#2553=ORIENTED_EDGE('',*,*,#2556,.T.);
#2554=ORIENTED_EDGE('',*,*,#2557,.T.);
#2555=ORIENTED_EDGE('',*,*,#2558,.T.);
#2556=EDGE_CURVE('',#143,#141,#2559,.F.);
#2557=EDGE_CURVE('',#141,#73,#2560,.T.);
#2558=EDGE_CURVE('',#73,#143,#2561,.T.);
#2559=LINE('',#142,#2562);
#2560=LINE('',#140,#2563);
#2561=LINE('',#72,#2564);
#2562=VECTOR('',#2565,1.0);
#2563=VECTOR('',#2566,1.0);
#2564=VECTOR('',#2567,1.0);
#2565=DIRECTION('',(-0.5622424103990344,0,0.8269724735132866));
#2566=DIRECTION('',(0.23429688831064185,0.9313891102951731,-0.2786023929393223));
#2567=DIRECTION('',(0.05826097932655506,-0.986103187279213,-0.15558329706523227));
#2568=FACE_SURFACE('',(#2573),#2569,.T.);
#2569=PLANE('',#2570);
#2570=AXIS2_PLACEMENT_3D('',#70,#2571,#2572);
#2571=DIRECTION('',(-0.9720746916398588,-0.02054883749229798,-0.23377027003233009));
#2572=DIRECTION('',(-0.045947648232793945,-0.9602120773547143,0.27546611429360934));
#2573=FACE_BOUND('',#2574,.T.);
#2574=EDGE_LOOP('',(#2575,#2576,#2577));
#2575=ORIENTED_EDGE('',*,*,#2578,.T.);
#2576=ORIENTED_EDGE('',*,*,#2579,.T.);
#2577=ORIENTED_EDGE('',*,*,#2580,.T.);
#2578=EDGE_CURVE('',#71,#143,#2581,.F.);
#2579=EDGE_CURVE('',#143,#73,#2582,.T.);
#2580=EDGE_CURVE('',#73,#71,#2583,.T.);
#2581=LINE('',#70,#2584);
#2582=LINE('',#142,#2585);
#2583=LINE('',#72,#2586);
#2584=VECTOR('',#2587,1.0);
#2585=VECTOR('',#2588,1.0);
#2586=VECTOR('',#2589,1.0);
#2587=DIRECTION('',(-0.045947648232793945,-0.9602120773547143,0.27546611429360934));
#2588=DIRECTION('',(-0.05826097932655506,0.986103187279213,0.15558329706523227));
#2589=DIRECTION('',(0.23381964096843902,0,-0.9722799882222148));
#2590=FACE_SURFACE('',(#2595),#2591,.T.);
#2591=PLANE('',#2592);
#2592=AXIS2_PLACEMENT_3D('',#132,#2593,#2594);
#2593=DIRECTION('',(-0.986372646452941,0,-0.16452660067424194));
#2594=DIRECTION('',(-0.16452660067424194,0,0.986372646452941));
#2595=FACE_BOUND('',#2596,.T.);
#2596=EDGE_LOOP('',(#2597,#2598,#2599));
#2597=ORIENTED_EDGE('',*,*,#2600,.T.);
#2598=ORIENTED_EDGE('',*,*,#2601,.T.);
#2599=ORIENTED_EDGE('',*,*,#2602,.T.);
#2600=EDGE_CURVE('',#133,#143,#2603,.F.);
#2601=EDGE_CURVE('',#143,#71,#2604,.T.);
#2602=EDGE_CURVE('',#71,#133,#2605,.T.);
#2603=LINE('',#132,#2606);
#2604=LINE('',#142,#2607);
#2605=LINE('',#70,#2608);
#2606=VECTOR('',#2609,1.0);
#2607=VECTOR('',#2610,1.0);
#2608=VECTOR('',#2611,1.0);
#2609=DIRECTION('',(-0.16452660067424194,0,0.986372646452941));
#2610=DIRECTION('',(0.045947648232793945,0.9602120773547143,-0.27546611429360934));
#2611=DIRECTION('',(0,-1,0));
#2612=FACE_SURFACE('',(#2617),#2613,.T.);
#2613=PLANE('',#2614);
#2614=AXIS2_PLACEMENT_3D('',#144,#2615,#2616);
#2615=DIRECTION('',(0.2451853920364657,-0.006949106809354094,-0.9694513053508551));
#2616=DIRECTION('',(-0.019556591168353614,0.9997353812864449,-0.012112272533286091));
#2617=FACE_BOUND('',#2618,.T.);
#2618=EDGE_LOOP('',(#2619,#2620,#2621));
#2619=ORIENTED_EDGE('',*,*,#2622,.T.);
#2620=ORIENTED_EDGE('',*,*,#2623,.T.);
#2621=ORIENTED_EDGE('',*,*,#2624,.T.);
#2622=EDGE_CURVE('',#145,#79,#2625,.F.);
#2623=EDGE_CURVE('',#79,#137,#2626,.T.);
#2624=EDGE_CURVE('',#137,#145,#2627,.T.);
#2625=LINE('',#144,#2628);
#2626=LINE('',#78,#2629);
#2627=LINE('',#136,#2630);
#2628=VECTOR('',#2631,1.0);
#2629=VECTOR('',#2632,1.0);
#2630=VECTOR('',#2633,1.0);
#2631=DIRECTION('',(-0.019556591168353614,0.9997353812864449,-0.012112272533286091));
#2632=DIRECTION('',(0.33096738587894636,-0.9392983977551804,0.0904384291051512));
#2633=DIRECTION('',(-0.9694747136418361,0,-0.2451913122626487));
#2634=FACE_SURFACE('',(#2639),#2635,.T.);
#2635=PLANE('',#2636);
#2636=AXIS2_PLACEMENT_3D('',#76,#2637,#2638);
#2637=DIRECTION('',(0.26354854142603307,-1.6085726405397526E-05,-0.9646461351466972));
#2638=DIRECTION('',(-6.103515613631316E-05,-0.9999999981373549,0));
#2639=FACE_BOUND('',#2640,.T.);
#2640=EDGE_LOOP('',(#2641,#2642,#2643));
#2641=ORIENTED_EDGE('',*,*,#2644,.T.);
#2642=ORIENTED_EDGE('',*,*,#2645,.T.);
#2643=ORIENTED_EDGE('',*,*,#2646,.T.);
#2644=EDGE_CURVE('',#77,#137,#2647,.F.);
#2645=EDGE_CURVE('',#137,#79,#2648,.T.);
#2646=EDGE_CURVE('',#79,#77,#2649,.T.);
#2647=LINE('',#76,#2650);
#2648=LINE('',#136,#2651);
#2649=LINE('',#78,#2652);
#2650=VECTOR('',#2653,1.0);
#2651=VECTOR('',#2654,1.0);
#2652=VECTOR('',#2655,1.0);
#2653=DIRECTION('',(-6.103515613631316E-05,-0.9999999981373549,0));
#2654=DIRECTION('',(-0.33096738587894636,0.9392983977551804,-0.0904384291051512));
#2655=DIRECTION('',(0.9646461352714986,0,0.2635485414601297));
#2656=FACE_SURFACE('',(#2661),#2657,.T.);
#2657=PLANE('',#2658);
#2658=AXIS2_PLACEMENT_3D('',#146,#2659,#2660);
#2659=DIRECTION('',(0.5529260469513031,0.0007212304110128179,-0.8332300201201945));
#2660=DIRECTION('',(0.26397093484557954,0.9483389532967822,0.1759902702330851));
#2661=FACE_BOUND('',#2662,.T.);
#2662=EDGE_LOOP('',(#2663,#2664,#2665));
#2663=ORIENTED_EDGE('',*,*,#2666,.T.);
#2664=ORIENTED_EDGE('',*,*,#2667,.T.);
#2665=ORIENTED_EDGE('',*,*,#2668,.T.);
#2666=EDGE_CURVE('',#147,#79,#2669,.F.);
#2667=EDGE_CURVE('',#79,#145,#2670,.T.);
#2668=EDGE_CURVE('',#145,#147,#2671,.T.);
#2669=LINE('',#146,#2672);
#2670=LINE('',#78,#2673);
#2671=LINE('',#144,#2674);
#2672=VECTOR('',#2675,1.0);
#2673=VECTOR('',#2676,1.0);
#2674=VECTOR('',#2677,1.0);
#2675=DIRECTION('',(0.26397093484557954,0.9483389532967822,0.1759902702330851));
#2676=DIRECTION('',(0.019556591168353614,-0.9997353812864449,0.012112272533286091));
#2677=DIRECTION('',(-0.833230236832286,0,-0.5529261907600439));
#2678=FACE_SURFACE('',(#2683),#2679,.T.);
#2679=PLANE('',#2680);
#2680=AXIS2_PLACEMENT_3D('',#78,#2681,#2682);
#2681=DIRECTION('',(0.6029673941096984,-0.019834938376673834,-0.7975192141009226));
#2682=DIRECTION('',(-0.26397093484557954,-0.9483389532967822,-0.1759902702330851));
#2683=FACE_BOUND('',#2684,.T.);
#2684=EDGE_LOOP('',(#2685,#2686,#2687));
#2685=ORIENTED_EDGE('',*,*,#2688,.T.);
#2686=ORIENTED_EDGE('',*,*,#2689,.T.);
#2687=ORIENTED_EDGE('',*,*,#2690,.T.);
#2688=EDGE_CURVE('',#79,#147,#2691,.F.);
#2689=EDGE_CURVE('',#147,#81,#2692,.T.);
#2690=EDGE_CURVE('',#81,#79,#2693,.T.);
#2691=LINE('',#78,#2694);
#2692=LINE('',#146,#2695);
#2693=LINE('',#80,#2696);
#2694=VECTOR('',#2697,1.0);
#2695=VECTOR('',#2698,1.0);
#2696=VECTOR('',#2699,1.0);
#2697=DIRECTION('',(-0.26397093484557954,-0.9483389532967822,-0.1759902702330851));
#2698=DIRECTION('',(-0.06538233662525103,0.9950991205463195,-0.0741814690159461));
#2699=DIRECTION('',(0.7976761423178668,0,0.6030860402769129));
#2700=FACE_SURFACE('',(#2705),#2701,.T.);
#2701=PLANE('',#2702);
#2702=AXIS2_PLACEMENT_3D('',#148,#2703,#2704);
#2703=DIRECTION('',(0.8013888252811353,0.008069074769525524,-0.5980893250567892));
#2704=DIRECTION('',(0.1315775330212259,0.973038276244534,0.18943037181802197));
#2705=FACE_BOUND('',#2706,.T.);
#2706=EDGE_LOOP('',(#2707,#2708,#2709));
#2707=ORIENTED_EDGE('',*,*,#2710,.T.);
#2708=ORIENTED_EDGE('',*,*,#2711,.T.);
#2709=ORIENTED_EDGE('',*,*,#2712,.T.);
#2710=EDGE_CURVE('',#149,#81,#2713,.F.);
#2711=EDGE_CURVE('',#81,#147,#2714,.T.);
#2712=EDGE_CURVE('',#147,#149,#2715,.T.);
#2713=LINE('',#148,#2716);
#2714=LINE('',#80,#2717);
#2715=LINE('',#146,#2718);
#2716=VECTOR('',#2719,1.0);
#2717=VECTOR('',#2720,1.0);
#2718=VECTOR('',#2721,1.0);
#2719=DIRECTION('',(0.1315775330212259,0.973038276244534,0.18943037181802197));
#2720=DIRECTION('',(0.06538233662525103,-0.9950991205463195,0.0741814690159461));
#2721=DIRECTION('',(-0.5981087967959466,0,-0.8014149157554437));
#2722=FACE_SURFACE('',(#2727),#2723,.T.);
#2723=PLANE('',#2724);
#2724=AXIS2_PLACEMENT_3D('',#82,#2725,#2726);
#2725=DIRECTION('',(0.8754767471439492,-0.024424421357518256,-0.4826426347222135));
#2726=DIRECTION('',(0.4827866599654311,0,0.8757379978963019));
#2727=FACE_BOUND('',#2728,.T.);
#2728=EDGE_LOOP('',(#2729,#2730,#2731));
#2729=ORIENTED_EDGE('',*,*,#2732,.T.);
#2730=ORIENTED_EDGE('',*,*,#2733,.T.);
#2731=ORIENTED_EDGE('',*,*,#2734,.T.);
#2732=EDGE_CURVE('',#83,#81,#2735,.F.);
#2733=EDGE_CURVE('',#81,#149,#2736,.T.);
#2734=EDGE_CURVE('',#149,#83,#2737,.T.);
#2735=LINE('',#82,#2738);
#2736=LINE('',#80,#2739);
#2737=LINE('',#148,#2740);
#2738=VECTOR('',#2741,1.0);
#2739=VECTOR('',#2742,1.0);
#2740=VECTOR('',#2743,1.0);
#2741=DIRECTION('',(0.4827866599654311,0,0.8757379978963019));
#2742=DIRECTION('',(-0.1315775330212259,-0.973038276244534,-0.18943037181802197));
#2743=DIRECTION('',(-0.05826097932655506,0.986103187279213,-0.15558329706523227));
#2744=FACE_SURFACE('',(#2749),#2745,.T.);
#2745=PLANE('',#2746);
#2746=AXIS2_PLACEMENT_3D('',#150,#2747,#2748);
#2747=DIRECTION('',(0.9720746916398588,0.02054883749229798,-0.23377027003233009));
#2748=DIRECTION('',(0.045947648232793945,0.9602120773547143,0.27546611429360934));
#2749=FACE_BOUND('',#2750,.T.);
#2750=EDGE_LOOP('',(#2751,#2752,#2753));
#2751=ORIENTED_EDGE('',*,*,#2754,.T.);
#2752=ORIENTED_EDGE('',*,*,#2755,.T.);
#2753=ORIENTED_EDGE('',*,*,#2756,.T.);
#2754=EDGE_CURVE('',#151,#83,#2757,.F.);
#2755=EDGE_CURVE('',#83,#149,#2758,.T.);
#2756=EDGE_CURVE('',#149,#151,#2759,.T.);
#2757=LINE('',#150,#2760);
#2758=LINE('',#82,#2761);
#2759=LINE('',#148,#2762);
#2760=VECTOR('',#2763,1.0);
#2761=VECTOR('',#2764,1.0);
#2762=VECTOR('',#2765,1.0);
#2763=DIRECTION('',(0.045947648232793945,0.9602120773547143,0.27546611429360934));
#2764=DIRECTION('',(0.05826097932655506,-0.986103187279213,0.15558329706523227));
#2765=DIRECTION('',(-0.23381964096843902,0,-0.9722799882222148));
#2766=FACE_SURFACE('',(#2771),#2767,.T.);
#2767=PLANE('',#2768);
#2768=AXIS2_PLACEMENT_3D('',#84,#2769,#2770);
#2769=DIRECTION('',(0.986372646452941,0,-0.16452660067424194));
#2770=DIRECTION('',(0.16452660067424194,0,0.986372646452941));
#2771=FACE_BOUND('',#2772,.T.);
#2772=EDGE_LOOP('',(#2773,#2774,#2775));
#2773=ORIENTED_EDGE('',*,*,#2776,.T.);
#2774=ORIENTED_EDGE('',*,*,#2777,.T.);
#2775=ORIENTED_EDGE('',*,*,#2778,.T.);
#2776=EDGE_CURVE('',#85,#83,#2779,.F.);
#2777=EDGE_CURVE('',#83,#151,#2780,.T.);
#2778=EDGE_CURVE('',#151,#85,#2781,.T.);
#2779=LINE('',#84,#2782);
#2780=LINE('',#82,#2783);
#2781=LINE('',#150,#2784);
#2782=VECTOR('',#2785,1.0);
#2783=VECTOR('',#2786,1.0);
#2784=VECTOR('',#2787,1.0);
#2785=DIRECTION('',(0.16452660067424194,0,0.986372646452941));
#2786=DIRECTION('',(-0.045947648232793945,-0.9602120773547143,-0.27546611429360934));
#2787=DIRECTION('',(0,1,0));
#2788=FACE_SURFACE('',(#2793),#2789,.T.);
#2789=PLANE('',#2790);
#2790=AXIS2_PLACEMENT_3D('',#150,#2791,#2792);
#2791=DIRECTION('',(1,-0,0));
#2792=DIRECTION('',(0,0.24253562503633297,-0.9701425001453319));
#2793=FACE_BOUND('',#2794,.T.);
#2794=EDGE_LOOP('',(#2795,#2796,#2797));
#2795=ORIENTED_EDGE('',*,*,#2798,.T.);
#2796=ORIENTED_EDGE('',*,*,#2799,.T.);
#2797=ORIENTED_EDGE('',*,*,#2800,.T.);
#2798=EDGE_CURVE('',#151,#87,#2801,.F.);
#2799=EDGE_CURVE('',#87,#85,#2802,.T.);
#2800=EDGE_CURVE('',#85,#151,#2803,.T.);
#2801=LINE('',#150,#2804);
#2802=LINE('',#86,#2805);
#2803=LINE('',#84,#2806);
#2804=VECTOR('',#2807,1.0);
#2805=VECTOR('',#2808,1.0);
#2806=VECTOR('',#2809,1.0);
#2807=DIRECTION('',(0,0.24253562503633297,-0.9701425001453319));
#2808=DIRECTION('',(0,0,1));
#2809=DIRECTION('',(0,-1,0));
#2810=FACE_SURFACE('',(#2815),#2811,.T.);
#2811=PLANE('',#2812);
#2812=AXIS2_PLACEMENT_3D('',#150,#2813,#2814);
#2813=DIRECTION('',(1,0,0));
#2814=DIRECTION('',(0,0,-1));
#2815=FACE_BOUND('',#2816,.T.);
#2816=EDGE_LOOP('',(#2817,#2818,#2819));
#2817=ORIENTED_EDGE('',*,*,#2820,.T.);
#2818=ORIENTED_EDGE('',*,*,#2821,.T.);
#2819=ORIENTED_EDGE('',*,*,#2822,.T.);
#2820=EDGE_CURVE('',#151,#153,#2823,.F.);
#2821=EDGE_CURVE('',#153,#87,#2824,.T.);
#2822=EDGE_CURVE('',#87,#151,#2825,.T.);
#2823=LINE('',#150,#2826);
#2824=LINE('',#152,#2827);
#2825=LINE('',#86,#2828);
#2826=VECTOR('',#2829,1.0);
#2827=VECTOR('',#2830,1.0);
#2828=VECTOR('',#2831,1.0);
#2829=DIRECTION('',(0,0,-1));
#2830=DIRECTION('',(0,1,0));
#2831=DIRECTION('',(0,-0.24253562503633297,0.9701425001453319));
#2832=FACE_SURFACE('',(#2837),#2833,.T.);
#2833=PLANE('',#2834);
#2834=AXIS2_PLACEMENT_3D('',#154,#2835,#2836);
#2835=DIRECTION('',(0.14414739871120352,0.032235420929970574,0.9890310435382001));
#2836=DIRECTION('',(-0.26522614432735886,0.964159118850554,0.007230899153366811));
#2837=FACE_BOUND('',#2838,.T.);
#2838=EDGE_LOOP('',(#2839,#2840,#2841));
#2839=ORIENTED_EDGE('',*,*,#2842,.T.);
#2840=ORIENTED_EDGE('',*,*,#2843,.T.);
#2841=ORIENTED_EDGE('',*,*,#2844,.T.);
#2842=EDGE_CURVE('',#155,#95,#2845,.F.);
#2843=EDGE_CURVE('',#95,#157,#2846,.T.);
#2844=EDGE_CURVE('',#157,#155,#2847,.T.);
#2845=LINE('',#154,#2848);
#2846=LINE('',#94,#2849);
#2847=LINE('',#156,#2850);
#2848=VECTOR('',#2851,1.0);
#2849=VECTOR('',#2852,1.0);
#2850=VECTOR('',#2853,1.0);
#2851=DIRECTION('',(-0.26522614432735886,0.964159118850554,0.007230899153366811));
#2852=DIRECTION('',(-0.22827177839479776,-0.9714298226546406,0.06493146267911763));
#2853=DIRECTION('',(0.9895453064968187,0,-0.14422235052209229));
#2854=FACE_SURFACE('',(#2859),#2855,.T.);
#2855=PLANE('',#2856);
#2856=AXIS2_PLACEMENT_3D('',#94,#2857,#2858);
#2857=DIRECTION('',(0.30851908489587154,-0.008919769150081332,0.9511763306418655));
#2858=DIRECTION('',(-0.9512141717795038,0,0.30853135886945515));
#2859=FACE_BOUND('',#2860,.T.);
#2860=EDGE_LOOP('',(#2861,#2862,#2863));
#2861=ORIENTED_EDGE('',*,*,#2864,.T.);
#2862=ORIENTED_EDGE('',*,*,#2865,.T.);
#2863=ORIENTED_EDGE('',*,*,#2866,.T.);
#2864=EDGE_CURVE('',#95,#89,#2867,.F.);
#2865=EDGE_CURVE('',#89,#157,#2868,.T.);
#2866=EDGE_CURVE('',#157,#95,#2869,.T.);
#2867=LINE('',#94,#2870);
#2868=LINE('',#88,#2871);
#2869=LINE('',#156,#2872);
#2870=VECTOR('',#2873,1.0);
#2871=VECTOR('',#2874,1.0);
#2872=VECTOR('',#2875,1.0);
#2873=DIRECTION('',(-0.9512141717795038,0,0.30853135886945515));
#2874=DIRECTION('',(0.08417670026463195,-0.9957769365600937,-0.036641175575480134));
#2875=DIRECTION('',(0.22827177839479776,0.9714298226546406,-0.06493146267911763));
#2876=FACE_SURFACE('',(#2881),#2877,.T.);
#2877=PLANE('',#2878);
#2878=AXIS2_PLACEMENT_3D('',#158,#2879,#2880);
#2879=DIRECTION('',(0.5214402324436028,-0.013326557958619758,0.8531837356877692));
#2880=DIRECTION('',(0.8532595072792053,0,-0.521486541760809));
#2881=FACE_BOUND('',#2882,.T.);
#2882=EDGE_LOOP('',(#2883,#2884,#2885));
#2883=ORIENTED_EDGE('',*,*,#2886,.T.);
#2884=ORIENTED_EDGE('',*,*,#2887,.T.);
#2885=ORIENTED_EDGE('',*,*,#2888,.T.);
#2886=EDGE_CURVE('',#159,#157,#2889,.F.);
#2887=EDGE_CURVE('',#157,#47,#2890,.T.);
#2888=EDGE_CURVE('',#47,#159,#2891,.T.);
#2889=LINE('',#158,#2892);
#2890=LINE('',#156,#2893);
#2891=LINE('',#46,#2894);
#2892=VECTOR('',#2895,1.0);
#2893=VECTOR('',#2896,1.0);
#2894=VECTOR('',#2897,1.0);
#2895=DIRECTION('',(0.8532595072792053,0,-0.521486541760809));
#2896=DIRECTION('',(-0.286173927680567,0.9392375062336557,0.18957159597329223));
#2897=DIRECTION('',(0.030759430241935032,-0.9989345987787187,-0.03440239546880444));
#2898=FACE_SURFACE('',(#2903),#2899,.T.);
#2899=PLANE('',#2900);
#2900=AXIS2_PLACEMENT_3D('',#88,#2901,#2902);
#2901=DIRECTION('',(0.599686973725781,0.021258254342756452,0.7999522611793239));
#2902=DIRECTION('',(-0.8001330770306336,0,0.5998225229528232));
#2903=FACE_BOUND('',#2904,.T.);
#2904=EDGE_LOOP('',(#2905,#2906,#2907));
#2905=ORIENTED_EDGE('',*,*,#2908,.T.);
#2906=ORIENTED_EDGE('',*,*,#2909,.T.);
#2907=ORIENTED_EDGE('',*,*,#2910,.T.);
#2908=EDGE_CURVE('',#89,#47,#2911,.F.);
#2909=EDGE_CURVE('',#47,#157,#2912,.T.);
#2910=EDGE_CURVE('',#157,#89,#2913,.T.);
#2911=LINE('',#88,#2914);
#2912=LINE('',#46,#2915);
#2913=LINE('',#156,#2916);
#2914=VECTOR('',#2917,1.0);
#2915=VECTOR('',#2918,1.0);
#2916=VECTOR('',#2919,1.0);
#2917=DIRECTION('',(-0.8001330770306336,0,0.5998225229528232));
#2918=DIRECTION('',(0.286173927680567,-0.9392375062336557,-0.18957159597329223));
#2919=DIRECTION('',(-0.08417670026463195,0.9957769365600937,0.036641175575480134));
#2920=FACE_SURFACE('',(#2925),#2921,.T.);
#2921=PLANE('',#2922);
#2922=AXIS2_PLACEMENT_3D('',#160,#2923,#2924);
#2923=DIRECTION('',(0.7950100111166585,0.003589878969413335,0.6065856864394968));
#2924=DIRECTION('',(0.6065895950822113,0,-0.7950151339050087));
#2925=FACE_BOUND('',#2926,.T.);
#2926=EDGE_LOOP('',(#2927,#2928,#2929));
#2927=ORIENTED_EDGE('',*,*,#2930,.T.);
#2928=ORIENTED_EDGE('',*,*,#2931,.T.);
#2929=ORIENTED_EDGE('',*,*,#2932,.T.);
#2930=EDGE_CURVE('',#161,#159,#2933,.F.);
#2931=EDGE_CURVE('',#159,#47,#2934,.T.);
#2932=EDGE_CURVE('',#47,#161,#2935,.T.);
#2933=LINE('',#160,#2936);
#2934=LINE('',#158,#2937);
#2935=LINE('',#46,#2938);
#2936=VECTOR('',#2939,1.0);
#2937=VECTOR('',#2940,1.0);
#2938=VECTOR('',#2941,1.0);
#2939=DIRECTION('',(0.6065895950822113,0,-0.7950151339050087));
#2940=DIRECTION('',(-0.030759430241935032,0.9989345987787187,0.03440239546880444));
#2941=DIRECTION('',(-0.19041375537935856,-0.9479607925054423,0.25517236847821817));
#2942=FACE_SURFACE('',(#2947),#2943,.T.);
#2943=PLANE('',#2944);
#2944=AXIS2_PLACEMENT_3D('',#46,#2945,#2946);
#2945=DIRECTION('',(0.8014067908708485,2.609753351847555E-05,0.5981196827266321));
#2946=DIRECTION('',(-0.5981196829303161,0,0.80140679114376));
#2947=FACE_BOUND('',#2948,.T.);
#2948=EDGE_LOOP('',(#2949,#2950,#2951));
#2949=ORIENTED_EDGE('',*,*,#2952,.T.);
#2950=ORIENTED_EDGE('',*,*,#2953,.T.);
#2951=ORIENTED_EDGE('',*,*,#2954,.T.);
#2952=EDGE_CURVE('',#47,#93,#2955,.F.);
#2953=EDGE_CURVE('',#93,#161,#2956,.T.);
#2954=EDGE_CURVE('',#161,#47,#2957,.T.);
#2955=LINE('',#46,#2958);
#2956=LINE('',#92,#2959);
#2957=LINE('',#160,#2960);
#2958=VECTOR('',#2961,1.0);
#2959=VECTOR('',#2962,1.0);
#2960=VECTOR('',#2963,1.0);
#2961=DIRECTION('',(-0.5981196829303161,0,0.80140679114376));
#2962=DIRECTION('',(6.103515609190424E-05,-0.9999999974097591,-3.814697255744015E-05));
#2963=DIRECTION('',(0.19041375537935856,0.9479607925054423,-0.25517236847821817));
#2964=FACE_SURFACE('',(#2969),#2965,.T.);
#2965=PLANE('',#2966);
#2966=AXIS2_PLACEMENT_3D('',#160,#2967,#2968);
#2967=DIRECTION('',(0.9722551167329262,5.041828741488241E-05,0.2339230331639884));
#2968=DIRECTION('',(-6.103515609190424E-05,0.9999999974097591,3.814697255744015E-05));
#2969=FACE_BOUND('',#2970,.T.);
#2970=EDGE_LOOP('',(#2971,#2972,#2973));
#2971=ORIENTED_EDGE('',*,*,#2974,.T.);
#2972=ORIENTED_EDGE('',*,*,#2975,.T.);
#2973=ORIENTED_EDGE('',*,*,#2976,.T.);
#2974=EDGE_CURVE('',#161,#93,#2977,.F.);
#2975=EDGE_CURVE('',#93,#153,#2978,.T.);
#2976=EDGE_CURVE('',#153,#161,#2979,.T.);
#2977=LINE('',#160,#2980);
#2978=LINE('',#92,#2981);
#2979=LINE('',#152,#2982);
#2980=VECTOR('',#2983,1.0);
#2981=VECTOR('',#2984,1.0);
#2982=VECTOR('',#2985,1.0);
#2983=DIRECTION('',(-6.103515609190424E-05,0.9999999974097591,3.814697255744015E-05));
#2984=DIRECTION('',(-0.09724608377497101,-0.9094062994116011,0.4043802440536983));
#2985=DIRECTION('',(0.23392303346130502,0,-0.9722551179686643));
#2986=FACE_SURFACE('',(#2991),#2987,.T.);
#2987=PLANE('',#2988);
#2988=AXIS2_PLACEMENT_3D('',#86,#2989,#2990);
#2989=DIRECTION('',(0.9722809002505114,0,0.23381584849632256));
#2990=DIRECTION('',(0,-1,0));
#2991=FACE_BOUND('',#2992,.T.);
#2992=EDGE_LOOP('',(#2993,#2994,#2995));
#2993=ORIENTED_EDGE('',*,*,#2996,.T.);
#2994=ORIENTED_EDGE('',*,*,#2997,.T.);
#2995=ORIENTED_EDGE('',*,*,#2998,.T.);
#2996=EDGE_CURVE('',#87,#153,#2999,.F.);
#2997=EDGE_CURVE('',#153,#93,#3000,.T.);
#2998=EDGE_CURVE('',#93,#87,#3001,.T.);
#2999=LINE('',#86,#3002);
#3000=LINE('',#152,#3003);
#3001=LINE('',#92,#3004);
#3002=VECTOR('',#3005,1.0);
#3003=VECTOR('',#3006,1.0);
#3004=VECTOR('',#3007,1.0);
#3005=DIRECTION('',(0,-1,0));
#3006=DIRECTION('',(0.09724608377497101,0.9094062994116011,-0.4043802440536983));
#3007=DIRECTION('',(-0.23381584849632256,0,0.9722809002505114));
#3008=FACE_SURFACE('',(#3013),#3009,.T.);
#3009=PLANE('',#3010);
#3010=AXIS2_PLACEMENT_3D('',#56,#3011,#3012);
#3011=DIRECTION('',(-0.05669931333422673,-0.023082784682338986,0.9981244275734042));
#3012=DIRECTION('',(-0.9983904416881807,0,-0.05671442449394627));
#3013=FACE_BOUND('',#3014,.T.);
#3014=EDGE_LOOP('',(#3015,#3016,#3017));
#3015=ORIENTED_EDGE('',*,*,#3018,.T.);
#3016=ORIENTED_EDGE('',*,*,#3019,.T.);
#3017=ORIENTED_EDGE('',*,*,#3020,.T.);
#3018=EDGE_CURVE('',#57,#95,#3021,.F.);
#3019=EDGE_CURVE('',#95,#155,#3022,.T.);
#3020=EDGE_CURVE('',#155,#57,#3023,.T.);
#3021=LINE('',#56,#3024);
#3022=LINE('',#94,#3025);
#3023=LINE('',#154,#3026);
#3024=VECTOR('',#3027,1.0);
#3025=VECTOR('',#3028,1.0);
#3026=VECTOR('',#3029,1.0);
#3027=DIRECTION('',(-0.9983904416881807,0,-0.05671442449394627));
#3028=DIRECTION('',(0.26522614432735886,-0.964159118850554,-0.007230899153366811));
#3029=DIRECTION('',(0.11795324492083856,0.992576253098623,0.029654911858628903));
#3030=FACE_SURFACE('',(#3035),#3031,.T.);
#3031=PLANE('',#3032);
#3032=AXIS2_PLACEMENT_3D('',#162,#3033,#3034);
#3033=DIRECTION('',(-0.32250116602520423,0.010045795090897931,0.9465157578790621));
#3034=DIRECTION('',(-0.22052087558390654,0.9716321165972097,-0.08544924475109891));
#3035=FACE_BOUND('',#3036,.T.);
#3036=EDGE_LOOP('',(#3037,#3038,#3039));
#3037=ORIENTED_EDGE('',*,*,#3040,.T.);
#3038=ORIENTED_EDGE('',*,*,#3041,.T.);
#3039=ORIENTED_EDGE('',*,*,#3042,.T.);
#3040=EDGE_CURVE('',#163,#57,#3043,.F.);
#3041=EDGE_CURVE('',#57,#155,#3044,.T.);
#3042=EDGE_CURVE('',#155,#163,#3045,.T.);
#3043=LINE('',#162,#3046);
#3044=LINE('',#56,#3047);
#3045=LINE('',#154,#3048);
#3046=VECTOR('',#3049,1.0);
#3047=VECTOR('',#3050,1.0);
#3048=VECTOR('',#3051,1.0);
#3049=DIRECTION('',(-0.22052087558390654,0.9716321165972097,-0.08544924475109891));
#3050=DIRECTION('',(-0.11795324492083856,-0.992576253098623,-0.029654911858628903));
#3051=DIRECTION('',(0.9465635217324244,0,0.32251744034316987));
#3052=FACE_SURFACE('',(#3057),#3053,.T.);
#3053=PLANE('',#3054);
#3054=AXIS2_PLACEMENT_3D('',#56,#3055,#3056);
#3055=DIRECTION('',(-0.39935658864961765,-0.010015767511630816,0.9167409664148827));
#3056=DIRECTION('',(0.22052087558390654,-0.9716321165972097,0.08544924475109891));
#3057=FACE_BOUND('',#3058,.T.);
#3058=EDGE_LOOP('',(#3059,#3060,#3061));
#3059=ORIENTED_EDGE('',*,*,#3062,.T.);
#3060=ORIENTED_EDGE('',*,*,#3063,.T.);
#3061=ORIENTED_EDGE('',*,*,#3064,.T.);
#3062=EDGE_CURVE('',#57,#163,#3065,.F.);
#3063=EDGE_CURVE('',#163,#53,#3066,.T.);
#3064=EDGE_CURVE('',#53,#57,#3067,.T.);
#3065=LINE('',#56,#3068);
#3066=LINE('',#162,#3069);
#3067=LINE('',#52,#3070);
#3068=VECTOR('',#3071,1.0);
#3069=VECTOR('',#3072,1.0);
#3070=VECTOR('',#3073,1.0);
#3071=DIRECTION('',(0.22052087558390654,-0.9716321165972097,0.08544924475109891));
#3072=DIRECTION('',(0.10716949716243679,0.9925749245389284,0.05753014909150878));
#3073=DIRECTION('',(-0.9167869515842006,0,-0.39937662100447047));
#3074=FACE_SURFACE('',(#3079),#3075,.T.);
#3075=PLANE('',#3076);
#3076=AXIS2_PLACEMENT_3D('',#162,#3077,#3078);
#3077=DIRECTION('',(-0.7090737372192997,0.035742127769010444,0.7042279002484916));
#3078=DIRECTION('',(0.7046781571615037,0,0.7095270923787667));
#3079=FACE_BOUND('',#3080,.T.);
#3080=EDGE_LOOP('',(#3081,#3082,#3083));
#3081=ORIENTED_EDGE('',*,*,#3084,.T.);
#3082=ORIENTED_EDGE('',*,*,#3085,.T.);
#3083=ORIENTED_EDGE('',*,*,#3086,.T.);
#3084=EDGE_CURVE('',#163,#165,#3087,.F.);
#3085=EDGE_CURVE('',#165,#53,#3088,.T.);
#3086=EDGE_CURVE('',#53,#163,#3089,.T.);
#3087=LINE('',#162,#3090);
#3088=LINE('',#164,#3091);
#3089=LINE('',#52,#3092);
#3090=VECTOR('',#3093,1.0);
#3091=VECTOR('',#3094,1.0);
#3092=VECTOR('',#3095,1.0);
#3093=DIRECTION('',(0.7046781571615037,0,0.7095270923787667));
#3094=DIRECTION('',(-0.28474388315917193,0.8991507722231614,-0.33233839653872127));
#3095=DIRECTION('',(-0.10716949716243679,-0.9925749245389284,-0.05753014909150878));
#3096=FACE_SURFACE('',(#3101),#3097,.T.);
#3097=PLANE('',#3098);
#3098=AXIS2_PLACEMENT_3D('',#60,#3099,#3100);
#3099=DIRECTION('',(-0.7594181459361053,-2.15326757526648E-05,0.6506028582471124));
#3100=DIRECTION('',(-0.6506028583979403,0,-0.7594181461121597));
#3101=FACE_BOUND('',#3102,.T.);
#3102=EDGE_LOOP('',(#3103,#3104,#3105));
#3103=ORIENTED_EDGE('',*,*,#3106,.T.);
#3104=ORIENTED_EDGE('',*,*,#3107,.T.);
#3105=ORIENTED_EDGE('',*,*,#3108,.T.);
#3106=EDGE_CURVE('',#61,#53,#3109,.F.);
#3107=EDGE_CURVE('',#53,#165,#3110,.T.);
#3108=EDGE_CURVE('',#165,#61,#3111,.T.);
#3109=LINE('',#60,#3112);
#3110=LINE('',#52,#3113);
#3111=LINE('',#164,#3114);
#3112=VECTOR('',#3115,1.0);
#3113=VECTOR('',#3116,1.0);
#3114=VECTOR('',#3117,1.0);
#3115=DIRECTION('',(-0.6506028583979403,0,-0.7594181461121597));
#3116=DIRECTION('',(0.28474388315917193,-0.8991507722231614,0.33233839653872127));
#3117=DIRECTION('',(-6.103515609190424E-05,0.9999999974097591,-3.814697255744015E-05));
#3118=FACE_SURFACE('',(#3123),#3119,.T.);
#3119=PLANE('',#3120);
#3120=AXIS2_PLACEMENT_3D('',#164,#3121,#3122);
#3121=DIRECTION('',(-0.9722808990144629,-5.042394982239018E-05,0.2338158481990754));
#3122=DIRECTION('',(0.23381584849632256,0,0.9722809002505114));
#3123=FACE_BOUND('',#3124,.T.);
#3124=EDGE_LOOP('',(#3125,#3126,#3127));
#3125=ORIENTED_EDGE('',*,*,#3128,.T.);
#3126=ORIENTED_EDGE('',*,*,#3129,.T.);
#3127=ORIENTED_EDGE('',*,*,#3130,.T.);
#3128=EDGE_CURVE('',#165,#135,#3131,.F.);
#3129=EDGE_CURVE('',#135,#61,#3132,.T.);
#3130=EDGE_CURVE('',#61,#165,#3133,.T.);
#3131=LINE('',#164,#3134);
#3132=LINE('',#134,#3135);
#3133=LINE('',#60,#3136);
#3134=VECTOR('',#3137,1.0);
#3135=VECTOR('',#3138,1.0);
#3136=VECTOR('',#3139,1.0);
#3137=DIRECTION('',(0.23381584849632256,0,0.9722809002505114));
#3138=DIRECTION('',(-0.09729969918565257,0.9093886317499896,-0.4044070783038589));
#3139=DIRECTION('',(6.103515609190424E-05,-0.9999999974097591,3.814697255744015E-05));
#3140=FACE_SURFACE('',(#3145),#3141,.T.);
#3141=PLANE('',#3142);
#3142=AXIS2_PLACEMENT_3D('',#68,#3143,#3144);
#3143=DIRECTION('',(-0.9722551179686643,0,0.23392303346130502));
#3144=DIRECTION('',(-0.23392303346130502,0,-0.9722551179686643));
#3145=FACE_BOUND('',#3146,.T.);
#3146=EDGE_LOOP('',(#3147,#3148,#3149));
#3147=ORIENTED_EDGE('',*,*,#3150,.T.);
#3148=ORIENTED_EDGE('',*,*,#3151,.T.);
#3149=ORIENTED_EDGE('',*,*,#3152,.T.);
#3150=EDGE_CURVE('',#69,#61,#3153,.F.);
#3151=EDGE_CURVE('',#61,#135,#3154,.T.);
#3152=EDGE_CURVE('',#135,#69,#3155,.T.);
#3153=LINE('',#68,#3156);
#3154=LINE('',#60,#3157);
#3155=LINE('',#134,#3158);
#3156=VECTOR('',#3159,1.0);
#3157=VECTOR('',#3160,1.0);
#3158=VECTOR('',#3161,1.0);
#3159=DIRECTION('',(-0.23392303346130502,0,-0.9722551179686643));
#3160=DIRECTION('',(0.09729969918565257,-0.9093886317499896,0.4044070783038589));
#3161=DIRECTION('',(0,1,0));
#3162=FACE_SURFACE('',(#3167),#3163,.T.);
#3163=PLANE('',#3164);
#3164=AXIS2_PLACEMENT_3D('',#116,#3165,#3166);
#3165=DIRECTION('',(0,-1,0));
#3166=DIRECTION('',(0.6178232551495321,0,0.7863170005770168));
#3167=FACE_BOUND('',#3168,.T.);
#3168=EDGE_LOOP('',(#3169,#3170,#3171));
#3169=ORIENTED_EDGE('',*,*,#3172,.T.);
#3170=ORIENTED_EDGE('',*,*,#3173,.T.);
#3171=ORIENTED_EDGE('',*,*,#3174,.T.);
#3172=EDGE_CURVE('',#117,#113,#3175,.F.);
#3173=EDGE_CURVE('',#113,#103,#3176,.T.);
#3174=EDGE_CURVE('',#103,#117,#3177,.T.);
#3175=LINE('',#116,#3178);
#3176=LINE('',#112,#3179);
#3177=LINE('',#102,#3180);
#3178=VECTOR('',#3181,1.0);
#3179=VECTOR('',#3182,1.0);
#3180=VECTOR('',#3183,1.0);
#3181=DIRECTION('',(0.6178232551495321,0,0.7863170005770168));
#3182=DIRECTION('',(-1,0,0));
#3183=DIRECTION('',(0.9872985235846786,0,-0.15887613202590853));
#3184=FACE_SURFACE('',(#3189),#3185,.T.);
#3185=PLANE('',#3186);
#3186=AXIS2_PLACEMENT_3D('',#98,#3187,#3188);
#3187=DIRECTION('',(-0,-1,0));
#3188=DIRECTION('',(-0.6178232551495321,0,0.7863170005770168));
#3189=FACE_BOUND('',#3190,.T.);
#3190=EDGE_LOOP('',(#3191,#3192,#3193));
#3191=ORIENTED_EDGE('',*,*,#3194,.T.);
#3192=ORIENTED_EDGE('',*,*,#3195,.T.);
#3193=ORIENTED_EDGE('',*,*,#3196,.T.);
#3194=EDGE_CURVE('',#99,#103,#3197,.F.);
#3195=EDGE_CURVE('',#103,#101,#3198,.T.);
#3196=EDGE_CURVE('',#101,#99,#3199,.T.);
#3197=LINE('',#98,#3200);
#3198=LINE('',#102,#3201);
#3199=LINE('',#100,#3202);
#3200=VECTOR('',#3203,1.0);
#3201=VECTOR('',#3204,1.0);
#3202=VECTOR('',#3205,1.0);
#3203=DIRECTION('',(-0.6178232551495321,0,0.7863170005770168));
#3204=DIRECTION('',(-0.6689684912990712,0,-0.7432907625209965));
#3205=DIRECTION('',(0.9792608601392708,0,0.20260347430213377));
#3206=FACE_SURFACE('',(#3211),#3207,.T.);
#3207=PLANE('',#3208);
#3208=AXIS2_PLACEMENT_3D('',#118,#3209,#3210);
#3209=DIRECTION('',(-0,-1,0));
#3210=DIRECTION('',(-0.689291710451317,0,0.7244839114177055));
#3211=FACE_BOUND('',#3212,.T.);
#3212=EDGE_LOOP('',(#3213,#3214,#3215));
#3213=ORIENTED_EDGE('',*,*,#3216,.T.);
#3214=ORIENTED_EDGE('',*,*,#3217,.T.);
#3215=ORIENTED_EDGE('',*,*,#3218,.T.);
#3216=EDGE_CURVE('',#119,#165,#3219,.F.);
#3217=EDGE_CURVE('',#165,#123,#3220,.T.);
#3218=EDGE_CURVE('',#123,#119,#3221,.T.);
#3219=LINE('',#118,#3222);
#3220=LINE('',#164,#3223);
#3221=LINE('',#122,#3224);
#3222=VECTOR('',#3225,1.0);
#3223=VECTOR('',#3226,1.0);
#3224=VECTOR('',#3227,1.0);
#3225=DIRECTION('',(-0.689291710451317,0,0.7244839114177055));
#3226=DIRECTION('',(0.668586446373563,0,-0.7436344288194104));
#3227=DIRECTION('',(0.1672837989972086,0,0.9859087841139571));
#3228=FACE_SURFACE('',(#3233),#3229,.T.);
#3229=PLANE('',#3230);
#3230=AXIS2_PLACEMENT_3D('',#116,#3231,#3232);
#3231=DIRECTION('',(0,-1,0));
#3232=DIRECTION('',(0.9792608601392708,0,-0.20260347430213377));
#3233=FACE_BOUND('',#3234,.T.);
#3234=EDGE_LOOP('',(#3235,#3236,#3237));
#3235=ORIENTED_EDGE('',*,*,#3238,.T.);
#3236=ORIENTED_EDGE('',*,*,#3239,.T.);
#3237=ORIENTED_EDGE('',*,*,#3240,.T.);
#3238=EDGE_CURVE('',#117,#115,#3241,.F.);
#3239=EDGE_CURVE('',#115,#113,#3242,.T.);
#3240=EDGE_CURVE('',#113,#117,#3243,.T.);
#3241=LINE('',#116,#3244);
#3242=LINE('',#114,#3245);
#3243=LINE('',#112,#3246);
#3244=VECTOR('',#3247,1.0);
#3245=VECTOR('',#3248,1.0);
#3246=VECTOR('',#3249,1.0);
#3247=DIRECTION('',(0.9792608601392708,0,-0.20260347430213377));
#3248=DIRECTION('',(-0.6689684912990712,0,0.7432907625209965));
#3249=DIRECTION('',(-0.6178232551495321,0,-0.7863170005770168));
#3250=FACE_SURFACE('',(#3255),#3251,.T.);
#3251=PLANE('',#3252);
#3252=AXIS2_PLACEMENT_3D('',#116,#3253,#3254);
#3253=DIRECTION('',(0,-1,0));
#3254=DIRECTION('',(-0.9872985235846786,0,0.15887613202590853));
#3255=FACE_BOUND('',#3256,.T.);
#3256=EDGE_LOOP('',(#3257,#3258,#3259));
#3257=ORIENTED_EDGE('',*,*,#3260,.T.);
#3258=ORIENTED_EDGE('',*,*,#3261,.T.);
#3259=ORIENTED_EDGE('',*,*,#3262,.T.);
#3260=EDGE_CURVE('',#117,#103,#3263,.F.);
#3261=EDGE_CURVE('',#103,#99,#3264,.T.);
#3262=EDGE_CURVE('',#99,#117,#3265,.T.);
#3263=LINE('',#116,#3266);
#3264=LINE('',#102,#3267);
#3265=LINE('',#98,#3268);
#3266=VECTOR('',#3269,1.0);
#3267=VECTOR('',#3270,1.0);
#3268=VECTOR('',#3271,1.0);
#3269=DIRECTION('',(-0.9872985235846786,0,0.15887613202590853));
#3270=DIRECTION('',(0.6178232551495321,0,-0.7863170005770168));
#3271=DIRECTION('',(1,0,0));
#3272=FACE_SURFACE('',(#3277),#3273,.T.);
#3273=PLANE('',#3274);
#3274=AXIS2_PLACEMENT_3D('',#128,#3275,#3276);
#3275=DIRECTION('',(0,-1,0));
#3276=DIRECTION('',(0.6301110052398515,0,0.776505068287145));
#3277=FACE_BOUND('',#3278,.T.);
#3278=EDGE_LOOP('',(#3279,#3280,#3281));
#3279=ORIENTED_EDGE('',*,*,#3282,.T.);
#3280=ORIENTED_EDGE('',*,*,#3283,.T.);
#3281=ORIENTED_EDGE('',*,*,#3284,.T.);
#3282=EDGE_CURVE('',#129,#159,#3285,.F.);
#3283=EDGE_CURVE('',#159,#131,#3286,.T.);
#3284=EDGE_CURVE('',#131,#129,#3287,.T.);
#3285=LINE('',#128,#3288);
#3286=LINE('',#158,#3289);
#3287=LINE('',#130,#3290);
#3288=VECTOR('',#3291,1.0);
#3289=VECTOR('',#3292,1.0);
#3290=VECTOR('',#3293,1.0);
#3291=DIRECTION('',(0.6301110052398515,0,0.776505068287145));
#3292=DIRECTION('',(-0.7185192496405376,0,-0.6955070724989063));
#3293=DIRECTION('',(0.8440434151312282,0,-0.536274848723687));
#3294=FACE_SURFACE('',(#3299),#3295,.T.);
#3295=PLANE('',#3296);
#3296=AXIS2_PLACEMENT_3D('',#126,#3297,#3298);
#3297=DIRECTION('',(0,-1,0));
#3298=DIRECTION('',(0.9703670712243095,0,0.24163556667749866));
#3299=FACE_BOUND('',#3300,.T.);
#3300=EDGE_LOOP('',(#3301,#3302,#3303));
#3301=ORIENTED_EDGE('',*,*,#3304,.T.);
#3302=ORIENTED_EDGE('',*,*,#3305,.T.);
#3303=ORIENTED_EDGE('',*,*,#3306,.T.);
#3304=EDGE_CURVE('',#127,#125,#3307,.F.);
#3305=EDGE_CURVE('',#125,#165,#3308,.T.);
#3306=EDGE_CURVE('',#165,#127,#3309,.T.);
#3307=LINE('',#126,#3310);
#3308=LINE('',#124,#3311);
#3309=LINE('',#164,#3312);
#3310=VECTOR('',#3313,1.0);
#3311=VECTOR('',#3314,1.0);
#3312=VECTOR('',#3315,1.0);
#3313=DIRECTION('',(0.9703670712243095,0,0.24163556667749866));
#3314=DIRECTION('',(-0.5983162402829886,0,0.8012600555460314));
#3315=DIRECTION('',(0.5606035316320778,0,-0.8280843437245037));
#3316=FACE_SURFACE('',(#3321),#3317,.T.);
#3317=PLANE('',#3318);
#3318=AXIS2_PLACEMENT_3D('',#124,#3319,#3320);
#3319=DIRECTION('',(0,-1,0));
#3320=DIRECTION('',(0.7635267856970354,0,0.6457761589925364));
#3321=FACE_BOUND('',#3322,.T.);
#3322=EDGE_LOOP('',(#3323,#3324,#3325));
#3323=ORIENTED_EDGE('',*,*,#3326,.T.);
#3324=ORIENTED_EDGE('',*,*,#3327,.T.);
#3325=ORIENTED_EDGE('',*,*,#3328,.T.);
#3326=EDGE_CURVE('',#125,#121,#3329,.F.);
#3327=EDGE_CURVE('',#121,#165,#3330,.T.);
#3328=EDGE_CURVE('',#165,#125,#3331,.T.);
#3329=LINE('',#124,#3332);
#3330=LINE('',#120,#3333);
#3331=LINE('',#164,#3334);
#3332=VECTOR('',#3335,1.0);
#3333=VECTOR('',#3336,1.0);
#3334=VECTOR('',#3337,1.0);
#3335=DIRECTION('',(0.7635267856970354,0,0.6457761589925364));
#3336=DIRECTION('',(-0.6480566751404091,0,0.7615921124893287));
#3337=DIRECTION('',(0.5983162402829886,0,-0.8012600555460314));
#3338=FACE_SURFACE('',(#3343),#3339,.T.);
#3339=PLANE('',#3340);
#3340=AXIS2_PLACEMENT_3D('',#120,#3341,#3342);
#3341=DIRECTION('',(0,-1,0));
#3342=DIRECTION('',(0.40935544836086,0,0.9123749869967278));
#3343=FACE_BOUND('',#3344,.T.);
#3344=EDGE_LOOP('',(#3345,#3346,#3347));
#3345=ORIENTED_EDGE('',*,*,#3348,.T.);
#3346=ORIENTED_EDGE('',*,*,#3349,.T.);
#3347=ORIENTED_EDGE('',*,*,#3350,.T.);
#3348=EDGE_CURVE('',#121,#123,#3351,.F.);
#3349=EDGE_CURVE('',#123,#165,#3352,.T.);
#3350=EDGE_CURVE('',#165,#121,#3353,.T.);
#3351=LINE('',#120,#3354);
#3352=LINE('',#122,#3355);
#3353=LINE('',#164,#3356);
#3354=VECTOR('',#3357,1.0);
#3355=VECTOR('',#3358,1.0);
#3356=VECTOR('',#3359,1.0);
#3357=DIRECTION('',(0.40935544836086,0,0.9123749869967278));
#3358=DIRECTION('',(-0.668586446373563,0,0.7436344288194104));
#3359=DIRECTION('',(0.6480566751404091,0,-0.7615921124893287));
#3360=FACE_SURFACE('',(#3365),#3361,.T.);
#3361=PLANE('',#3362);
#3362=AXIS2_PLACEMENT_3D('',#98,#3363,#3364);
#3363=DIRECTION('',(0,-1,0));
#3364=DIRECTION('',(0,0,-1));
#3365=FACE_BOUND('',#3366,.T.);
#3366=EDGE_LOOP('',(#3367,#3368,#3369));
#3367=ORIENTED_EDGE('',*,*,#3370,.T.);
#3368=ORIENTED_EDGE('',*,*,#3371,.T.);
#3369=ORIENTED_EDGE('',*,*,#3372,.T.);
#3370=EDGE_CURVE('',#99,#97,#3373,.F.);
#3371=EDGE_CURVE('',#97,#151,#3374,.T.);
#3372=EDGE_CURVE('',#151,#99,#3375,.T.);
#3373=LINE('',#98,#3376);
#3374=LINE('',#96,#3377);
#3375=LINE('',#150,#3378);
#3376=VECTOR('',#3379,1.0);
#3377=VECTOR('',#3380,1.0);
#3378=VECTOR('',#3381,1.0);
#3379=DIRECTION('',(0,0,-1));
#3380=DIRECTION('',(0.349752827216563,0,0.9368420143514171));
#3381=DIRECTION('',(-0.3905484804184516,0,0.92058236157491));
#3382=FACE_SURFACE('',(#3387),#3383,.T.);
#3383=PLANE('',#3384);
#3384=AXIS2_PLACEMENT_3D('',#142,#3385,#3386);
#3385=DIRECTION('',(0,-1,0));
#3386=DIRECTION('',(0.16452660067424194,0,-0.986372646452941));
#3387=FACE_BOUND('',#3388,.T.);
#3388=EDGE_LOOP('',(#3389,#3390,#3391));
#3389=ORIENTED_EDGE('',*,*,#3392,.T.);
#3390=ORIENTED_EDGE('',*,*,#3393,.T.);
#3391=ORIENTED_EDGE('',*,*,#3394,.T.);
#3392=EDGE_CURVE('',#143,#133,#3395,.F.);
#3393=EDGE_CURVE('',#133,#117,#3396,.T.);
#3394=EDGE_CURVE('',#117,#143,#3397,.T.);
#3395=LINE('',#142,#3398);
#3396=LINE('',#132,#3399);
#3397=LINE('',#116,#3400);
#3398=VECTOR('',#3401,1.0);
#3399=VECTOR('',#3402,1.0);
#3400=VECTOR('',#3403,1.0);
#3401=DIRECTION('',(0.16452660067424194,0,-0.986372646452941));
#3402=DIRECTION('',(0.3905484804184516,0,0.92058236157491));
#3403=DIRECTION('',(-0.41119737264344136,0,-0.9115463349337383));
#3404=FACE_SURFACE('',(#3409),#3405,.T.);
#3405=PLANE('',#3406);
#3406=AXIS2_PLACEMENT_3D('',#98,#3407,#3408);
#3407=DIRECTION('',(0,-1,0));
#3408=DIRECTION('',(0.3905484804184516,0,-0.92058236157491));
#3409=FACE_BOUND('',#3410,.T.);
#3410=EDGE_LOOP('',(#3411,#3412,#3413));
#3411=ORIENTED_EDGE('',*,*,#3414,.T.);
#3412=ORIENTED_EDGE('',*,*,#3415,.T.);
#3413=ORIENTED_EDGE('',*,*,#3416,.T.);
#3414=EDGE_CURVE('',#99,#151,#3417,.F.);
#3415=EDGE_CURVE('',#151,#149,#3418,.T.);
#3416=EDGE_CURVE('',#149,#99,#3419,.T.);
#3417=LINE('',#98,#3420);
#3418=LINE('',#150,#3421);
#3419=LINE('',#148,#3422);
#3420=VECTOR('',#3423,1.0);
#3421=VECTOR('',#3424,1.0);
#3422=VECTOR('',#3425,1.0);
#3423=DIRECTION('',(0.3905484804184516,0,-0.92058236157491));
#3424=DIRECTION('',(0.23381964096843902,0,0.9722799882222148));
#3425=DIRECTION('',(-0.42703417968513246,0,0.9042354833673837));
#3426=FACE_SURFACE('',(#3431),#3427,.T.);
#3427=PLANE('',#3428);
#3428=AXIS2_PLACEMENT_3D('',#98,#3429,#3430);
#3429=DIRECTION('',(0,-1,0));
#3430=DIRECTION('',(0.42703417968513246,0,-0.9042354833673837));
#3431=FACE_BOUND('',#3432,.T.);
#3432=EDGE_LOOP('',(#3433,#3434,#3435));
#3433=ORIENTED_EDGE('',*,*,#3436,.T.);
#3434=ORIENTED_EDGE('',*,*,#3437,.T.);
#3435=ORIENTED_EDGE('',*,*,#3438,.T.);
#3436=EDGE_CURVE('',#99,#149,#3439,.F.);
#3437=EDGE_CURVE('',#149,#147,#3440,.T.);
#3438=EDGE_CURVE('',#147,#99,#3441,.T.);
#3439=LINE('',#98,#3442);
#3440=LINE('',#148,#3443);
#3441=LINE('',#146,#3444);
#3442=VECTOR('',#3445,1.0);
#3443=VECTOR('',#3446,1.0);
#3444=VECTOR('',#3447,1.0);
#3445=DIRECTION('',(0.42703417968513246,0,-0.9042354833673837));
#3446=DIRECTION('',(0.5981087967959466,0,0.8014149157554437));
#3447=DIRECTION('',(-0.46690994532695834,0,0.8843048699146561));
#3448=FACE_SURFACE('',(#3453),#3449,.T.);
#3449=PLANE('',#3450);
#3450=AXIS2_PLACEMENT_3D('',#146,#3451,#3452);
#3451=DIRECTION('',(0,-1,0));
#3452=DIRECTION('',(0.833230236832286,0,0.5529261907600439));
#3453=FACE_BOUND('',#3454,.T.);
#3454=EDGE_LOOP('',(#3455,#3456,#3457));
#3455=ORIENTED_EDGE('',*,*,#3458,.T.);
#3456=ORIENTED_EDGE('',*,*,#3459,.T.);
#3457=ORIENTED_EDGE('',*,*,#3460,.T.);
#3458=EDGE_CURVE('',#147,#145,#3461,.F.);
#3459=EDGE_CURVE('',#145,#99,#3462,.T.);
#3460=EDGE_CURVE('',#99,#147,#3463,.T.);
#3461=LINE('',#146,#3464);
#3462=LINE('',#144,#3465);
#3463=LINE('',#98,#3466);
#3464=VECTOR('',#3467,1.0);
#3465=VECTOR('',#3468,1.0);
#3466=VECTOR('',#3469,1.0);
#3467=DIRECTION('',(0.833230236832286,0,0.5529261907600439));
#3468=DIRECTION('',(-0.5136867988725066,0,0.8579777809851005));
#3469=DIRECTION('',(0.46690994532695834,0,-0.8843048699146561));
#3470=FACE_SURFACE('',(#3475),#3471,.T.);
#3471=PLANE('',#3472);
#3472=AXIS2_PLACEMENT_3D('',#98,#3473,#3474);
#3473=DIRECTION('',(0,-1,0));
#3474=DIRECTION('',(0.5136867988725066,0,-0.8579777809851005));
#3475=FACE_BOUND('',#3476,.T.);
#3476=EDGE_LOOP('',(#3477,#3478,#3479));
#3477=ORIENTED_EDGE('',*,*,#3480,.T.);
#3478=ORIENTED_EDGE('',*,*,#3481,.T.);
#3479=ORIENTED_EDGE('',*,*,#3482,.T.);
#3480=EDGE_CURVE('',#99,#145,#3483,.F.);
#3481=EDGE_CURVE('',#145,#137,#3484,.T.);
#3482=EDGE_CURVE('',#137,#99,#3485,.T.);
#3483=LINE('',#98,#3486);
#3484=LINE('',#144,#3487);
#3485=LINE('',#136,#3488);
#3486=VECTOR('',#3489,1.0);
#3487=VECTOR('',#3490,1.0);
#3488=VECTOR('',#3491,1.0);
#3489=DIRECTION('',(0.5136867988725066,0,-0.8579777809851005));
#3490=DIRECTION('',(0.9694747136418361,0,0.2451913122626487));
#3491=DIRECTION('',(-0.5549453138107073,0,0.8318868304520366));
#3492=FACE_SURFACE('',(#3497),#3493,.T.);
#3493=PLANE('',#3494);
#3494=AXIS2_PLACEMENT_3D('',#116,#3495,#3496);
#3495=DIRECTION('',(-0,-1,0));
#3496=DIRECTION('',(-1,0,0));
#3497=FACE_BOUND('',#3498,.T.);
#3498=EDGE_LOOP('',(#3499,#3500,#3501));
#3499=ORIENTED_EDGE('',*,*,#3502,.T.);
#3500=ORIENTED_EDGE('',*,*,#3503,.T.);
#3501=ORIENTED_EDGE('',*,*,#3504,.T.);
#3502=EDGE_CURVE('',#117,#99,#3505,.F.);
#3503=EDGE_CURVE('',#99,#137,#3506,.T.);
#3504=EDGE_CURVE('',#137,#117,#3507,.T.);
#3505=LINE('',#116,#3508);
#3506=LINE('',#98,#3509);
#3507=LINE('',#136,#3510);
#3508=VECTOR('',#3511,1.0);
#3509=VECTOR('',#3512,1.0);
#3510=VECTOR('',#3513,1.0);
#3511=DIRECTION('',(-1,0,0));
#3512=DIRECTION('',(0.5549453138107073,0,-0.8318868304520366));
#3513=DIRECTION('',(0.5673760038157101,0,0.8234588455375991));
#3514=FACE_SURFACE('',(#3519),#3515,.T.);
#3515=PLANE('',#3516);
#3516=AXIS2_PLACEMENT_3D('',#116,#3517,#3518);
#3517=DIRECTION('',(0,-1,0));
#3518=DIRECTION('',(-0.5673760038157101,0,-0.8234588455375991));
#3519=FACE_BOUND('',#3520,.T.);
#3520=EDGE_LOOP('',(#3521,#3522,#3523));
#3521=ORIENTED_EDGE('',*,*,#3524,.T.);
#3522=ORIENTED_EDGE('',*,*,#3525,.T.);
#3523=ORIENTED_EDGE('',*,*,#3526,.T.);
#3524=EDGE_CURVE('',#117,#137,#3527,.F.);
#3525=EDGE_CURVE('',#137,#139,#3528,.T.);
#3526=EDGE_CURVE('',#139,#117,#3529,.T.);
#3527=LINE('',#116,#3530);
#3528=LINE('',#136,#3531);
#3529=LINE('',#138,#3532);
#3530=VECTOR('',#3533,1.0);
#3531=VECTOR('',#3534,1.0);
#3532=VECTOR('',#3535,1.0);
#3533=DIRECTION('',(-0.5673760038157101,0,-0.8234588455375991));
#3534=DIRECTION('',(0.9960519055538647,0,-0.08877275168943982));
#3535=DIRECTION('',(0.5374636475608048,0,0.8432869188779316));
#3536=FACE_SURFACE('',(#3541),#3537,.T.);
#3537=PLANE('',#3538);
#3538=AXIS2_PLACEMENT_3D('',#116,#3539,#3540);
#3539=DIRECTION('',(0,-1,0));
#3540=DIRECTION('',(-0.5374636475608048,0,-0.8432869188779316));
#3541=FACE_BOUND('',#3542,.T.);
#3542=EDGE_LOOP('',(#3543,#3544,#3545));
#3543=ORIENTED_EDGE('',*,*,#3546,.T.);
#3544=ORIENTED_EDGE('',*,*,#3547,.T.);
#3545=ORIENTED_EDGE('',*,*,#3548,.T.);
#3546=EDGE_CURVE('',#117,#139,#3549,.F.);
#3547=EDGE_CURVE('',#139,#141,#3550,.T.);
#3548=EDGE_CURVE('',#141,#117,#3551,.T.);
#3549=LINE('',#116,#3552);
#3550=LINE('',#138,#3553);
#3551=LINE('',#140,#3554);
#3552=VECTOR('',#3555,1.0);
#3553=VECTOR('',#3556,1.0);
#3554=VECTOR('',#3557,1.0);
#3555=DIRECTION('',(-0.5374636475608048,0,-0.8432869188779316));
#3556=DIRECTION('',(0.8833946904158387,0,-0.46862972691145455));
#3557=DIRECTION('',(0.4746974737448093,0,0.8801490262565176));
#3558=FACE_SURFACE('',(#3563),#3559,.T.);
#3559=PLANE('',#3560);
#3560=AXIS2_PLACEMENT_3D('',#142,#3561,#3562);
#3561=DIRECTION('',(0,-1,0));
#3562=DIRECTION('',(0.41119737264344136,0,0.9115463349337383));
#3563=FACE_BOUND('',#3564,.T.);
#3564=EDGE_LOOP('',(#3565,#3566,#3567));
#3565=ORIENTED_EDGE('',*,*,#3568,.T.);
#3566=ORIENTED_EDGE('',*,*,#3569,.T.);
#3567=ORIENTED_EDGE('',*,*,#3570,.T.);
#3568=EDGE_CURVE('',#143,#117,#3571,.F.);
#3569=EDGE_CURVE('',#117,#141,#3572,.T.);
#3570=EDGE_CURVE('',#141,#143,#3573,.T.);
#3571=LINE('',#142,#3574);
#3572=LINE('',#116,#3575);
#3573=LINE('',#140,#3576);
#3574=VECTOR('',#3577,1.0);
#3575=VECTOR('',#3578,1.0);
#3576=VECTOR('',#3579,1.0);
#3577=DIRECTION('',(0.41119737264344136,0,0.9115463349337383));
#3578=DIRECTION('',(-0.4746974737448093,0,-0.8801490262565176));
#3579=DIRECTION('',(0.5622424103990344,0,-0.8269724735132866));
#3580=FACE_SURFACE('',(#3585),#3581,.T.);
#3581=PLANE('',#3582);
#3582=AXIS2_PLACEMENT_3D('',#116,#3583,#3584);
#3583=DIRECTION('',(0,-1,-0));
#3584=DIRECTION('',(-0.3905484804184516,0,-0.92058236157491));
#3585=FACE_BOUND('',#3586,.T.);
#3586=EDGE_LOOP('',(#3587,#3588,#3589));
#3587=ORIENTED_EDGE('',*,*,#3590,.T.);
#3588=ORIENTED_EDGE('',*,*,#3591,.T.);
#3589=ORIENTED_EDGE('',*,*,#3592,.T.);
#3590=EDGE_CURVE('',#117,#133,#3593,.F.);
#3591=EDGE_CURVE('',#133,#119,#3594,.T.);
#3592=EDGE_CURVE('',#119,#117,#3595,.T.);
#3593=LINE('',#116,#3596);
#3594=LINE('',#132,#3597);
#3595=LINE('',#118,#3598);
#3596=VECTOR('',#3599,1.0);
#3597=VECTOR('',#3600,1.0);
#3598=VECTOR('',#3601,1.0);
#3599=DIRECTION('',(-0.3905484804184516,0,-0.92058236157491));
#3600=DIRECTION('',(0.349752827216563,0,-0.9368420143514171));
#3601=DIRECTION('',(0,0,1));
#3602=FACE_SURFACE('',(#3607),#3603,.T.);
#3603=PLANE('',#3604);
#3604=AXIS2_PLACEMENT_3D('',#132,#3605,#3606);
#3605=DIRECTION('',(0,-1,0));
#3606=DIRECTION('',(0,0,-1));
#3607=FACE_BOUND('',#3608,.T.);
#3608=EDGE_LOOP('',(#3609,#3610,#3611));
#3609=ORIENTED_EDGE('',*,*,#3612,.T.);
#3610=ORIENTED_EDGE('',*,*,#3613,.T.);
#3611=ORIENTED_EDGE('',*,*,#3614,.T.);
#3612=EDGE_CURVE('',#133,#135,#3615,.F.);
#3613=EDGE_CURVE('',#135,#119,#3616,.T.);
#3614=EDGE_CURVE('',#119,#133,#3617,.T.);
#3615=LINE('',#132,#3618);
#3616=LINE('',#134,#3619);
#3617=LINE('',#118,#3620);
#3618=VECTOR('',#3621,1.0);
#3619=VECTOR('',#3622,1.0);
#3620=VECTOR('',#3623,1.0);
#3621=DIRECTION('',(0,0,-1));
#3622=DIRECTION('',(0.6246933869073363,0,-0.7808701379578047));
#3623=DIRECTION('',(-0.349752827216563,0,0.9368420143514171));
#3624=FACE_SURFACE('',(#3629),#3625,.T.);
#3625=PLANE('',#3626);
#3626=AXIS2_PLACEMENT_3D('',#134,#3627,#3628);
#3627=DIRECTION('',(0,-1,-0));
#3628=DIRECTION('',(-0.23381584849632256,0,-0.9722809002505114));
#3629=FACE_BOUND('',#3630,.T.);
#3630=EDGE_LOOP('',(#3631,#3632,#3633));
#3631=ORIENTED_EDGE('',*,*,#3634,.T.);
#3632=ORIENTED_EDGE('',*,*,#3635,.T.);
#3633=ORIENTED_EDGE('',*,*,#3636,.T.);
#3634=EDGE_CURVE('',#135,#165,#3637,.F.);
#3635=EDGE_CURVE('',#165,#119,#3638,.T.);
#3636=EDGE_CURVE('',#119,#135,#3639,.T.);
#3637=LINE('',#134,#3640);
#3638=LINE('',#164,#3641);
#3639=LINE('',#118,#3642);
#3640=VECTOR('',#3643,1.0);
#3641=VECTOR('',#3644,1.0);
#3642=VECTOR('',#3645,1.0);
#3643=DIRECTION('',(-0.23381584849632256,0,-0.9722809002505114));
#3644=DIRECTION('',(0.689291710451317,0,-0.7244839114177055));
#3645=DIRECTION('',(-0.6246933869073363,0,0.7808701379578047));
#3646=FACE_SURFACE('',(#3651),#3647,.T.);
#3647=PLANE('',#3648);
#3648=AXIS2_PLACEMENT_3D('',#162,#3649,#3650);
#3649=DIRECTION('',(0,-1,0));
#3650=DIRECTION('',(0.6711340381354498,0,-0.7413360256024284));
#3651=FACE_BOUND('',#3652,.T.);
#3652=EDGE_LOOP('',(#3653,#3654,#3655));
#3653=ORIENTED_EDGE('',*,*,#3656,.T.);
#3654=ORIENTED_EDGE('',*,*,#3657,.T.);
#3655=ORIENTED_EDGE('',*,*,#3658,.T.);
#3656=EDGE_CURVE('',#163,#127,#3659,.F.);
#3657=EDGE_CURVE('',#127,#165,#3660,.T.);
#3658=EDGE_CURVE('',#165,#163,#3661,.T.);
#3659=LINE('',#162,#3662);
#3660=LINE('',#126,#3663);
#3661=LINE('',#164,#3664);
#3662=VECTOR('',#3665,1.0);
#3663=VECTOR('',#3666,1.0);
#3664=VECTOR('',#3667,1.0);
#3665=DIRECTION('',(0.6711340381354498,0,-0.7413360256024284));
#3666=DIRECTION('',(-0.5606035316320778,0,0.8280843437245037));
#3667=DIRECTION('',(-0.7046781571615037,0,-0.7095270923787667));
#3668=FACE_SURFACE('',(#3673),#3669,.T.);
#3669=PLANE('',#3670);
#3670=AXIS2_PLACEMENT_3D('',#162,#3671,#3672);
#3671=DIRECTION('',(0,-1,-0));
#3672=DIRECTION('',(-0.9465635217324244,0,-0.32251744034316987));
#3673=FACE_BOUND('',#3674,.T.);
#3674=EDGE_LOOP('',(#3675,#3676,#3677));
#3675=ORIENTED_EDGE('',*,*,#3678,.T.);
#3676=ORIENTED_EDGE('',*,*,#3679,.T.);
#3677=ORIENTED_EDGE('',*,*,#3680,.T.);
#3678=EDGE_CURVE('',#163,#155,#3681,.F.);
#3679=EDGE_CURVE('',#155,#127,#3682,.T.);
#3680=EDGE_CURVE('',#127,#163,#3683,.T.);
#3681=LINE('',#162,#3684);
#3682=LINE('',#154,#3685);
#3683=LINE('',#126,#3686);
#3684=VECTOR('',#3687,1.0);
#3685=VECTOR('',#3688,1.0);
#3686=VECTOR('',#3689,1.0);
#3687=DIRECTION('',(-0.9465635217324244,0,-0.32251744034316987));
#3688=DIRECTION('',(0.7259751744639827,0,-0.6877209070996677));
#3689=DIRECTION('',(-0.6711340381354498,0,0.7413360256024284));
#3690=FACE_SURFACE('',(#3695),#3691,.T.);
#3691=PLANE('',#3692);
#3692=AXIS2_PLACEMENT_3D('',#128,#3693,#3694);
#3693=DIRECTION('',(0,-1,0));
#3694=DIRECTION('',(1,0,0));
#3695=FACE_BOUND('',#3696,.T.);
#3696=EDGE_LOOP('',(#3697,#3698,#3699));
#3697=ORIENTED_EDGE('',*,*,#3700,.T.);
#3698=ORIENTED_EDGE('',*,*,#3701,.T.);
#3699=ORIENTED_EDGE('',*,*,#3702,.T.);
#3700=EDGE_CURVE('',#129,#127,#3703,.F.);
#3701=EDGE_CURVE('',#127,#155,#3704,.T.);
#3702=EDGE_CURVE('',#155,#129,#3705,.T.);
#3703=LINE('',#128,#3706);
#3704=LINE('',#126,#3707);
#3705=LINE('',#154,#3708);
#3706=VECTOR('',#3709,1.0);
#3707=VECTOR('',#3710,1.0);
#3708=VECTOR('',#3711,1.0);
#3709=DIRECTION('',(1,0,0));
#3710=DIRECTION('',(-0.7259751744639827,0,0.6877209070996677));
#3711=DIRECTION('',(-0.7509260319804585,0,-0.6603863221585404));
#3712=FACE_SURFACE('',(#3717),#3713,.T.);
#3713=PLANE('',#3714);
#3714=AXIS2_PLACEMENT_3D('',#154,#3715,#3716);
#3715=DIRECTION('',(-0,-1,0));
#3716=DIRECTION('',(-0.9895453064968187,0,0.14422235052209229));
#3717=FACE_BOUND('',#3718,.T.);
#3718=EDGE_LOOP('',(#3719,#3720,#3721));
#3719=ORIENTED_EDGE('',*,*,#3722,.T.);
#3720=ORIENTED_EDGE('',*,*,#3723,.T.);
#3721=ORIENTED_EDGE('',*,*,#3724,.T.);
#3722=EDGE_CURVE('',#155,#157,#3725,.F.);
#3723=EDGE_CURVE('',#157,#129,#3726,.T.);
#3724=EDGE_CURVE('',#129,#155,#3727,.T.);
#3725=LINE('',#154,#3728);
#3726=LINE('',#156,#3729);
#3727=LINE('',#128,#3730);
#3728=VECTOR('',#3731,1.0);
#3729=VECTOR('',#3732,1.0);
#3730=VECTOR('',#3733,1.0);
#3731=DIRECTION('',(-0.9895453064968187,0,0.14422235052209229));
#3732=DIRECTION('',(-0.6865741538035223,0,-0.727059785250826));
#3733=DIRECTION('',(0.7509260319804585,0,0.6603863221585404));
#3734=FACE_SURFACE('',(#3739),#3735,.T.);
#3735=PLANE('',#3736);
#3736=AXIS2_PLACEMENT_3D('',#156,#3737,#3738);
#3737=DIRECTION('',(-0,-1,0));
#3738=DIRECTION('',(-0.8532595072792053,0,0.521486541760809));
#3739=FACE_BOUND('',#3740,.T.);
#3740=EDGE_LOOP('',(#3741,#3742,#3743));
#3741=ORIENTED_EDGE('',*,*,#3744,.T.);
#3742=ORIENTED_EDGE('',*,*,#3745,.T.);
#3743=ORIENTED_EDGE('',*,*,#3746,.T.);
#3744=EDGE_CURVE('',#157,#159,#3747,.F.);
#3745=EDGE_CURVE('',#159,#129,#3748,.T.);
#3746=EDGE_CURVE('',#129,#157,#3749,.T.);
#3747=LINE('',#156,#3750);
#3748=LINE('',#158,#3751);
#3749=LINE('',#128,#3752);
#3750=VECTOR('',#3753,1.0);
#3751=VECTOR('',#3754,1.0);
#3752=VECTOR('',#3755,1.0);
#3753=DIRECTION('',(-0.8532595072792053,0,0.521486541760809));
#3754=DIRECTION('',(-0.6301110052398515,0,-0.776505068287145));
#3755=DIRECTION('',(0.6865741538035223,0,0.727059785250826));
#3756=FACE_SURFACE('',(#3761),#3757,.T.);
#3757=PLANE('',#3758);
#3758=AXIS2_PLACEMENT_3D('',#160,#3759,#3760);
#3759=DIRECTION('',(0,-1,-0));
#3760=DIRECTION('',(-0.6893038238248814,0,-0.7244723862649264));
#3761=FACE_BOUND('',#3762,.T.);
#3762=EDGE_LOOP('',(#3763,#3764,#3765));
#3763=ORIENTED_EDGE('',*,*,#3766,.T.);
#3764=ORIENTED_EDGE('',*,*,#3767,.T.);
#3765=ORIENTED_EDGE('',*,*,#3768,.T.);
#3766=EDGE_CURVE('',#161,#97,#3769,.F.);
#3767=EDGE_CURVE('',#97,#159,#3770,.T.);
#3768=EDGE_CURVE('',#159,#161,#3771,.T.);
#3769=LINE('',#160,#3772);
#3770=LINE('',#96,#3773);
#3771=LINE('',#158,#3774);
#3772=VECTOR('',#3775,1.0);
#3773=VECTOR('',#3776,1.0);
#3774=VECTOR('',#3777,1.0);
#3775=DIRECTION('',(-0.6893038238248814,0,-0.7244723862649264));
#3776=DIRECTION('',(0.7519390998237858,0,0.6592325766800324));
#3777=DIRECTION('',(-0.6065895950822113,0,0.7950151339050087));
#3778=FACE_SURFACE('',(#3783),#3779,.T.);
#3779=PLANE('',#3780);
#3780=AXIS2_PLACEMENT_3D('',#130,#3781,#3782);
#3781=DIRECTION('',(0,-1,0));
#3782=DIRECTION('',(0.7185192496405376,0,0.6955070724989063));
#3783=FACE_BOUND('',#3784,.T.);
#3784=EDGE_LOOP('',(#3785,#3786,#3787));
#3785=ORIENTED_EDGE('',*,*,#3788,.T.);
#3786=ORIENTED_EDGE('',*,*,#3789,.T.);
#3787=ORIENTED_EDGE('',*,*,#3790,.T.);
#3788=EDGE_CURVE('',#131,#159,#3791,.F.);
#3789=EDGE_CURVE('',#159,#97,#3792,.T.);
#3790=EDGE_CURVE('',#97,#131,#3793,.T.);
#3791=LINE('',#130,#3794);
#3792=LINE('',#158,#3795);
#3793=LINE('',#96,#3796);
#3794=VECTOR('',#3797,1.0);
#3795=VECTOR('',#3798,1.0);
#3796=VECTOR('',#3799,1.0);
#3797=DIRECTION('',(0.7185192496405376,0,0.6955070724989063));
#3798=DIRECTION('',(-0.7519390998237858,0,-0.6592325766800324));
#3799=DIRECTION('',(0.2789340059168776,0,-0.9603102729551337));
#3800=FACE_SURFACE('',(#3805),#3801,.T.);
#3801=PLANE('',#3802);
#3802=AXIS2_PLACEMENT_3D('',#152,#3803,#3804);
#3803=DIRECTION('',(0,-1,-0));
#3804=DIRECTION('',(-0.6246933869073363,0,-0.7808701379578047));
#3805=FACE_BOUND('',#3806,.T.);
#3806=EDGE_LOOP('',(#3807,#3808,#3809));
#3807=ORIENTED_EDGE('',*,*,#3810,.T.);
#3808=ORIENTED_EDGE('',*,*,#3811,.T.);
#3809=ORIENTED_EDGE('',*,*,#3812,.T.);
#3810=EDGE_CURVE('',#153,#97,#3813,.F.);
#3811=EDGE_CURVE('',#97,#161,#3814,.T.);
#3812=EDGE_CURVE('',#161,#153,#3815,.T.);
#3813=LINE('',#152,#3816);
#3814=LINE('',#96,#3817);
#3815=LINE('',#160,#3818);
#3816=VECTOR('',#3819,1.0);
#3817=VECTOR('',#3820,1.0);
#3818=VECTOR('',#3821,1.0);
#3819=DIRECTION('',(-0.6246933869073363,0,-0.7808701379578047));
#3820=DIRECTION('',(0.6893038238248814,0,0.7244723862649264));
#3821=DIRECTION('',(-0.23392303346130502,0,0.9722551179686643));
#3822=FACE_SURFACE('',(#3827),#3823,.T.);
#3823=PLANE('',#3824);
#3824=AXIS2_PLACEMENT_3D('',#150,#3825,#3826);
#3825=DIRECTION('',(0,-1,-0));
#3826=DIRECTION('',(-0.349752827216563,0,-0.9368420143514171));
#3827=FACE_BOUND('',#3828,.T.);
#3828=EDGE_LOOP('',(#3829,#3830,#3831));
#3829=ORIENTED_EDGE('',*,*,#3832,.T.);
#3830=ORIENTED_EDGE('',*,*,#3833,.T.);
#3831=ORIENTED_EDGE('',*,*,#3834,.T.);
#3832=EDGE_CURVE('',#151,#97,#3835,.F.);
#3833=EDGE_CURVE('',#97,#153,#3836,.T.);
#3834=EDGE_CURVE('',#153,#151,#3837,.T.);
#3835=LINE('',#150,#3838);
#3836=LINE('',#96,#3839);
#3837=LINE('',#152,#3840);
#3838=VECTOR('',#3841,1.0);
#3839=VECTOR('',#3842,1.0);
#3840=VECTOR('',#3843,1.0);
#3841=DIRECTION('',(-0.349752827216563,0,-0.9368420143514171));
#3842=DIRECTION('',(0.6246933869073363,0,0.7808701379578047));
#3843=DIRECTION('',(0,0,1));
#3844=FACE_SURFACE('',(#3849),#3845,.T.);
#3845=PLANE('',#3846);
#3846=AXIS2_PLACEMENT_3D('',#36,#3847,#3848);
#3847=DIRECTION('',(-0,0,-1));
#3848=DIRECTION('',(-0.8858316927570958,-0.4640066940326381,0));
#3849=FACE_BOUND('',#3850,.T.);
#3850=EDGE_LOOP('',(#3851,#3852,#3853));
#3851=ORIENTED_EDGE('',*,*,#3854,.T.);
#3852=ORIENTED_EDGE('',*,*,#3855,.T.);
#3853=ORIENTED_EDGE('',*,*,#3856,.T.);
#3854=EDGE_CURVE('',#37,#111,#3857,.F.);
#3855=EDGE_CURVE('',#111,#107,#3858,.T.);
#3856=EDGE_CURVE('',#107,#37,#3859,.T.);
#3857=LINE('',#36,#3860);
#3858=LINE('',#110,#3861);
#3859=LINE('',#106,#3862);
#3860=VECTOR('',#3863,1.0);
#3861=VECTOR('',#3864,1.0);
#3862=VECTOR('',#3865,1.0);
#3863=DIRECTION('',(-0.8858316927570958,-0.4640066940326381,0));
#3864=DIRECTION('',(0,1,0));
#3865=DIRECTION('',(0.9988681787752252,-0.047564287341079724,0));
#3866=FACE_SURFACE('',(#3871),#3867,.T.);
#3867=PLANE('',#3868);
#3868=AXIS2_PLACEMENT_3D('',#110,#3869,#3870);
#3869=DIRECTION('',(0,0,-1));
#3870=DIRECTION('',(0.8858316927570958,0.4640066940326381,0));
#3871=FACE_BOUND('',#3872,.T.);
#3872=EDGE_LOOP('',(#3873,#3874,#3875));
#3873=ORIENTED_EDGE('',*,*,#3876,.T.);
#3874=ORIENTED_EDGE('',*,*,#3877,.T.);
#3875=ORIENTED_EDGE('',*,*,#3878,.T.);
#3876=EDGE_CURVE('',#111,#37,#3879,.F.);
#3877=EDGE_CURVE('',#37,#103,#3880,.T.);
#3878=EDGE_CURVE('',#103,#111,#3881,.T.);
#3879=LINE('',#110,#3882);
#3880=LINE('',#36,#3883);
#3881=LINE('',#102,#3884);
#3882=VECTOR('',#3885,1.0);
#3883=VECTOR('',#3886,1.0);
#3884=VECTOR('',#3887,1.0);
#3885=DIRECTION('',(0.8858316927570958,0.4640066940326381,0));
#3886=DIRECTION('',(0,-1,0));
#3887=DIRECTION('',(-0.9988680925677157,-0.04756609769713329,0));
#3888=FACE_SURFACE('',(#3893),#3889,.T.);
#3889=PLANE('',#3890);
#3890=AXIS2_PLACEMENT_3D('',#166,#3891,#3892);
#3891=DIRECTION('',(-1,0,0));
#3892=DIRECTION('',(0,0,1));
#3893=FACE_BOUND('',#3894,.T.);
#3894=EDGE_LOOP('',(#3895,#3896,#3897));
#3895=ORIENTED_EDGE('',*,*,#3898,.T.);
#3896=ORIENTED_EDGE('',*,*,#3899,.T.);
#3897=ORIENTED_EDGE('',*,*,#3900,.T.);
#3898=EDGE_CURVE('',#167,#109,#3901,.F.);
#3899=EDGE_CURVE('',#109,#105,#3902,.T.);
#3900=EDGE_CURVE('',#105,#167,#3903,.T.);
#3901=LINE('',#166,#3904);
#3902=LINE('',#108,#3905);
#3903=LINE('',#104,#3906);
#3904=VECTOR('',#3907,1.0);
#3905=VECTOR('',#3908,1.0);
#3906=VECTOR('',#3909,1.0);
#3907=DIRECTION('',(0,0,1));
#3908=DIRECTION('',(0,1,0));
#3909=DIRECTION('',(0,-0.6507912030835118,-0.7592567483987978));
#3910=FACE_SURFACE('',(#3915),#3911,.T.);
#3911=PLANE('',#3912);
#3912=AXIS2_PLACEMENT_3D('',#166,#3913,#3914);
#3913=DIRECTION('',(-1,0,0));
#3914=DIRECTION('',(0,0.6507912030835118,0.7592567483987978));
#3915=FACE_BOUND('',#3916,.T.);
#3916=EDGE_LOOP('',(#3917,#3918,#3919));
#3917=ORIENTED_EDGE('',*,*,#3920,.T.);
#3918=ORIENTED_EDGE('',*,*,#3921,.T.);
#3919=ORIENTED_EDGE('',*,*,#3922,.T.);
#3920=EDGE_CURVE('',#167,#105,#3923,.F.);
#3921=EDGE_CURVE('',#105,#169,#3924,.T.);
#3922=EDGE_CURVE('',#169,#167,#3925,.T.);
#3923=LINE('',#166,#3926);
#3924=LINE('',#104,#3927);
#3925=LINE('',#168,#3928);
#3926=VECTOR('',#3929,1.0);
#3927=VECTOR('',#3930,1.0);
#3928=VECTOR('',#3931,1.0);
#3929=DIRECTION('',(0,0.6507912030835118,0.7592567483987978));
#3930=DIRECTION('',(0,0,-1));
#3931=DIRECTION('',(0,-1,0));
#3932=FACE_SURFACE('',(#3937),#3933,.T.);
#3933=PLANE('',#3934);
#3934=AXIS2_PLACEMENT_3D('',#170,#3935,#3936);
#3935=DIRECTION('',(0,1,0));
#3936=DIRECTION('',(-1,0,0));
#3937=FACE_BOUND('',#3938,.T.);
#3938=EDGE_LOOP('',(#3939,#3940,#3941));
#3939=ORIENTED_EDGE('',*,*,#3942,.T.);
#3940=ORIENTED_EDGE('',*,*,#3943,.T.);
#3941=ORIENTED_EDGE('',*,*,#3944,.T.);
#3942=EDGE_CURVE('',#171,#173,#3945,.F.);
#3943=EDGE_CURVE('',#173,#111,#3946,.T.);
#3944=EDGE_CURVE('',#111,#171,#3947,.T.);
#3945=LINE('',#170,#3948);
#3946=LINE('',#172,#3949);
#3947=LINE('',#110,#3950);
#3948=VECTOR('',#3951,1.0);
#3949=VECTOR('',#3952,1.0);
#3950=VECTOR('',#3953,1.0);
#3951=DIRECTION('',(-1,0,0));
#3952=DIRECTION('',(0,0,1));
#3953=DIRECTION('',(0.3363360718889215,0,-0.9417420277052152));
#3954=FACE_SURFACE('',(#3959),#3955,.T.);
#3955=PLANE('',#3956);
#3956=AXIS2_PLACEMENT_3D('',#166,#3957,#3958);
#3957=DIRECTION('',(0,1,-0));
#3958=DIRECTION('',(-1,0,0));
#3959=FACE_BOUND('',#3960,.T.);
#3960=EDGE_LOOP('',(#3961,#3962,#3963));
#3961=ORIENTED_EDGE('',*,*,#3964,.T.);
#3962=ORIENTED_EDGE('',*,*,#3965,.T.);
#3963=ORIENTED_EDGE('',*,*,#3966,.T.);
#3964=EDGE_CURVE('',#167,#175,#3967,.F.);
#3965=EDGE_CURVE('',#175,#109,#3968,.T.);
#3966=EDGE_CURVE('',#109,#167,#3969,.T.);
#3967=LINE('',#166,#3970);
#3968=LINE('',#174,#3971);
#3969=LINE('',#108,#3972);
#3970=VECTOR('',#3973,1.0);
#3971=VECTOR('',#3974,1.0);
#3972=VECTOR('',#3975,1.0);
#3973=DIRECTION('',(-1,0,0));
#3974=DIRECTION('',(0.3363360718889215,0,0.9417420277052152));
#3975=DIRECTION('',(0,0,-1));
#3976=FACE_SURFACE('',(#3981),#3977,.T.);
#3977=PLANE('',#3978);
#3978=AXIS2_PLACEMENT_3D('',#170,#3979,#3980);
#3979=DIRECTION('',(-0,1,0));
#3980=DIRECTION('',(1,0,0));
#3981=FACE_BOUND('',#3982,.T.);
#3982=EDGE_LOOP('',(#3983,#3984,#3985));
#3983=ORIENTED_EDGE('',*,*,#3986,.T.);
#3984=ORIENTED_EDGE('',*,*,#3987,.T.);
#3985=ORIENTED_EDGE('',*,*,#3988,.T.);
#3986=EDGE_CURVE('',#171,#175,#3989,.F.);
#3987=EDGE_CURVE('',#175,#177,#3990,.T.);
#3988=EDGE_CURVE('',#177,#171,#3991,.T.);
#3989=LINE('',#170,#3992);
#3990=LINE('',#174,#3993);
#3991=LINE('',#176,#3994);
#3992=VECTOR('',#3995,1.0);
#3993=VECTOR('',#3996,1.0);
#3994=VECTOR('',#3997,1.0);
#3995=DIRECTION('',(1,0,0));
#3996=DIRECTION('',(-0.9805806978247512,0,-0.1961160244689962));
#3997=DIRECTION('',(0,0,1));
#3998=FACE_SURFACE('',(#4003),#3999,.T.);
#3999=PLANE('',#4000);
#4000=AXIS2_PLACEMENT_3D('',#110,#4001,#4002);
#4001=DIRECTION('',(-0,1,0));
#4002=DIRECTION('',(1,0,0));
#4003=FACE_BOUND('',#4004,.T.);
#4004=EDGE_LOOP('',(#4005,#4006,#4007));
#4005=ORIENTED_EDGE('',*,*,#4008,.T.);
#4006=ORIENTED_EDGE('',*,*,#4009,.T.);
#4007=ORIENTED_EDGE('',*,*,#4010,.T.);
#4008=EDGE_CURVE('',#111,#109,#4011,.F.);
#4009=EDGE_CURVE('',#109,#171,#4012,.T.);
#4010=EDGE_CURVE('',#171,#111,#4013,.T.);
#4011=LINE('',#110,#4014);
#4012=LINE('',#108,#4015);
#4013=LINE('',#170,#4016);
#4014=VECTOR('',#4017,1.0);
#4015=VECTOR('',#4018,1.0);
#4016=VECTOR('',#4019,1.0);
#4017=DIRECTION('',(1,0,0));
#4018=DIRECTION('',(-0.9946657461947981,0,-0.10315063425275542));
#4019=DIRECTION('',(-0.3363360718889215,0,0.9417420277052152));
#4020=FACE_SURFACE('',(#4025),#4021,.T.);
#4021=PLANE('',#4022);
#4022=AXIS2_PLACEMENT_3D('',#170,#4023,#4024);
#4023=DIRECTION('',(0,1,0));
#4024=DIRECTION('',(0.9946657461947981,0,0.10315063425275542));
#4025=FACE_BOUND('',#4026,.T.);
#4026=EDGE_LOOP('',(#4027,#4028,#4029));
#4027=ORIENTED_EDGE('',*,*,#4030,.T.);
#4028=ORIENTED_EDGE('',*,*,#4031,.T.);
#4029=ORIENTED_EDGE('',*,*,#4032,.T.);
#4030=EDGE_CURVE('',#171,#109,#4033,.F.);
#4031=EDGE_CURVE('',#109,#175,#4034,.T.);
#4032=EDGE_CURVE('',#175,#171,#4035,.T.);
#4033=LINE('',#170,#4036);
#4034=LINE('',#108,#4037);
#4035=LINE('',#174,#4038);
#4036=VECTOR('',#4039,1.0);
#4037=VECTOR('',#4040,1.0);
#4038=VECTOR('',#4041,1.0);
#4039=DIRECTION('',(0.9946657461947981,0,0.10315063425275542));
#4040=DIRECTION('',(-0.3363360718889215,0,-0.9417420277052152));
#4041=DIRECTION('',(-1,0,0));
#4042=FACE_SURFACE('',(#4047),#4043,.T.);
#4043=PLANE('',#4044);
#4044=AXIS2_PLACEMENT_3D('',#174,#4045,#4046);
#4045=DIRECTION('',(0,1,0));
#4046=DIRECTION('',(0,0,-1));
#4047=FACE_BOUND('',#4048,.T.);
#4048=EDGE_LOOP('',(#4049,#4050,#4051));
#4049=ORIENTED_EDGE('',*,*,#4052,.T.);
#4050=ORIENTED_EDGE('',*,*,#4053,.T.);
#4051=ORIENTED_EDGE('',*,*,#4054,.T.);
#4052=EDGE_CURVE('',#175,#179,#4055,.F.);
#4053=EDGE_CURVE('',#179,#177,#4056,.T.);
#4054=EDGE_CURVE('',#177,#175,#4057,.T.);
#4055=LINE('',#174,#4058);
#4056=LINE('',#178,#4059);
#4057=LINE('',#176,#4060);
#4058=VECTOR('',#4061,1.0);
#4059=VECTOR('',#4062,1.0);
#4060=VECTOR('',#4063,1.0);
#4061=DIRECTION('',(0,0,-1));
#4062=DIRECTION('',(-1,0,0));
#4063=DIRECTION('',(0.9805806978247512,0,0.1961160244689962));
#4064=FACE_SURFACE('',(#4069),#4065,.T.);
#4065=PLANE('',#4066);
#4066=AXIS2_PLACEMENT_3D('',#180,#4067,#4068);
#4067=DIRECTION('',(1,0,-0));
#4068=DIRECTION('',(0,0,1));
#4069=FACE_BOUND('',#4070,.T.);
#4070=EDGE_LOOP('',(#4071,#4072,#4073));
#4071=ORIENTED_EDGE('',*,*,#4074,.T.);
#4072=ORIENTED_EDGE('',*,*,#4075,.T.);
#4073=ORIENTED_EDGE('',*,*,#4076,.T.);
#4074=EDGE_CURVE('',#181,#107,#4077,.F.);
#4075=EDGE_CURVE('',#107,#111,#4078,.T.);
#4076=EDGE_CURVE('',#111,#181,#4079,.T.);
#4077=LINE('',#180,#4080);
#4078=LINE('',#106,#4081);
#4079=LINE('',#110,#4082);
#4080=VECTOR('',#4083,1.0);
#4081=VECTOR('',#4084,1.0);
#4082=VECTOR('',#4085,1.0);
#4083=DIRECTION('',(0,0,1));
#4084=DIRECTION('',(0,-1,0));
#4085=DIRECTION('',(0,0.6507912030835118,-0.7592567483987978));
#4086=FACE_SURFACE('',(#4091),#4087,.T.);
#4087=PLANE('',#4088);
#4088=AXIS2_PLACEMENT_3D('',#180,#4089,#4090);
#4089=DIRECTION('',(1,0,0));
#4090=DIRECTION('',(0,-0.6507912030835118,0.7592567483987978));
#4091=FACE_BOUND('',#4092,.T.);
#4092=EDGE_LOOP('',(#4093,#4094,#4095));
#4093=ORIENTED_EDGE('',*,*,#4096,.T.);
#4094=ORIENTED_EDGE('',*,*,#4097,.T.);
#4095=ORIENTED_EDGE('',*,*,#4098,.T.);
#4096=EDGE_CURVE('',#181,#111,#4099,.F.);
#4097=EDGE_CURVE('',#111,#173,#4100,.T.);
#4098=EDGE_CURVE('',#173,#181,#4101,.T.);
#4099=LINE('',#180,#4102);
#4100=LINE('',#110,#4103);
#4101=LINE('',#172,#4104);
#4102=VECTOR('',#4105,1.0);
#4103=VECTOR('',#4106,1.0);
#4104=VECTOR('',#4107,1.0);
#4105=DIRECTION('',(0,-0.6507912030835118,0.7592567483987978));
#4106=DIRECTION('',(0,0,-1));
#4107=DIRECTION('',(0,1,0));
#4108=FACE_SURFACE('',(#4113),#4109,.T.);
#4109=PLANE('',#4110);
#4110=AXIS2_PLACEMENT_3D('',#182,#4111,#4112);
#4111=DIRECTION('',(0,-1,0));
#4112=DIRECTION('',(1,0,0));
#4113=FACE_BOUND('',#4114,.T.);
#4114=EDGE_LOOP('',(#4115,#4116,#4117));
#4115=ORIENTED_EDGE('',*,*,#4118,.T.);
#4116=ORIENTED_EDGE('',*,*,#4119,.T.);
#4117=ORIENTED_EDGE('',*,*,#4120,.T.);
#4118=EDGE_CURVE('',#183,#169,#4121,.F.);
#4119=EDGE_CURVE('',#169,#105,#4122,.T.);
#4120=EDGE_CURVE('',#105,#183,#4123,.T.);
#4121=LINE('',#182,#4124);
#4122=LINE('',#168,#4125);
#4123=LINE('',#104,#4126);
#4124=VECTOR('',#4127,1.0);
#4125=VECTOR('',#4128,1.0);
#4126=VECTOR('',#4129,1.0);
#4127=DIRECTION('',(1,0,0));
#4128=DIRECTION('',(0,0,1));
#4129=DIRECTION('',(-0.3363360718889215,0,-0.9417420277052152));
#4130=FACE_SURFACE('',(#4135),#4131,.T.);
#4131=PLANE('',#4132);
#4132=AXIS2_PLACEMENT_3D('',#180,#4133,#4134);
#4133=DIRECTION('',(0,-1,0));
#4134=DIRECTION('',(1,0,0));
#4135=FACE_BOUND('',#4136,.T.);
#4136=EDGE_LOOP('',(#4137,#4138,#4139));
#4137=ORIENTED_EDGE('',*,*,#4140,.T.);
#4138=ORIENTED_EDGE('',*,*,#4141,.T.);
#4139=ORIENTED_EDGE('',*,*,#4142,.T.);
#4140=EDGE_CURVE('',#181,#185,#4143,.F.);
#4141=EDGE_CURVE('',#185,#107,#4144,.T.);
#4142=EDGE_CURVE('',#107,#181,#4145,.T.);
#4143=LINE('',#180,#4146);
#4144=LINE('',#184,#4147);
#4145=LINE('',#106,#4148);
#4146=VECTOR('',#4149,1.0);
#4147=VECTOR('',#4150,1.0);
#4148=VECTOR('',#4151,1.0);
#4149=DIRECTION('',(1,0,0));
#4150=DIRECTION('',(-0.3363360718889215,0,0.9417420277052152));
#4151=DIRECTION('',(0,0,-1));
#4152=FACE_SURFACE('',(#4157),#4153,.T.);
#4153=PLANE('',#4154);
#4154=AXIS2_PLACEMENT_3D('',#182,#4155,#4156);
#4155=DIRECTION('',(-0,-1,-0));
#4156=DIRECTION('',(-1,0,0));
#4157=FACE_BOUND('',#4158,.T.);
#4158=EDGE_LOOP('',(#4159,#4160,#4161));
#4159=ORIENTED_EDGE('',*,*,#4162,.T.);
#4160=ORIENTED_EDGE('',*,*,#4163,.T.);
#4161=ORIENTED_EDGE('',*,*,#4164,.T.);
#4162=EDGE_CURVE('',#183,#185,#4165,.F.);
#4163=EDGE_CURVE('',#185,#187,#4166,.T.);
#4164=EDGE_CURVE('',#187,#183,#4167,.T.);
#4165=LINE('',#182,#4168);
#4166=LINE('',#184,#4169);
#4167=LINE('',#186,#4170);
#4168=VECTOR('',#4171,1.0);
#4169=VECTOR('',#4172,1.0);
#4170=VECTOR('',#4173,1.0);
#4171=DIRECTION('',(-1,0,0));
#4172=DIRECTION('',(0.9805806978247512,0,-0.1961160244689962));
#4173=DIRECTION('',(0,0,1));
#4174=FACE_SURFACE('',(#4179),#4175,.T.);
#4175=PLANE('',#4176);
#4176=AXIS2_PLACEMENT_3D('',#104,#4177,#4178);
#4177=DIRECTION('',(-0,-1,0));
#4178=DIRECTION('',(-1,0,0));
#4179=FACE_BOUND('',#4180,.T.);
#4180=EDGE_LOOP('',(#4181,#4182,#4183));
#4181=ORIENTED_EDGE('',*,*,#4184,.T.);
#4182=ORIENTED_EDGE('',*,*,#4185,.T.);
#4183=ORIENTED_EDGE('',*,*,#4186,.T.);
#4184=EDGE_CURVE('',#105,#107,#4187,.F.);
#4185=EDGE_CURVE('',#107,#183,#4188,.T.);
#4186=EDGE_CURVE('',#183,#105,#4189,.T.);
#4187=LINE('',#104,#4190);
#4188=LINE('',#106,#4191);
#4189=LINE('',#182,#4192);
#4190=VECTOR('',#4193,1.0);
#4191=VECTOR('',#4194,1.0);
#4192=VECTOR('',#4195,1.0);
#4193=DIRECTION('',(-1,0,0));
#4194=DIRECTION('',(0.9946657461947981,0,-0.10315063425275542));
#4195=DIRECTION('',(0.3363360718889215,0,0.9417420277052152));
#4196=FACE_SURFACE('',(#4201),#4197,.T.);
#4197=PLANE('',#4198);
#4198=AXIS2_PLACEMENT_3D('',#182,#4199,#4200);
#4199=DIRECTION('',(0,-1,0));
#4200=DIRECTION('',(-0.9946657461947981,0,0.10315063425275542));
#4201=FACE_BOUND('',#4202,.T.);
#4202=EDGE_LOOP('',(#4203,#4204,#4205));
#4203=ORIENTED_EDGE('',*,*,#4206,.T.);
#4204=ORIENTED_EDGE('',*,*,#4207,.T.);
#4205=ORIENTED_EDGE('',*,*,#4208,.T.);
#4206=EDGE_CURVE('',#183,#107,#4209,.F.);
#4207=EDGE_CURVE('',#107,#185,#4210,.T.);
#4208=EDGE_CURVE('',#185,#183,#4211,.T.);
#4209=LINE('',#182,#4212);
#4210=LINE('',#106,#4213);
#4211=LINE('',#184,#4214);
#4212=VECTOR('',#4215,1.0);
#4213=VECTOR('',#4216,1.0);
#4214=VECTOR('',#4217,1.0);
#4215=DIRECTION('',(-0.9946657461947981,0,0.10315063425275542));
#4216=DIRECTION('',(0.3363360718889215,0,-0.9417420277052152));
#4217=DIRECTION('',(1,0,0));
#4218=FACE_SURFACE('',(#4223),#4219,.T.);
#4219=PLANE('',#4220);
#4220=AXIS2_PLACEMENT_3D('',#184,#4221,#4222);
#4221=DIRECTION('',(0,-1,0));
#4222=DIRECTION('',(0,0,-1));
#4223=FACE_BOUND('',#4224,.T.);
#4224=EDGE_LOOP('',(#4225,#4226,#4227));
#4225=ORIENTED_EDGE('',*,*,#4228,.T.);
#4226=ORIENTED_EDGE('',*,*,#4229,.T.);
#4227=ORIENTED_EDGE('',*,*,#4230,.T.);
#4228=EDGE_CURVE('',#185,#189,#4231,.F.);
#4229=EDGE_CURVE('',#189,#187,#4232,.T.);
#4230=EDGE_CURVE('',#187,#185,#4233,.T.);
#4231=LINE('',#184,#4234);
#4232=LINE('',#188,#4235);
#4233=LINE('',#186,#4236);
#4234=VECTOR('',#4237,1.0);
#4235=VECTOR('',#4238,1.0);
#4236=VECTOR('',#4239,1.0);
#4237=DIRECTION('',(0,0,-1));
#4238=DIRECTION('',(1,0,0));
#4239=DIRECTION('',(-0.9805806978247512,0,0.1961160244689962));
#4240=FACE_SURFACE('',(#4245),#4241,.T.);
#4241=PLANE('',#4242);
#4242=AXIS2_PLACEMENT_3D('',#104,#4243,#4244);
#4243=DIRECTION('',(0,0,-1));
#4244=DIRECTION('',(-0.8858323541597429,-0.46400543135162536,0));
#4245=FACE_BOUND('',#4246,.T.);
#4246=EDGE_LOOP('',(#4247,#4248,#4249));
#4247=ORIENTED_EDGE('',*,*,#4250,.T.);
#4248=ORIENTED_EDGE('',*,*,#4251,.T.);
#4249=ORIENTED_EDGE('',*,*,#4252,.T.);
#4250=EDGE_CURVE('',#105,#113,#4253,.F.);
#4251=EDGE_CURVE('',#113,#39,#4254,.T.);
#4252=EDGE_CURVE('',#39,#105,#4255,.T.);
#4253=LINE('',#104,#4256);
#4254=LINE('',#112,#4257);
#4255=LINE('',#38,#4258);
#4256=VECTOR('',#4259,1.0);
#4257=VECTOR('',#4260,1.0);
#4258=VECTOR('',#4261,1.0);
#4259=DIRECTION('',(-0.8858323541597429,-0.46400543135162536,0));
#4260=DIRECTION('',(0,1,0));
#4261=DIRECTION('',(0.9988681787752252,0.047564287341079724,0));
#4262=FACE_SURFACE('',(#4267),#4263,.T.);
#4263=PLANE('',#4264);
#4264=AXIS2_PLACEMENT_3D('',#112,#4265,#4266);
#4265=DIRECTION('',(0,0,-1));
#4266=DIRECTION('',(0.8858323541597429,0.46400543135162536,0));
#4267=FACE_BOUND('',#4268,.T.);
#4268=EDGE_LOOP('',(#4269,#4270,#4271));
#4269=ORIENTED_EDGE('',*,*,#4272,.T.);
#4270=ORIENTED_EDGE('',*,*,#4273,.T.);
#4271=ORIENTED_EDGE('',*,*,#4274,.T.);
#4272=EDGE_CURVE('',#113,#105,#4275,.F.);
#4273=EDGE_CURVE('',#105,#109,#4276,.T.);
#4274=EDGE_CURVE('',#109,#113,#4277,.T.);
#4275=LINE('',#112,#4278);
#4276=LINE('',#104,#4279);
#4277=LINE('',#108,#4280);
#4278=VECTOR('',#4281,1.0);
#4279=VECTOR('',#4282,1.0);
#4280=VECTOR('',#4283,1.0);
#4281=DIRECTION('',(0.8858323541597429,0.46400543135162536,0));
#4282=DIRECTION('',(0,-1,0));
#4283=DIRECTION('',(-0.9988680925677157,0.04756609769713329,0));
#4284=FACE_SURFACE('',(#4289),#4285,.T.);
#4285=PLANE('',#4286);
#4286=AXIS2_PLACEMENT_3D('',#190,#4287,#4288);
#4287=DIRECTION('',(0,0,-1));
#4288=DIRECTION('',(0.24253562503633297,-0.9701425001453319,0));
#4289=FACE_BOUND('',#4290,.T.);
#4290=EDGE_LOOP('',(#4291,#4292,#4293));
#4291=ORIENTED_EDGE('',*,*,#4294,.T.);
#4292=ORIENTED_EDGE('',*,*,#4295,.T.);
#4293=ORIENTED_EDGE('',*,*,#4296,.T.);
#4294=EDGE_CURVE('',#191,#193,#4297,.F.);
#4295=EDGE_CURVE('',#193,#195,#4298,.T.);
#4296=EDGE_CURVE('',#195,#191,#4299,.T.);
#4297=LINE('',#190,#4300);
#4298=LINE('',#192,#4301);
#4299=LINE('',#194,#4302);
#4300=VECTOR('',#4303,1.0);
#4301=VECTOR('',#4304,1.0);
#4302=VECTOR('',#4305,1.0);
#4303=DIRECTION('',(0.24253562503633297,-0.9701425001453319,0));
#4304=DIRECTION('',(-1,0,0));
#4305=DIRECTION('',(0,1,0));
#4306=FACE_SURFACE('',(#4311),#4307,.T.);
#4307=PLANE('',#4308);
#4308=AXIS2_PLACEMENT_3D('',#196,#4309,#4310);
#4309=DIRECTION('',(0,0,-1));
#4310=DIRECTION('',(0,1,0));
#4311=FACE_BOUND('',#4312,.T.);
#4312=EDGE_LOOP('',(#4313,#4314,#4315));
#4313=ORIENTED_EDGE('',*,*,#4316,.T.);
#4314=ORIENTED_EDGE('',*,*,#4317,.T.);
#4315=ORIENTED_EDGE('',*,*,#4318,.T.);
#4316=EDGE_CURVE('',#197,#199,#4319,.F.);
#4317=EDGE_CURVE('',#199,#201,#4320,.T.);
#4318=EDGE_CURVE('',#201,#197,#4321,.T.);
#4319=LINE('',#196,#4322);
#4320=LINE('',#198,#4323);
#4321=LINE('',#200,#4324);
#4322=VECTOR('',#4325,1.0);
#4323=VECTOR('',#4326,1.0);
#4324=VECTOR('',#4327,1.0);
#4325=DIRECTION('',(0,1,0));
#4326=DIRECTION('',(1,0,0));
#4327=DIRECTION('',(-0.9515706082254427,-0.30743028081414014,0));
#4328=FACE_SURFACE('',(#4333),#4329,.T.);
#4329=PLANE('',#4330);
#4330=AXIS2_PLACEMENT_3D('',#202,#4331,#4332);
#4331=DIRECTION('',(0,0,-1));
#4332=DIRECTION('',(0.8944271909999159,0.4472135954999579,0));
#4333=FACE_BOUND('',#4334,.T.);
#4334=EDGE_LOOP('',(#4335,#4336,#4337));
#4335=ORIENTED_EDGE('',*,*,#4338,.T.);
#4336=ORIENTED_EDGE('',*,*,#4339,.T.);
#4337=ORIENTED_EDGE('',*,*,#4340,.T.);
#4338=EDGE_CURVE('',#203,#205,#4341,.F.);
#4339=EDGE_CURVE('',#205,#207,#4342,.T.);
#4340=EDGE_CURVE('',#207,#203,#4343,.T.);
#4341=LINE('',#202,#4344);
#4342=LINE('',#204,#4345);
#4343=LINE('',#206,#4346);
#4344=VECTOR('',#4347,1.0);
#4345=VECTOR('',#4348,1.0);
#4346=VECTOR('',#4349,1.0);
#4347=DIRECTION('',(0.8944271909999159,0.4472135954999579,0));
#4348=DIRECTION('',(1,0,0));
#4349=DIRECTION('',(-0.9977851578566089,-0.06651901052377393,0));
#4350=FACE_SURFACE('',(#4355),#4351,.T.);
#4351=PLANE('',#4352);
#4352=AXIS2_PLACEMENT_3D('',#206,#4353,#4354);
#4353=DIRECTION('',(0,0,-1));
#4354=DIRECTION('',(0,1,0));
#4355=FACE_BOUND('',#4356,.T.);
#4356=EDGE_LOOP('',(#4357,#4358,#4359));
#4357=ORIENTED_EDGE('',*,*,#4360,.T.);
#4358=ORIENTED_EDGE('',*,*,#4361,.T.);
#4359=ORIENTED_EDGE('',*,*,#4362,.T.);
#4360=EDGE_CURVE('',#207,#209,#4363,.F.);
#4361=EDGE_CURVE('',#209,#211,#4364,.T.);
#4362=EDGE_CURVE('',#211,#207,#4365,.T.);
#4363=LINE('',#206,#4366);
#4364=LINE('',#208,#4367);
#4365=LINE('',#210,#4368);
#4366=VECTOR('',#4369,1.0);
#4367=VECTOR('',#4370,1.0);
#4368=VECTOR('',#4371,1.0);
#4369=DIRECTION('',(0,1,0));
#4370=DIRECTION('',(1,0,0));
#4371=DIRECTION('',(-0.24253562503633297,-0.9701425001453319,0));
#4372=FACE_SURFACE('',(#4377),#4373,.T.);
#4373=PLANE('',#4374);
#4374=AXIS2_PLACEMENT_3D('',#202,#4375,#4376);
#4375=DIRECTION('',(0,0,-1));
#4376=DIRECTION('',(0.9977851578566089,0.06651901052377393,0));
#4377=FACE_BOUND('',#4378,.T.);
#4378=EDGE_LOOP('',(#4379,#4380,#4381));
#4379=ORIENTED_EDGE('',*,*,#4382,.T.);
#4380=ORIENTED_EDGE('',*,*,#4383,.T.);
#4381=ORIENTED_EDGE('',*,*,#4384,.T.);
#4382=EDGE_CURVE('',#203,#207,#4385,.F.);
#4383=EDGE_CURVE('',#207,#213,#4386,.T.);
#4384=EDGE_CURVE('',#213,#203,#4387,.T.);
#4385=LINE('',#202,#4388);
#4386=LINE('',#206,#4389);
#4387=LINE('',#212,#4390);
#4388=VECTOR('',#4391,1.0);
#4389=VECTOR('',#4392,1.0);
#4390=VECTOR('',#4393,1.0);
#4391=DIRECTION('',(0.9977851578566089,0.06651901052377393,0));
#4392=DIRECTION('',(0.8944271909999159,-0.4472135954999579,0));
#4393=DIRECTION('',(-1,0,0));
#4394=FACE_SURFACE('',(#4399),#4395,.T.);
#4395=PLANE('',#4396);
#4396=AXIS2_PLACEMENT_3D('',#212,#4397,#4398);
#4397=DIRECTION('',(0,0,-1));
#4398=DIRECTION('',(-0.4472135954999579,0.8944271909999159,0));
#4399=FACE_BOUND('',#4400,.T.);
#4400=EDGE_LOOP('',(#4401,#4402,#4403));
#4401=ORIENTED_EDGE('',*,*,#4404,.T.);
#4402=ORIENTED_EDGE('',*,*,#4405,.T.);
#4403=ORIENTED_EDGE('',*,*,#4406,.T.);
#4404=EDGE_CURVE('',#213,#211,#4407,.F.);
#4405=EDGE_CURVE('',#211,#193,#4408,.T.);
#4406=EDGE_CURVE('',#193,#213,#4409,.T.);
#4407=LINE('',#212,#4410);
#4408=LINE('',#210,#4411);
#4409=LINE('',#192,#4412);
#4410=VECTOR('',#4413,1.0);
#4411=VECTOR('',#4414,1.0);
#4412=VECTOR('',#4415,1.0);
#4413=DIRECTION('',(-0.4472135954999579,0.8944271909999159,0));
#4414=DIRECTION('',(0,1,0));
#4415=DIRECTION('',(0.33633634281324293,-0.9417419309465905,0));
#4416=FACE_SURFACE('',(#4421),#4417,.T.);
#4417=PLANE('',#4418);
#4418=AXIS2_PLACEMENT_3D('',#206,#4419,#4420);
#4419=DIRECTION('',(0,0,-1));
#4420=DIRECTION('',(0.24253562503633297,0.9701425001453319,0));
#4421=FACE_BOUND('',#4422,.T.);
#4422=EDGE_LOOP('',(#4423,#4424,#4425));
#4423=ORIENTED_EDGE('',*,*,#4426,.T.);
#4424=ORIENTED_EDGE('',*,*,#4427,.T.);
#4425=ORIENTED_EDGE('',*,*,#4428,.T.);
#4426=EDGE_CURVE('',#207,#211,#4429,.F.);
#4427=EDGE_CURVE('',#211,#213,#4430,.T.);
#4428=EDGE_CURVE('',#213,#207,#4431,.T.);
#4429=LINE('',#206,#4432);
#4430=LINE('',#210,#4433);
#4431=LINE('',#212,#4434);
#4432=VECTOR('',#4435,1.0);
#4433=VECTOR('',#4436,1.0);
#4434=VECTOR('',#4437,1.0);
#4435=DIRECTION('',(0.24253562503633297,0.9701425001453319,0));
#4436=DIRECTION('',(0.4472135954999579,-0.8944271909999159,0));
#4437=DIRECTION('',(-0.8944271909999159,0.4472135954999579,0));
#4438=FACE_SURFACE('',(#4443),#4439,.T.);
#4439=PLANE('',#4440);
#4440=AXIS2_PLACEMENT_3D('',#166,#4441,#4442);
#4441=DIRECTION('',(0,-0,-1));
#4442=DIRECTION('',(0,-1,0));
#4443=FACE_BOUND('',#4444,.T.);
#4444=EDGE_LOOP('',(#4445,#4446,#4447));
#4445=ORIENTED_EDGE('',*,*,#4448,.T.);
#4446=ORIENTED_EDGE('',*,*,#4449,.T.);
#4447=ORIENTED_EDGE('',*,*,#4450,.T.);
#4448=EDGE_CURVE('',#167,#193,#4451,.F.);
#4449=EDGE_CURVE('',#193,#191,#4452,.T.);
#4450=EDGE_CURVE('',#191,#167,#4453,.T.);
#4451=LINE('',#166,#4454);
#4452=LINE('',#192,#4455);
#4453=LINE('',#190,#4456);
#4454=VECTOR('',#4457,1.0);
#4455=VECTOR('',#4458,1.0);
#4456=VECTOR('',#4459,1.0);
#4457=DIRECTION('',(0,-1,0));
#4458=DIRECTION('',(-0.24253562503633297,0.9701425001453319,0));
#4459=DIRECTION('',(0.08038422923129057,0.996763951841604,0));
#4460=FACE_SURFACE('',(#4465),#4461,.T.);
#4461=PLANE('',#4462);
#4462=AXIS2_PLACEMENT_3D('',#168,#4463,#4464);
#4463=DIRECTION('',(0,0,-1));
#4464=DIRECTION('',(-1,0,0));
#4465=FACE_BOUND('',#4466,.T.);
#4466=EDGE_LOOP('',(#4467,#4468,#4469));
#4467=ORIENTED_EDGE('',*,*,#4470,.T.);
#4468=ORIENTED_EDGE('',*,*,#4471,.T.);
#4469=ORIENTED_EDGE('',*,*,#4472,.T.);
#4470=EDGE_CURVE('',#169,#183,#4473,.F.);
#4471=EDGE_CURVE('',#183,#215,#4474,.T.);
#4472=EDGE_CURVE('',#215,#169,#4475,.T.);
#4473=LINE('',#168,#4476);
#4474=LINE('',#182,#4477);
#4475=LINE('',#214,#4478);
#4476=VECTOR('',#4479,1.0);
#4477=VECTOR('',#4480,1.0);
#4478=VECTOR('',#4481,1.0);
#4479=DIRECTION('',(-1,0,0));
#4480=DIRECTION('',(0,1,0));
#4481=DIRECTION('',(0.24253562503633297,-0.9701425001453319,0));
#4482=FACE_SURFACE('',(#4487),#4483,.T.);
#4483=PLANE('',#4484);
#4484=AXIS2_PLACEMENT_3D('',#200,#4485,#4486);
#4485=DIRECTION('',(0,0,-1));
#4486=DIRECTION('',(0.24253562503633297,0.9701425001453319,0));
#4487=FACE_BOUND('',#4488,.T.);
#4488=EDGE_LOOP('',(#4489,#4490,#4491));
#4489=ORIENTED_EDGE('',*,*,#4492,.T.);
#4490=ORIENTED_EDGE('',*,*,#4493,.T.);
#4491=ORIENTED_EDGE('',*,*,#4494,.T.);
#4492=EDGE_CURVE('',#201,#167,#4495,.F.);
#4493=EDGE_CURVE('',#167,#191,#4496,.T.);
#4494=EDGE_CURVE('',#191,#201,#4497,.T.);
#4495=LINE('',#200,#4498);
#4496=LINE('',#166,#4499);
#4497=LINE('',#190,#4500);
#4498=VECTOR('',#4501,1.0);
#4499=VECTOR('',#4502,1.0);
#4500=VECTOR('',#4503,1.0);
#4501=DIRECTION('',(0.24253562503633297,0.9701425001453319,0));
#4502=DIRECTION('',(-0.08038422923129057,-0.996763951841604,0));
#4503=DIRECTION('',(0,1,0));
#4504=FACE_SURFACE('',(#4509),#4505,.T.);
#4505=PLANE('',#4506);
#4506=AXIS2_PLACEMENT_3D('',#184,#4507,#4508);
#4507=DIRECTION('',(0,0,-1));
#4508=DIRECTION('',(-1,0,0));
#4509=FACE_BOUND('',#4510,.T.);
#4510=EDGE_LOOP('',(#4511,#4512,#4513));
#4511=ORIENTED_EDGE('',*,*,#4514,.T.);
#4512=ORIENTED_EDGE('',*,*,#4515,.T.);
#4513=ORIENTED_EDGE('',*,*,#4516,.T.);
#4514=EDGE_CURVE('',#185,#181,#4517,.F.);
#4515=EDGE_CURVE('',#181,#217,#4518,.T.);
#4516=EDGE_CURVE('',#217,#185,#4519,.T.);
#4517=LINE('',#184,#4520);
#4518=LINE('',#180,#4521);
#4519=LINE('',#216,#4522);
#4520=VECTOR('',#4523,1.0);
#4521=VECTOR('',#4524,1.0);
#4522=VECTOR('',#4525,1.0);
#4523=DIRECTION('',(-1,0,0));
#4524=DIRECTION('',(0.24253562503633297,0.9701425001453319,0));
#4525=DIRECTION('',(0,-1,0));
#4526=FACE_SURFACE('',(#4531),#4527,.T.);
#4527=PLANE('',#4528);
#4528=AXIS2_PLACEMENT_3D('',#196,#4529,#4530);
#4529=DIRECTION('',(0,-0,-1));
#4530=DIRECTION('',(0,-1,0));
#4531=FACE_BOUND('',#4532,.T.);
#4532=EDGE_LOOP('',(#4533,#4534,#4535));
#4533=ORIENTED_EDGE('',*,*,#4536,.T.);
#4534=ORIENTED_EDGE('',*,*,#4537,.T.);
#4535=ORIENTED_EDGE('',*,*,#4538,.T.);
#4536=EDGE_CURVE('',#197,#219,#4539,.F.);
#4537=EDGE_CURVE('',#219,#221,#4540,.T.);
#4538=EDGE_CURVE('',#221,#197,#4541,.T.);
#4539=LINE('',#196,#4542);
#4540=LINE('',#218,#4543);
#4541=LINE('',#220,#4544);
#4542=VECTOR('',#4545,1.0);
#4543=VECTOR('',#4546,1.0);
#4544=VECTOR('',#4547,1.0);
#4545=DIRECTION('',(0,-1,0));
#4546=DIRECTION('',(-1,0,0));
#4547=DIRECTION('',(0.24253562503633297,0.9701425001453319,0));
#4548=FACE_SURFACE('',(#4553),#4549,.T.);
#4549=PLANE('',#4550);
#4550=AXIS2_PLACEMENT_3D('',#204,#4551,#4552);
#4551=DIRECTION('',(-0,0,-1));
#4552=DIRECTION('',(-0.8944271909999159,-0.4472135954999579,0));
#4553=FACE_BOUND('',#4554,.T.);
#4554=EDGE_LOOP('',(#4555,#4556,#4557));
#4555=ORIENTED_EDGE('',*,*,#4558,.T.);
#4556=ORIENTED_EDGE('',*,*,#4559,.T.);
#4557=ORIENTED_EDGE('',*,*,#4560,.T.);
#4558=EDGE_CURVE('',#205,#203,#4561,.F.);
#4559=EDGE_CURVE('',#203,#223,#4562,.T.);
#4560=EDGE_CURVE('',#223,#205,#4563,.T.);
#4561=LINE('',#204,#4564);
#4562=LINE('',#202,#4565);
#4563=LINE('',#222,#4566);
#4564=VECTOR('',#4567,1.0);
#4565=VECTOR('',#4568,1.0);
#4566=VECTOR('',#4569,1.0);
#4567=DIRECTION('',(-0.8944271909999159,-0.4472135954999579,0));
#4568=DIRECTION('',(0.4472135954999579,0.8944271909999159,0));
#4569=DIRECTION('',(0.24253562503633297,-0.9701425001453319,0));
#4570=FACE_SURFACE('',(#4575),#4571,.T.);
#4571=PLANE('',#4572);
#4572=AXIS2_PLACEMENT_3D('',#202,#4573,#4574);
#4573=DIRECTION('',(0,0,-1));
#4574=DIRECTION('',(0.33633634281324293,0.9417419309465905,0));
#4575=FACE_BOUND('',#4576,.T.);
#4576=EDGE_LOOP('',(#4577,#4578,#4579));
#4577=ORIENTED_EDGE('',*,*,#4580,.T.);
#4578=ORIENTED_EDGE('',*,*,#4581,.T.);
#4579=ORIENTED_EDGE('',*,*,#4582,.T.);
#4580=EDGE_CURVE('',#203,#221,#4583,.F.);
#4581=EDGE_CURVE('',#221,#223,#4584,.T.);
#4582=EDGE_CURVE('',#223,#203,#4585,.T.);
#4583=LINE('',#202,#4586);
#4584=LINE('',#220,#4587);
#4585=LINE('',#222,#4588);
#4586=VECTOR('',#4589,1.0);
#4587=VECTOR('',#4590,1.0);
#4588=VECTOR('',#4591,1.0);
#4589=DIRECTION('',(0.33633634281324293,0.9417419309465905,0));
#4590=DIRECTION('',(0,-1,0));
#4591=DIRECTION('',(-0.4472135954999579,-0.8944271909999159,0));
#4592=FACE_SURFACE('',(#4597),#4593,.T.);
#4593=PLANE('',#4594);
#4594=AXIS2_PLACEMENT_3D('',#204,#4595,#4596);
#4595=DIRECTION('',(0,0,-1));
#4596=DIRECTION('',(-0.24253562503633297,0.9701425001453319,0));
#4597=FACE_BOUND('',#4598,.T.);
#4598=EDGE_LOOP('',(#4599,#4600,#4601));
#4599=ORIENTED_EDGE('',*,*,#4602,.T.);
#4600=ORIENTED_EDGE('',*,*,#4603,.T.);
#4601=ORIENTED_EDGE('',*,*,#4604,.T.);
#4602=EDGE_CURVE('',#205,#223,#4605,.F.);
#4603=EDGE_CURVE('',#223,#225,#4606,.T.);
#4604=EDGE_CURVE('',#225,#205,#4607,.T.);
#4605=LINE('',#204,#4608);
#4606=LINE('',#222,#4609);
#4607=LINE('',#224,#4610);
#4608=VECTOR('',#4611,1.0);
#4609=VECTOR('',#4612,1.0);
#4610=VECTOR('',#4613,1.0);
#4611=DIRECTION('',(-0.24253562503633297,0.9701425001453319,0));
#4612=DIRECTION('',(1,0,0));
#4613=DIRECTION('',(0,-1,0));
#4614=FACE_SURFACE('',(#4619),#4615,.T.);
#4615=PLANE('',#4616);
#4616=AXIS2_PLACEMENT_3D('',#226,#4617,#4618);
#4617=DIRECTION('',(0,0,-1));
#4618=DIRECTION('',(1,0,0));
#4619=FACE_BOUND('',#4620,.T.);
#4620=EDGE_LOOP('',(#4621,#4622,#4623));
#4621=ORIENTED_EDGE('',*,*,#4624,.T.);
#4622=ORIENTED_EDGE('',*,*,#4625,.T.);
#4623=ORIENTED_EDGE('',*,*,#4626,.T.);
#4624=EDGE_CURVE('',#227,#229,#4627,.F.);
#4625=EDGE_CURVE('',#229,#217,#4628,.T.);
#4626=EDGE_CURVE('',#217,#227,#4629,.T.);
#4627=LINE('',#226,#4630);
#4628=LINE('',#228,#4631);
#4629=LINE('',#216,#4632);
#4630=VECTOR('',#4633,1.0);
#4631=VECTOR('',#4634,1.0);
#4632=VECTOR('',#4635,1.0);
#4633=DIRECTION('',(1,0,0));
#4634=DIRECTION('',(-0.9515705265398344,-0.3074305336506155,0));
#4635=DIRECTION('',(0,1,0));
#4636=FACE_SURFACE('',(#4641),#4637,.T.);
#4637=PLANE('',#4638);
#4638=AXIS2_PLACEMENT_3D('',#220,#4639,#4640);
#4639=DIRECTION('',(0,0,-1));
#4640=DIRECTION('',(0,1,0));
#4641=FACE_BOUND('',#4642,.T.);
#4642=EDGE_LOOP('',(#4643,#4644,#4645));
#4643=ORIENTED_EDGE('',*,*,#4646,.T.);
#4644=ORIENTED_EDGE('',*,*,#4647,.T.);
#4645=ORIENTED_EDGE('',*,*,#4648,.T.);
#4646=EDGE_CURVE('',#221,#173,#4649,.F.);
#4647=EDGE_CURVE('',#173,#197,#4650,.T.);
#4648=EDGE_CURVE('',#197,#221,#4651,.T.);
#4649=LINE('',#220,#4652);
#4650=LINE('',#172,#4653);
#4651=LINE('',#196,#4654);
#4652=VECTOR('',#4655,1.0);
#4653=VECTOR('',#4656,1.0);
#4654=VECTOR('',#4657,1.0);
#4655=DIRECTION('',(0,1,0));
#4656=DIRECTION('',(0.08038422923129057,-0.996763951841604,0));
#4657=DIRECTION('',(-0.24253562503633297,-0.9701425001453319,0));
#4658=FACE_SURFACE('',(#4663),#4659,.T.);
#4659=PLANE('',#4660);
#4660=AXIS2_PLACEMENT_3D('',#166,#4661,#4662);
#4661=DIRECTION('',(-0,0,-1));
#4662=DIRECTION('',(-0.24253562503633297,-0.9701425001453319,0));
#4663=FACE_BOUND('',#4664,.T.);
#4664=EDGE_LOOP('',(#4665,#4666,#4667));
#4665=ORIENTED_EDGE('',*,*,#4668,.T.);
#4666=ORIENTED_EDGE('',*,*,#4669,.T.);
#4667=ORIENTED_EDGE('',*,*,#4670,.T.);
#4668=EDGE_CURVE('',#167,#201,#4671,.F.);
#4669=EDGE_CURVE('',#201,#175,#4672,.T.);
#4670=EDGE_CURVE('',#175,#167,#4673,.T.);
#4671=LINE('',#166,#4674);
#4672=LINE('',#200,#4675);
#4673=LINE('',#174,#4676);
#4674=VECTOR('',#4677,1.0);
#4675=VECTOR('',#4678,1.0);
#4676=VECTOR('',#4679,1.0);
#4677=DIRECTION('',(-0.24253562503633297,-0.9701425001453319,0));
#4678=DIRECTION('',(0,1,0));
#4679=DIRECTION('',(1,0,0));
#4680=FACE_SURFACE('',(#4685),#4681,.T.);
#4681=PLANE('',#4682);
#4682=AXIS2_PLACEMENT_3D('',#196,#4683,#4684);
#4683=DIRECTION('',(0,0,-1));
#4684=DIRECTION('',(0.9515706082254427,0.30743028081414014,0));
#4685=FACE_BOUND('',#4686,.T.);
#4686=EDGE_LOOP('',(#4687,#4688,#4689));
#4687=ORIENTED_EDGE('',*,*,#4690,.T.);
#4688=ORIENTED_EDGE('',*,*,#4691,.T.);
#4689=ORIENTED_EDGE('',*,*,#4692,.T.);
#4690=EDGE_CURVE('',#197,#201,#4693,.F.);
#4691=EDGE_CURVE('',#201,#191,#4694,.T.);
#4692=EDGE_CURVE('',#191,#197,#4695,.T.);
#4693=LINE('',#196,#4696);
#4694=LINE('',#200,#4697);
#4695=LINE('',#190,#4698);
#4696=VECTOR('',#4699,1.0);
#4697=VECTOR('',#4700,1.0);
#4698=VECTOR('',#4701,1.0);
#4699=DIRECTION('',(0.9515706082254427,0.30743028081414014,0));
#4700=DIRECTION('',(0,-1,0));
#4701=DIRECTION('',(-1,0,0));
#4702=FACE_SURFACE('',(#4707),#4703,.T.);
#4703=PLANE('',#4704);
#4704=AXIS2_PLACEMENT_3D('',#230,#4705,#4706);
#4705=DIRECTION('',(0,-0,-1));
#4706=DIRECTION('',(0,-1,0));
#4707=FACE_BOUND('',#4708,.T.);
#4708=EDGE_LOOP('',(#4709,#4710,#4711));
#4709=ORIENTED_EDGE('',*,*,#4712,.T.);
#4710=ORIENTED_EDGE('',*,*,#4713,.T.);
#4711=ORIENTED_EDGE('',*,*,#4714,.T.);
#4712=EDGE_CURVE('',#231,#213,#4715,.F.);
#4713=EDGE_CURVE('',#213,#167,#4716,.T.);
#4714=EDGE_CURVE('',#167,#231,#4717,.T.);
#4715=LINE('',#230,#4718);
#4716=LINE('',#212,#4719);
#4717=LINE('',#166,#4720);
#4718=VECTOR('',#4721,1.0);
#4719=VECTOR('',#4722,1.0);
#4720=VECTOR('',#4723,1.0);
#4721=DIRECTION('',(0,-1,0));
#4722=DIRECTION('',(-0.12009228815159388,0.9927627321402201,0));
#4723=DIRECTION('',(0.1096293060904486,0.993972542501113,0));
#4724=FACE_SURFACE('',(#4729),#4725,.T.);
#4725=PLANE('',#4726);
#4726=AXIS2_PLACEMENT_3D('',#166,#4727,#4728);
#4727=DIRECTION('',(0,0,-1));
#4728=DIRECTION('',(0.12009228815159388,-0.9927627321402201,0));
#4729=FACE_BOUND('',#4730,.T.);
#4730=EDGE_LOOP('',(#4731,#4732,#4733));
#4731=ORIENTED_EDGE('',*,*,#4734,.T.);
#4732=ORIENTED_EDGE('',*,*,#4735,.T.);
#4733=ORIENTED_EDGE('',*,*,#4736,.T.);
#4734=EDGE_CURVE('',#167,#213,#4737,.F.);
#4735=EDGE_CURVE('',#213,#193,#4738,.T.);
#4736=EDGE_CURVE('',#193,#167,#4739,.T.);
#4737=LINE('',#166,#4740);
#4738=LINE('',#212,#4741);
#4739=LINE('',#192,#4742);
#4740=VECTOR('',#4743,1.0);
#4741=VECTOR('',#4744,1.0);
#4742=VECTOR('',#4745,1.0);
#4743=DIRECTION('',(0.12009228815159388,-0.9927627321402201,0));
#4744=DIRECTION('',(-0.33633634281324293,0.9417419309465905,0));
#4745=DIRECTION('',(0,1,0));
#4746=FACE_SURFACE('',(#4751),#4747,.T.);
#4747=PLANE('',#4748);
#4748=AXIS2_PLACEMENT_3D('',#230,#4749,#4750);
#4749=DIRECTION('',(0,0,-1));
#4750=DIRECTION('',(-0.1096293060904486,-0.993972542501113,0));
#4751=FACE_BOUND('',#4752,.T.);
#4752=EDGE_LOOP('',(#4753,#4754,#4755));
#4753=ORIENTED_EDGE('',*,*,#4756,.T.);
#4754=ORIENTED_EDGE('',*,*,#4757,.T.);
#4755=ORIENTED_EDGE('',*,*,#4758,.T.);
#4756=EDGE_CURVE('',#231,#167,#4759,.F.);
#4757=EDGE_CURVE('',#167,#169,#4760,.T.);
#4758=EDGE_CURVE('',#169,#231,#4761,.T.);
#4759=LINE('',#230,#4762);
#4760=LINE('',#166,#4763);
#4761=LINE('',#168,#4764);
#4762=VECTOR('',#4765,1.0);
#4763=VECTOR('',#4766,1.0);
#4764=VECTOR('',#4767,1.0);
#4765=DIRECTION('',(-0.1096293060904486,-0.993972542501113,0));
#4766=DIRECTION('',(0,1,0));
#4767=DIRECTION('',(0.12009225173960571,0.9927627365448963,0));
#4768=FACE_SURFACE('',(#4773),#4769,.T.);
#4769=PLANE('',#4770);
#4770=AXIS2_PLACEMENT_3D('',#232,#4771,#4772);
#4771=DIRECTION('',(0,0,-1));
#4772=DIRECTION('',(0.24253562503633297,-0.9701425001453319,0));
#4773=FACE_BOUND('',#4774,.T.);
#4774=EDGE_LOOP('',(#4775,#4776,#4777));
#4775=ORIENTED_EDGE('',*,*,#4778,.T.);
#4776=ORIENTED_EDGE('',*,*,#4779,.T.);
#4777=ORIENTED_EDGE('',*,*,#4780,.T.);
#4778=EDGE_CURVE('',#233,#235,#4781,.F.);
#4779=EDGE_CURVE('',#235,#237,#4782,.T.);
#4780=EDGE_CURVE('',#237,#233,#4783,.T.);
#4781=LINE('',#232,#4784);
#4782=LINE('',#234,#4785);
#4783=LINE('',#236,#4786);
#4784=VECTOR('',#4787,1.0);
#4785=VECTOR('',#4788,1.0);
#4786=VECTOR('',#4789,1.0);
#4787=DIRECTION('',(0.24253562503633297,-0.9701425001453319,0));
#4788=DIRECTION('',(-1,0,0));
#4789=DIRECTION('',(0,1,0));
#4790=FACE_SURFACE('',(#4795),#4791,.T.);
#4791=PLANE('',#4792);
#4792=AXIS2_PLACEMENT_3D('',#238,#4793,#4794);
#4793=DIRECTION('',(0,-0,-1));
#4794=DIRECTION('',(0,-1,0));
#4795=FACE_BOUND('',#4796,.T.);
#4796=EDGE_LOOP('',(#4797,#4798,#4799));
#4797=ORIENTED_EDGE('',*,*,#4800,.T.);
#4798=ORIENTED_EDGE('',*,*,#4801,.T.);
#4799=ORIENTED_EDGE('',*,*,#4802,.T.);
#4800=EDGE_CURVE('',#239,#169,#4803,.F.);
#4801=EDGE_CURVE('',#169,#229,#4804,.T.);
#4802=EDGE_CURVE('',#229,#239,#4805,.T.);
#4803=LINE('',#238,#4806);
#4804=LINE('',#168,#4807);
#4805=LINE('',#228,#4808);
#4806=VECTOR('',#4809,1.0);
#4807=VECTOR('',#4810,1.0);
#4808=VECTOR('',#4811,1.0);
#4809=DIRECTION('',(0,-1,0));
#4810=DIRECTION('',(-0.08038418009257095,0.9967639558044046,0));
#4811=DIRECTION('',(0.24253562503633297,0.9701425001453319,0));
#4812=FACE_SURFACE('',(#4817),#4813,.T.);
#4813=PLANE('',#4814);
#4814=AXIS2_PLACEMENT_3D('',#240,#4815,#4816);
#4815=DIRECTION('',(-0,-0,-1));
#4816=DIRECTION('',(0,-1,0));
#4817=FACE_BOUND('',#4818,.T.);
#4818=EDGE_LOOP('',(#4819,#4820,#4821));
#4819=ORIENTED_EDGE('',*,*,#4822,.T.);
#4820=ORIENTED_EDGE('',*,*,#4823,.T.);
#4821=ORIENTED_EDGE('',*,*,#4824,.T.);
#4822=EDGE_CURVE('',#241,#181,#4825,.F.);
#4823=EDGE_CURVE('',#181,#243,#4826,.T.);
#4824=EDGE_CURVE('',#243,#241,#4827,.T.);
#4825=LINE('',#240,#4828);
#4826=LINE('',#180,#4829);
#4827=LINE('',#242,#4830);
#4828=VECTOR('',#4831,1.0);
#4829=VECTOR('',#4832,1.0);
#4830=VECTOR('',#4833,1.0);
#4831=DIRECTION('',(0,-1,0));
#4832=DIRECTION('',(-0.12009225173960571,0.9927627365448963,0));
#4833=DIRECTION('',(0.33633634281324293,-0.9417419309465905,0));
#4834=FACE_SURFACE('',(#4839),#4835,.T.);
#4835=PLANE('',#4836);
#4836=AXIS2_PLACEMENT_3D('',#198,#4837,#4838);
#4837=DIRECTION('',(-0,-0,-1));
#4838=DIRECTION('',(0,-1,0));
#4839=FACE_BOUND('',#4840,.T.);
#4840=EDGE_LOOP('',(#4841,#4842,#4843));
#4841=ORIENTED_EDGE('',*,*,#4844,.T.);
#4842=ORIENTED_EDGE('',*,*,#4845,.T.);
#4843=ORIENTED_EDGE('',*,*,#4846,.T.);
#4844=EDGE_CURVE('',#199,#197,#4847,.F.);
#4845=EDGE_CURVE('',#197,#173,#4848,.T.);
#4846=EDGE_CURVE('',#173,#199,#4849,.T.);
#4847=LINE('',#198,#4850);
#4848=LINE('',#196,#4851);
#4849=LINE('',#172,#4852);
#4850=VECTOR('',#4853,1.0);
#4851=VECTOR('',#4854,1.0);
#4852=VECTOR('',#4855,1.0);
#4853=DIRECTION('',(0,-1,0));
#4854=DIRECTION('',(-0.08038422923129057,0.996763951841604,0));
#4855=DIRECTION('',(0.24253562503633297,-0.9701425001453319,0));
#4856=FACE_SURFACE('',(#4861),#4857,.T.);
#4857=PLANE('',#4858);
#4858=AXIS2_PLACEMENT_3D('',#202,#4859,#4860);
#4859=DIRECTION('',(0,0,-1));
#4860=DIRECTION('',(0,1,0));
#4861=FACE_BOUND('',#4862,.T.);
#4862=EDGE_LOOP('',(#4863,#4864,#4865));
#4863=ORIENTED_EDGE('',*,*,#4866,.T.);
#4864=ORIENTED_EDGE('',*,*,#4867,.T.);
#4865=ORIENTED_EDGE('',*,*,#4868,.T.);
#4866=EDGE_CURVE('',#203,#243,#4869,.F.);
#4867=EDGE_CURVE('',#243,#181,#4870,.T.);
#4868=EDGE_CURVE('',#181,#203,#4871,.T.);
#4869=LINE('',#202,#4872);
#4870=LINE('',#242,#4873);
#4871=LINE('',#180,#4874);
#4872=VECTOR('',#4875,1.0);
#4873=VECTOR('',#4876,1.0);
#4874=VECTOR('',#4877,1.0);
#4875=DIRECTION('',(0,1,0));
#4876=DIRECTION('',(0.12009225173960571,-0.9927627365448963,0));
#4877=DIRECTION('',(-0.10962933647107029,-0.9939725391503093,0));
#4878=FACE_SURFACE('',(#4883),#4879,.T.);
#4879=PLANE('',#4880);
#4880=AXIS2_PLACEMENT_3D('',#220,#4881,#4882);
#4881=DIRECTION('',(-0,0,-1));
#4882=DIRECTION('',(-0.33633634281324293,-0.9417419309465905,0));
#4883=FACE_BOUND('',#4884,.T.);
#4884=EDGE_LOOP('',(#4885,#4886,#4887));
#4885=ORIENTED_EDGE('',*,*,#4888,.T.);
#4886=ORIENTED_EDGE('',*,*,#4889,.T.);
#4887=ORIENTED_EDGE('',*,*,#4890,.T.);
#4888=EDGE_CURVE('',#221,#203,#4891,.F.);
#4889=EDGE_CURVE('',#203,#173,#4892,.T.);
#4890=EDGE_CURVE('',#173,#221,#4893,.T.);
#4891=LINE('',#220,#4894);
#4892=LINE('',#202,#4895);
#4893=LINE('',#172,#4896);
#4894=VECTOR('',#4897,1.0);
#4895=VECTOR('',#4898,1.0);
#4896=VECTOR('',#4899,1.0);
#4897=DIRECTION('',(-0.33633634281324293,-0.9417419309465905,0));
#4898=DIRECTION('',(0.12009228815159388,0.9927627321402201,0));
#4899=DIRECTION('',(0,-1,0));
#4900=FACE_SURFACE('',(#4905),#4901,.T.);
#4901=PLANE('',#4902);
#4902=AXIS2_PLACEMENT_3D('',#202,#4903,#4904);
#4903=DIRECTION('',(0,0,-1));
#4904=DIRECTION('',(0.10962933647107029,0.9939725391503093,0));
#4905=FACE_BOUND('',#4906,.T.);
#4906=EDGE_LOOP('',(#4907,#4908,#4909));
#4907=ORIENTED_EDGE('',*,*,#4910,.T.);
#4908=ORIENTED_EDGE('',*,*,#4911,.T.);
#4909=ORIENTED_EDGE('',*,*,#4912,.T.);
#4910=EDGE_CURVE('',#203,#181,#4913,.F.);
#4911=EDGE_CURVE('',#181,#173,#4914,.T.);
#4912=EDGE_CURVE('',#173,#203,#4915,.T.);
#4913=LINE('',#202,#4916);
#4914=LINE('',#180,#4917);
#4915=LINE('',#172,#4918);
#4916=VECTOR('',#4919,1.0);
#4917=VECTOR('',#4920,1.0);
#4918=VECTOR('',#4921,1.0);
#4919=DIRECTION('',(0.10962933647107029,0.9939725391503093,0));
#4920=DIRECTION('',(0,-1,0));
#4921=DIRECTION('',(-0.12009228815159388,-0.9927627321402201,0));
#4922=FACE_SURFACE('',(#4927),#4923,.T.);
#4923=PLANE('',#4924);
#4924=AXIS2_PLACEMENT_3D('',#198,#4925,#4926);
#4925=DIRECTION('',(0,0,-1));
#4926=DIRECTION('',(-0.24253562503633297,0.9701425001453319,0));
#4927=FACE_BOUND('',#4928,.T.);
#4928=EDGE_LOOP('',(#4929,#4930,#4931));
#4929=ORIENTED_EDGE('',*,*,#4932,.T.);
#4930=ORIENTED_EDGE('',*,*,#4933,.T.);
#4931=ORIENTED_EDGE('',*,*,#4934,.T.);
#4932=EDGE_CURVE('',#199,#173,#4935,.F.);
#4933=EDGE_CURVE('',#173,#171,#4936,.T.);
#4934=EDGE_CURVE('',#171,#199,#4937,.T.);
#4935=LINE('',#198,#4938);
#4936=LINE('',#172,#4939);
#4937=LINE('',#170,#4940);
#4938=VECTOR('',#4941,1.0);
#4939=VECTOR('',#4942,1.0);
#4940=VECTOR('',#4943,1.0);
#4941=DIRECTION('',(-0.24253562503633297,0.9701425001453319,0));
#4942=DIRECTION('',(1,0,0));
#4943=DIRECTION('',(0,-1,0));
#4944=FACE_SURFACE('',(#4949),#4945,.T.);
#4945=PLANE('',#4946);
#4946=AXIS2_PLACEMENT_3D('',#244,#4947,#4948);
#4947=DIRECTION('',(0,0,-1));
#4948=DIRECTION('',(-0.8944271909999159,0.4472135954999579,0));
#4949=FACE_BOUND('',#4950,.T.);
#4950=EDGE_LOOP('',(#4951,#4952,#4953));
#4951=ORIENTED_EDGE('',*,*,#4954,.T.);
#4952=ORIENTED_EDGE('',*,*,#4955,.T.);
#4953=ORIENTED_EDGE('',*,*,#4956,.T.);
#4954=EDGE_CURVE('',#245,#243,#4957,.F.);
#4955=EDGE_CURVE('',#243,#231,#4958,.T.);
#4956=EDGE_CURVE('',#231,#245,#4959,.T.);
#4957=LINE('',#244,#4960);
#4958=LINE('',#242,#4961);
#4959=LINE('',#230,#4962);
#4960=VECTOR('',#4963,1.0);
#4961=VECTOR('',#4964,1.0);
#4962=VECTOR('',#4965,1.0);
#4963=DIRECTION('',(-0.8944271909999159,0.4472135954999579,0));
#4964=DIRECTION('',(1,0,0));
#4965=DIRECTION('',(-0.9977851578566089,-0.06651901052377393,0));
#4966=FACE_SURFACE('',(#4971),#4967,.T.);
#4967=PLANE('',#4968);
#4968=AXIS2_PLACEMENT_3D('',#180,#4969,#4970);
#4969=DIRECTION('',(0,0,-1));
#4970=DIRECTION('',(0.08038418009257095,0.9967639558044046,0));
#4971=FACE_BOUND('',#4972,.T.);
#4972=EDGE_LOOP('',(#4973,#4974,#4975));
#4973=ORIENTED_EDGE('',*,*,#4976,.T.);
#4974=ORIENTED_EDGE('',*,*,#4977,.T.);
#4975=ORIENTED_EDGE('',*,*,#4978,.T.);
#4976=EDGE_CURVE('',#181,#227,#4979,.F.);
#4977=EDGE_CURVE('',#227,#217,#4980,.T.);
#4978=EDGE_CURVE('',#217,#181,#4981,.T.);
#4979=LINE('',#180,#4982);
#4980=LINE('',#226,#4983);
#4981=LINE('',#216,#4984);
#4982=VECTOR('',#4985,1.0);
#4983=VECTOR('',#4986,1.0);
#4984=VECTOR('',#4987,1.0);
#4985=DIRECTION('',(0.08038418009257095,0.9967639558044046,0));
#4986=DIRECTION('',(0,-1,0));
#4987=DIRECTION('',(-0.24253562503633297,-0.9701425001453319,0));
#4988=FACE_SURFACE('',(#4993),#4989,.T.);
#4989=PLANE('',#4990);
#4990=AXIS2_PLACEMENT_3D('',#214,#4991,#4992);
#4991=DIRECTION('',(0,0,-1));
#4992=DIRECTION('',(0,1,0));
#4993=FACE_BOUND('',#4994,.T.);
#4994=EDGE_LOOP('',(#4995,#4996,#4997));
#4995=ORIENTED_EDGE('',*,*,#4998,.T.);
#4996=ORIENTED_EDGE('',*,*,#4999,.T.);
#4997=ORIENTED_EDGE('',*,*,#5000,.T.);
#4998=EDGE_CURVE('',#215,#229,#5001,.F.);
#4999=EDGE_CURVE('',#229,#169,#5002,.T.);
#5000=EDGE_CURVE('',#169,#215,#5003,.T.);
#5001=LINE('',#214,#5004);
#5002=LINE('',#228,#5005);
#5003=LINE('',#168,#5006);
#5004=VECTOR('',#5007,1.0);
#5005=VECTOR('',#5008,1.0);
#5006=VECTOR('',#5009,1.0);
#5007=DIRECTION('',(0,1,0));
#5008=DIRECTION('',(0.08038418009257095,-0.9967639558044046,0));
#5009=DIRECTION('',(-0.24253562503633297,0.9701425001453319,0));
#5010=FACE_SURFACE('',(#5015),#5011,.T.);
#5011=PLANE('',#5012);
#5012=AXIS2_PLACEMENT_3D('',#216,#5013,#5014);
#5013=DIRECTION('',(0,0,-1));
#5014=DIRECTION('',(0.9515705265398344,0.3074305336506155,0));
#5015=FACE_BOUND('',#5016,.T.);
#5016=EDGE_LOOP('',(#5017,#5018,#5019));
#5017=ORIENTED_EDGE('',*,*,#5020,.T.);
#5018=ORIENTED_EDGE('',*,*,#5021,.T.);
#5019=ORIENTED_EDGE('',*,*,#5022,.T.);
#5020=EDGE_CURVE('',#217,#229,#5023,.F.);
#5021=EDGE_CURVE('',#229,#215,#5024,.T.);
#5022=EDGE_CURVE('',#215,#217,#5025,.T.);
#5023=LINE('',#216,#5026);
#5024=LINE('',#228,#5027);
#5025=LINE('',#214,#5028);
#5026=VECTOR('',#5029,1.0);
#5027=VECTOR('',#5030,1.0);
#5028=VECTOR('',#5031,1.0);
#5029=DIRECTION('',(0.9515705265398344,0.3074305336506155,0));
#5030=DIRECTION('',(0,-1,0));
#5031=DIRECTION('',(-1,0,0));
#5032=FACE_SURFACE('',(#5037),#5033,.T.);
#5033=PLANE('',#5034);
#5034=AXIS2_PLACEMENT_3D('',#168,#5035,#5036);
#5035=DIRECTION('',(0,0,-1));
#5036=DIRECTION('',(0,1,0));
#5037=FACE_BOUND('',#5038,.T.);
#5038=EDGE_LOOP('',(#5039,#5040,#5041));
#5039=ORIENTED_EDGE('',*,*,#5042,.T.);
#5040=ORIENTED_EDGE('',*,*,#5043,.T.);
#5041=ORIENTED_EDGE('',*,*,#5044,.T.);
#5042=EDGE_CURVE('',#169,#239,#5045,.F.);
#5043=EDGE_CURVE('',#239,#231,#5046,.T.);
#5044=EDGE_CURVE('',#231,#169,#5047,.T.);
#5045=LINE('',#168,#5048);
#5046=LINE('',#238,#5049);
#5047=LINE('',#230,#5050);
#5048=VECTOR('',#5051,1.0);
#5049=VECTOR('',#5052,1.0);
#5050=VECTOR('',#5053,1.0);
#5051=DIRECTION('',(0,1,0));
#5052=DIRECTION('',(0.33633634281324293,0.9417419309465905,0));
#5053=DIRECTION('',(-0.12009225173960571,-0.9927627365448963,0));
#5054=FACE_SURFACE('',(#5059),#5055,.T.);
#5055=PLANE('',#5056);
#5056=AXIS2_PLACEMENT_3D('',#228,#5057,#5058);
#5057=DIRECTION('',(0,0,-1));
#5058=DIRECTION('',(0,1,0));
#5059=FACE_BOUND('',#5060,.T.);
#5060=EDGE_LOOP('',(#5061,#5062,#5063));
#5061=ORIENTED_EDGE('',*,*,#5064,.T.);
#5062=ORIENTED_EDGE('',*,*,#5065,.T.);
#5063=ORIENTED_EDGE('',*,*,#5066,.T.);
#5064=EDGE_CURVE('',#229,#247,#5067,.F.);
#5065=EDGE_CURVE('',#247,#239,#5068,.T.);
#5066=EDGE_CURVE('',#239,#229,#5069,.T.);
#5067=LINE('',#228,#5070);
#5068=LINE('',#246,#5071);
#5069=LINE('',#238,#5072);
#5070=VECTOR('',#5073,1.0);
#5071=VECTOR('',#5074,1.0);
#5072=VECTOR('',#5075,1.0);
#5073=DIRECTION('',(0,1,0));
#5074=DIRECTION('',(1,0,0));
#5075=DIRECTION('',(-0.24253562503633297,-0.9701425001453319,0));
#5076=FACE_SURFACE('',(#5081),#5077,.T.);
#5077=PLANE('',#5078);
#5078=AXIS2_PLACEMENT_3D('',#238,#5079,#5080);
#5079=DIRECTION('',(0,0,-1));
#5080=DIRECTION('',(0,1,0));
#5081=FACE_BOUND('',#5082,.T.);
#5082=EDGE_LOOP('',(#5083,#5084,#5085));
#5083=ORIENTED_EDGE('',*,*,#5086,.T.);
#5084=ORIENTED_EDGE('',*,*,#5087,.T.);
#5085=ORIENTED_EDGE('',*,*,#5088,.T.);
#5086=EDGE_CURVE('',#239,#235,#5089,.F.);
#5087=EDGE_CURVE('',#235,#231,#5090,.T.);
#5088=EDGE_CURVE('',#231,#239,#5091,.T.);
#5089=LINE('',#238,#5092);
#5090=LINE('',#234,#5093);
#5091=LINE('',#230,#5094);
#5092=VECTOR('',#5095,1.0);
#5093=VECTOR('',#5096,1.0);
#5094=VECTOR('',#5097,1.0);
#5095=DIRECTION('',(0,1,0));
#5096=DIRECTION('',(0.4472135954999579,0.8944271909999159,0));
#5097=DIRECTION('',(-0.33633634281324293,-0.9417419309465905,0));
#5098=FACE_SURFACE('',(#5103),#5099,.T.);
#5099=PLANE('',#5100);
#5100=AXIS2_PLACEMENT_3D('',#230,#5101,#5102);
#5101=DIRECTION('',(0,0,-1));
#5102=DIRECTION('',(-0.8944271909999159,-0.4472135954999579,0));
#5103=FACE_BOUND('',#5104,.T.);
#5104=EDGE_LOOP('',(#5105,#5106,#5107));
#5105=ORIENTED_EDGE('',*,*,#5108,.T.);
#5106=ORIENTED_EDGE('',*,*,#5109,.T.);
#5107=ORIENTED_EDGE('',*,*,#5110,.T.);
#5108=EDGE_CURVE('',#231,#233,#5111,.F.);
#5109=EDGE_CURVE('',#233,#245,#5112,.T.);
#5110=EDGE_CURVE('',#245,#231,#5113,.T.);
#5111=LINE('',#230,#5114);
#5112=LINE('',#232,#5115);
#5113=LINE('',#244,#5116);
#5114=VECTOR('',#5117,1.0);
#5115=VECTOR('',#5118,1.0);
#5116=VECTOR('',#5119,1.0);
#5117=DIRECTION('',(-0.8944271909999159,-0.4472135954999579,0));
#5118=DIRECTION('',(-1,0,0));
#5119=DIRECTION('',(0.9977851578566089,0.06651901052377393,0));
#5120=FACE_SURFACE('',(#5125),#5121,.T.);
#5121=PLANE('',#5122);
#5122=AXIS2_PLACEMENT_3D('',#234,#5123,#5124);
#5123=DIRECTION('',(0,0,-1));
#5124=DIRECTION('',(-0.24253562503633297,0.9701425001453319,0));
#5125=FACE_BOUND('',#5126,.T.);
#5126=EDGE_LOOP('',(#5127,#5128,#5129));
#5127=ORIENTED_EDGE('',*,*,#5130,.T.);
#5128=ORIENTED_EDGE('',*,*,#5131,.T.);
#5129=ORIENTED_EDGE('',*,*,#5132,.T.);
#5130=EDGE_CURVE('',#235,#233,#5133,.F.);
#5131=EDGE_CURVE('',#233,#231,#5134,.T.);
#5132=EDGE_CURVE('',#231,#235,#5135,.T.);
#5133=LINE('',#234,#5136);
#5134=LINE('',#232,#5137);
#5135=LINE('',#230,#5138);
#5136=VECTOR('',#5139,1.0);
#5137=VECTOR('',#5140,1.0);
#5138=VECTOR('',#5141,1.0);
#5139=DIRECTION('',(-0.24253562503633297,0.9701425001453319,0));
#5140=DIRECTION('',(0.8944271909999159,0.4472135954999579,0));
#5141=DIRECTION('',(-0.4472135954999579,-0.8944271909999159,0));
#5142=FACE_SURFACE('',(#5147),#5143,.T.);
#5143=PLANE('',#5144);
#5144=AXIS2_PLACEMENT_3D('',#242,#5145,#5146);
#5145=DIRECTION('',(0,0,-1));
#5146=DIRECTION('',(0.8944271909999159,-0.4472135954999579,0));
#5147=FACE_BOUND('',#5148,.T.);
#5148=EDGE_LOOP('',(#5149,#5150,#5151));
#5149=ORIENTED_EDGE('',*,*,#5152,.T.);
#5150=ORIENTED_EDGE('',*,*,#5153,.T.);
#5151=ORIENTED_EDGE('',*,*,#5154,.T.);
#5152=EDGE_CURVE('',#243,#245,#5155,.F.);
#5153=EDGE_CURVE('',#245,#249,#5156,.T.);
#5154=EDGE_CURVE('',#249,#243,#5157,.T.);
#5155=LINE('',#242,#5158);
#5156=LINE('',#244,#5159);
#5157=LINE('',#248,#5160);
#5158=VECTOR('',#5161,1.0);
#5159=VECTOR('',#5162,1.0);
#5160=VECTOR('',#5163,1.0);
#5161=DIRECTION('',(0.8944271909999159,-0.4472135954999579,0));
#5162=DIRECTION('',(-0.24253562503633297,-0.9701425001453319,0));
#5163=DIRECTION('',(-0.4472135954999579,0.8944271909999159,0));
#5164=FACE_SURFACE('',(#5169),#5165,.T.);
#5165=PLANE('',#5166);
#5166=AXIS2_PLACEMENT_3D('',#244,#5167,#5168);
#5167=DIRECTION('',(0,-0,-1));
#5168=DIRECTION('',(0,-1,0));
#5169=FACE_BOUND('',#5170,.T.);
#5170=EDGE_LOOP('',(#5171,#5172,#5173));
#5171=ORIENTED_EDGE('',*,*,#5174,.T.);
#5172=ORIENTED_EDGE('',*,*,#5175,.T.);
#5173=ORIENTED_EDGE('',*,*,#5176,.T.);
#5174=EDGE_CURVE('',#245,#251,#5177,.F.);
#5175=EDGE_CURVE('',#251,#249,#5178,.T.);
#5176=EDGE_CURVE('',#249,#245,#5179,.T.);
#5177=LINE('',#244,#5180);
#5178=LINE('',#250,#5181);
#5179=LINE('',#248,#5182);
#5180=VECTOR('',#5183,1.0);
#5181=VECTOR('',#5184,1.0);
#5182=VECTOR('',#5185,1.0);
#5183=DIRECTION('',(0,-1,0));
#5184=DIRECTION('',(-1,0,0));
#5185=DIRECTION('',(0.24253562503633297,0.9701425001453319,0));
#5186=FACE_SURFACE('',(#5191),#5187,.T.);
#5187=PLANE('',#5188);
#5188=AXIS2_PLACEMENT_3D('',#180,#5189,#5190);
#5189=DIRECTION('',(0,0,-1));
#5190=DIRECTION('',(0,1,0));
#5191=FACE_BOUND('',#5192,.T.);
#5192=EDGE_LOOP('',(#5193,#5194,#5195));
#5193=ORIENTED_EDGE('',*,*,#5196,.T.);
#5194=ORIENTED_EDGE('',*,*,#5197,.T.);
#5195=ORIENTED_EDGE('',*,*,#5198,.T.);
#5196=EDGE_CURVE('',#181,#241,#5199,.F.);
#5197=EDGE_CURVE('',#241,#227,#5200,.T.);
#5198=EDGE_CURVE('',#227,#181,#5201,.T.);
#5199=LINE('',#180,#5202);
#5200=LINE('',#240,#5203);
#5201=LINE('',#226,#5204);
#5202=VECTOR('',#5205,1.0);
#5203=VECTOR('',#5206,1.0);
#5204=VECTOR('',#5207,1.0);
#5205=DIRECTION('',(0,1,0));
#5206=DIRECTION('',(0.24253562503633297,-0.9701425001453319,0));
#5207=DIRECTION('',(-0.08038418009257095,-0.9967639558044046,0));
#5208=FACE_SURFACE('',(#5213),#5209,.T.);
#5209=PLANE('',#5210);
#5210=AXIS2_PLACEMENT_3D('',#242,#5211,#5212);
#5211=DIRECTION('',(0,0,-1));
#5212=DIRECTION('',(0.4472135954999579,-0.8944271909999159,0));
#5213=FACE_BOUND('',#5214,.T.);
#5214=EDGE_LOOP('',(#5215,#5216,#5217));
#5215=ORIENTED_EDGE('',*,*,#5218,.T.);
#5216=ORIENTED_EDGE('',*,*,#5219,.T.);
#5217=ORIENTED_EDGE('',*,*,#5220,.T.);
#5218=EDGE_CURVE('',#243,#249,#5221,.F.);
#5219=EDGE_CURVE('',#249,#241,#5222,.T.);
#5220=EDGE_CURVE('',#241,#243,#5223,.T.);
#5221=LINE('',#242,#5224);
#5222=LINE('',#248,#5225);
#5223=LINE('',#240,#5226);
#5224=VECTOR('',#5227,1.0);
#5225=VECTOR('',#5228,1.0);
#5226=VECTOR('',#5229,1.0);
#5227=DIRECTION('',(0.4472135954999579,-0.8944271909999159,0));
#5228=DIRECTION('',(0,-1,0));
#5229=DIRECTION('',(-0.33633634281324293,0.9417419309465905,0));
#5230=FACE_SURFACE('',(#5235),#5231,.T.);
#5231=PLANE('',#5232);
#5232=AXIS2_PLACEMENT_3D('',#226,#5233,#5234);
#5233=DIRECTION('',(0,0,-1));
#5234=DIRECTION('',(-0.24253562503633297,0.9701425001453319,0));
#5235=FACE_BOUND('',#5236,.T.);
#5236=EDGE_LOOP('',(#5237,#5238,#5239));
#5237=ORIENTED_EDGE('',*,*,#5240,.T.);
#5238=ORIENTED_EDGE('',*,*,#5241,.T.);
#5239=ORIENTED_EDGE('',*,*,#5242,.T.);
#5240=EDGE_CURVE('',#227,#241,#5243,.F.);
#5241=EDGE_CURVE('',#241,#253,#5244,.T.);
#5242=EDGE_CURVE('',#253,#227,#5245,.T.);
#5243=LINE('',#226,#5246);
#5244=LINE('',#240,#5247);
#5245=LINE('',#252,#5248);
#5246=VECTOR('',#5249,1.0);
#5247=VECTOR('',#5250,1.0);
#5248=VECTOR('',#5251,1.0);
#5249=DIRECTION('',(-0.24253562503633297,0.9701425001453319,0));
#5250=DIRECTION('',(1,0,0));
#5251=DIRECTION('',(0,-1,0));
#5252=FACE_SURFACE('',(#5257),#5253,.T.);
#5253=PLANE('',#5254);
#5254=AXIS2_PLACEMENT_3D('',#174,#5255,#5256);
#5255=DIRECTION('',(1,0,0));
#5256=DIRECTION('',(0,-0.6097109856542536,-0.7926238161779638));
#5257=FACE_BOUND('',#5258,.T.);
#5258=EDGE_LOOP('',(#5259,#5260,#5261));
#5259=ORIENTED_EDGE('',*,*,#5262,.T.);
#5260=ORIENTED_EDGE('',*,*,#5263,.T.);
#5261=ORIENTED_EDGE('',*,*,#5264,.T.);
#5262=EDGE_CURVE('',#175,#255,#5265,.F.);
#5263=EDGE_CURVE('',#255,#179,#5266,.T.);
#5264=EDGE_CURVE('',#179,#175,#5267,.T.);
#5265=LINE('',#174,#5268);
#5266=LINE('',#254,#5269);
#5267=LINE('',#178,#5270);
#5268=VECTOR('',#5271,1.0);
#5269=VECTOR('',#5272,1.0);
#5270=VECTOR('',#5273,1.0);
#5271=DIRECTION('',(0,-0.6097109856542536,-0.7926238161779638));
#5272=DIRECTION('',(0,1,0));
#5273=DIRECTION('',(0,0,1));
#5274=FACE_SURFACE('',(#5279),#5275,.T.);
#5275=PLANE('',#5276);
#5276=AXIS2_PLACEMENT_3D('',#174,#5277,#5278);
#5277=DIRECTION('',(1,0,0));
#5278=DIRECTION('',(0,-1,0));
#5279=FACE_BOUND('',#5280,.T.);
#5280=EDGE_LOOP('',(#5281,#5282,#5283));
#5281=ORIENTED_EDGE('',*,*,#5284,.T.);
#5282=ORIENTED_EDGE('',*,*,#5285,.T.);
#5283=ORIENTED_EDGE('',*,*,#5286,.T.);
#5284=EDGE_CURVE('',#175,#201,#5287,.F.);
#5285=EDGE_CURVE('',#201,#255,#5288,.T.);
#5286=EDGE_CURVE('',#255,#175,#5289,.T.);
#5287=LINE('',#174,#5290);
#5288=LINE('',#200,#5291);
#5289=LINE('',#254,#5292);
#5290=VECTOR('',#5293,1.0);
#5291=VECTOR('',#5294,1.0);
#5292=VECTOR('',#5295,1.0);
#5293=DIRECTION('',(0,-1,0));
#5294=DIRECTION('',(0,0,-1));
#5295=DIRECTION('',(0,0.6097109856542536,0.7926238161779638));
#5296=FACE_SURFACE('',(#5301),#5297,.T.);
#5297=PLANE('',#5298);
#5298=AXIS2_PLACEMENT_3D('',#178,#5299,#5300);
#5299=DIRECTION('',(0,-0,-1));
#5300=DIRECTION('',(0,-1,0));
#5301=FACE_BOUND('',#5302,.T.);
#5302=EDGE_LOOP('',(#5303,#5304,#5305));
#5303=ORIENTED_EDGE('',*,*,#5306,.T.);
#5304=ORIENTED_EDGE('',*,*,#5307,.T.);
#5305=ORIENTED_EDGE('',*,*,#5308,.T.);
#5306=EDGE_CURVE('',#179,#255,#5309,.F.);
#5307=EDGE_CURVE('',#255,#257,#5310,.T.);
#5308=EDGE_CURVE('',#257,#179,#5311,.T.);
#5309=LINE('',#178,#5312);
#5310=LINE('',#254,#5313);
#5311=LINE('',#256,#5314);
#5312=VECTOR('',#5315,1.0);
#5313=VECTOR('',#5316,1.0);
#5314=VECTOR('',#5317,1.0);
#5315=DIRECTION('',(0,-1,0));
#5316=DIRECTION('',(-1,0,0));
#5317=DIRECTION('',(0.9883716976506172,0.1520571842539411,0));
#5318=FACE_SURFACE('',(#5323),#5319,.T.);
#5319=PLANE('',#5320);
#5320=AXIS2_PLACEMENT_3D('',#178,#5321,#5322);
#5321=DIRECTION('',(-0,0,-1));
#5322=DIRECTION('',(-0.9883716976506172,-0.1520571842539411,0));
#5323=FACE_BOUND('',#5324,.T.);
#5324=EDGE_LOOP('',(#5325,#5326,#5327));
#5325=ORIENTED_EDGE('',*,*,#5328,.T.);
#5326=ORIENTED_EDGE('',*,*,#5329,.T.);
#5327=ORIENTED_EDGE('',*,*,#5330,.T.);
#5328=EDGE_CURVE('',#179,#257,#5331,.F.);
#5329=EDGE_CURVE('',#257,#177,#5332,.T.);
#5330=EDGE_CURVE('',#177,#179,#5333,.T.);
#5331=LINE('',#178,#5334);
#5332=LINE('',#256,#5335);
#5333=LINE('',#176,#5336);
#5334=VECTOR('',#5337,1.0);
#5335=VECTOR('',#5338,1.0);
#5336=VECTOR('',#5339,1.0);
#5337=DIRECTION('',(-0.9883716976506172,-0.1520571842539411,0));
#5338=DIRECTION('',(0,1,0));
#5339=DIRECTION('',(1,0,0));
#5340=FACE_SURFACE('',(#5345),#5341,.T.);
#5341=PLANE('',#5342);
#5342=AXIS2_PLACEMENT_3D('',#198,#5343,#5344);
#5343=DIRECTION('',(-1,0,0));
#5344=DIRECTION('',(0,0.6097109856542536,-0.7926238161779638));
#5345=FACE_BOUND('',#5346,.T.);
#5346=EDGE_LOOP('',(#5347,#5348,#5349));
#5347=ORIENTED_EDGE('',*,*,#5350,.T.);
#5348=ORIENTED_EDGE('',*,*,#5351,.T.);
#5349=ORIENTED_EDGE('',*,*,#5352,.T.);
#5350=EDGE_CURVE('',#199,#177,#5353,.F.);
#5351=EDGE_CURVE('',#177,#257,#5354,.T.);
#5352=EDGE_CURVE('',#257,#199,#5355,.T.);
#5353=LINE('',#198,#5356);
#5354=LINE('',#176,#5357);
#5355=LINE('',#256,#5358);
#5356=VECTOR('',#5359,1.0);
#5357=VECTOR('',#5360,1.0);
#5358=VECTOR('',#5361,1.0);
#5359=DIRECTION('',(0,0.6097109856542536,-0.7926238161779638));
#5360=DIRECTION('',(0,-1,0));
#5361=DIRECTION('',(0,0,1));
#5362=FACE_SURFACE('',(#5367),#5363,.T.);
#5363=PLANE('',#5364);
#5364=AXIS2_PLACEMENT_3D('',#198,#5365,#5366);
#5365=DIRECTION('',(-1,0,0));
#5366=DIRECTION('',(0,1,0));
#5367=FACE_BOUND('',#5368,.T.);
#5368=EDGE_LOOP('',(#5369,#5370,#5371));
#5369=ORIENTED_EDGE('',*,*,#5372,.T.);
#5370=ORIENTED_EDGE('',*,*,#5373,.T.);
#5371=ORIENTED_EDGE('',*,*,#5374,.T.);
#5372=EDGE_CURVE('',#199,#171,#5375,.F.);
#5373=EDGE_CURVE('',#171,#177,#5376,.T.);
#5374=EDGE_CURVE('',#177,#199,#5377,.T.);
#5375=LINE('',#198,#5378);
#5376=LINE('',#170,#5379);
#5377=LINE('',#176,#5380);
#5378=VECTOR('',#5381,1.0);
#5379=VECTOR('',#5382,1.0);
#5380=VECTOR('',#5383,1.0);
#5381=DIRECTION('',(0,1,0));
#5382=DIRECTION('',(0,0,-1));
#5383=DIRECTION('',(0,-0.6097109856542536,0.7926238161779638));
#5384=FACE_SURFACE('',(#5389),#5385,.T.);
#5385=PLANE('',#5386);
#5386=AXIS2_PLACEMENT_3D('',#184,#5387,#5388);
#5387=DIRECTION('',(-1,0,0));
#5388=DIRECTION('',(0,0.6097109856542536,-0.7926238161779638));
#5389=FACE_BOUND('',#5390,.T.);
#5390=EDGE_LOOP('',(#5391,#5392,#5393));
#5391=ORIENTED_EDGE('',*,*,#5394,.T.);
#5392=ORIENTED_EDGE('',*,*,#5395,.T.);
#5393=ORIENTED_EDGE('',*,*,#5396,.T.);
#5394=EDGE_CURVE('',#185,#259,#5397,.F.);
#5395=EDGE_CURVE('',#259,#189,#5398,.T.);
#5396=EDGE_CURVE('',#189,#185,#5399,.T.);
#5397=LINE('',#184,#5400);
#5398=LINE('',#258,#5401);
#5399=LINE('',#188,#5402);
#5400=VECTOR('',#5403,1.0);
#5401=VECTOR('',#5404,1.0);
#5402=VECTOR('',#5405,1.0);
#5403=DIRECTION('',(0,0.6097109856542536,-0.7926238161779638));
#5404=DIRECTION('',(0,-1,0));
#5405=DIRECTION('',(0,0,1));
#5406=FACE_SURFACE('',(#5411),#5407,.T.);
#5407=PLANE('',#5408);
#5408=AXIS2_PLACEMENT_3D('',#184,#5409,#5410);
#5409=DIRECTION('',(-1,0,0));
#5410=DIRECTION('',(0,1,0));
#5411=FACE_BOUND('',#5412,.T.);
#5412=EDGE_LOOP('',(#5413,#5414,#5415));
#5413=ORIENTED_EDGE('',*,*,#5416,.T.);
#5414=ORIENTED_EDGE('',*,*,#5417,.T.);
#5415=ORIENTED_EDGE('',*,*,#5418,.T.);
#5416=EDGE_CURVE('',#185,#217,#5419,.F.);
#5417=EDGE_CURVE('',#217,#259,#5420,.T.);
#5418=EDGE_CURVE('',#259,#185,#5421,.T.);
#5419=LINE('',#184,#5422);
#5420=LINE('',#216,#5423);
#5421=LINE('',#258,#5424);
#5422=VECTOR('',#5425,1.0);
#5423=VECTOR('',#5426,1.0);
#5424=VECTOR('',#5427,1.0);
#5425=DIRECTION('',(0,1,0));
#5426=DIRECTION('',(0,0,-1));
#5427=DIRECTION('',(0,-0.6097109856542536,0.7926238161779638));
#5428=FACE_SURFACE('',(#5433),#5429,.T.);
#5429=PLANE('',#5430);
#5430=AXIS2_PLACEMENT_3D('',#260,#5431,#5432);
#5431=DIRECTION('',(0,-0,-1));
#5432=DIRECTION('',(0,-1,0));
#5433=FACE_BOUND('',#5434,.T.);
#5434=EDGE_LOOP('',(#5435,#5436,#5437));
#5435=ORIENTED_EDGE('',*,*,#5438,.T.);
#5436=ORIENTED_EDGE('',*,*,#5439,.T.);
#5437=ORIENTED_EDGE('',*,*,#5440,.T.);
#5438=EDGE_CURVE('',#261,#187,#5441,.F.);
#5439=EDGE_CURVE('',#187,#189,#5442,.T.);
#5440=EDGE_CURVE('',#189,#261,#5443,.T.);
#5441=LINE('',#260,#5444);
#5442=LINE('',#186,#5445);
#5443=LINE('',#188,#5446);
#5444=VECTOR('',#5447,1.0);
#5445=VECTOR('',#5448,1.0);
#5446=VECTOR('',#5449,1.0);
#5447=DIRECTION('',(0,-1,0));
#5448=DIRECTION('',(-1,0,0));
#5449=DIRECTION('',(0.9883716976506172,0.1520571842539411,0));
#5450=FACE_SURFACE('',(#5455),#5451,.T.);
#5451=PLANE('',#5452);
#5452=AXIS2_PLACEMENT_3D('',#260,#5453,#5454);
#5453=DIRECTION('',(-0,0,-1));
#5454=DIRECTION('',(-0.9883716976506172,-0.1520571842539411,0));
#5455=FACE_BOUND('',#5456,.T.);
#5456=EDGE_LOOP('',(#5457,#5458,#5459));
#5457=ORIENTED_EDGE('',*,*,#5460,.T.);
#5458=ORIENTED_EDGE('',*,*,#5461,.T.);
#5459=ORIENTED_EDGE('',*,*,#5462,.T.);
#5460=EDGE_CURVE('',#261,#189,#5463,.F.);
#5461=EDGE_CURVE('',#189,#259,#5464,.T.);
#5462=EDGE_CURVE('',#259,#261,#5465,.T.);
#5463=LINE('',#260,#5466);
#5464=LINE('',#188,#5467);
#5465=LINE('',#258,#5468);
#5466=VECTOR('',#5469,1.0);
#5467=VECTOR('',#5470,1.0);
#5468=VECTOR('',#5471,1.0);
#5469=DIRECTION('',(-0.9883716976506172,-0.1520571842539411,0));
#5470=DIRECTION('',(0,1,0));
#5471=DIRECTION('',(1,0,0));
#5472=FACE_SURFACE('',(#5477),#5473,.T.);
#5473=PLANE('',#5474);
#5474=AXIS2_PLACEMENT_3D('',#214,#5475,#5476);
#5475=DIRECTION('',(1,0,0));
#5476=DIRECTION('',(0,-0.6097109856542536,-0.7926238161779638));
#5477=FACE_BOUND('',#5478,.T.);
#5478=EDGE_LOOP('',(#5479,#5480,#5481));
#5479=ORIENTED_EDGE('',*,*,#5482,.T.);
#5480=ORIENTED_EDGE('',*,*,#5483,.T.);
#5481=ORIENTED_EDGE('',*,*,#5484,.T.);
#5482=EDGE_CURVE('',#215,#187,#5485,.F.);
#5483=EDGE_CURVE('',#187,#261,#5486,.T.);
#5484=EDGE_CURVE('',#261,#215,#5487,.T.);
#5485=LINE('',#214,#5488);
#5486=LINE('',#186,#5489);
#5487=LINE('',#260,#5490);
#5488=VECTOR('',#5491,1.0);
#5489=VECTOR('',#5492,1.0);
#5490=VECTOR('',#5493,1.0);
#5491=DIRECTION('',(0,-0.6097109856542536,-0.7926238161779638));
#5492=DIRECTION('',(0,1,0));
#5493=DIRECTION('',(0,0,1));
#5494=FACE_SURFACE('',(#5499),#5495,.T.);
#5495=PLANE('',#5496);
#5496=AXIS2_PLACEMENT_3D('',#214,#5497,#5498);
#5497=DIRECTION('',(1,0,0));
#5498=DIRECTION('',(0,-1,0));
#5499=FACE_BOUND('',#5500,.T.);
#5500=EDGE_LOOP('',(#5501,#5502,#5503));
#5501=ORIENTED_EDGE('',*,*,#5504,.T.);
#5502=ORIENTED_EDGE('',*,*,#5505,.T.);
#5503=ORIENTED_EDGE('',*,*,#5506,.T.);
#5504=EDGE_CURVE('',#215,#183,#5507,.F.);
#5505=EDGE_CURVE('',#183,#187,#5508,.T.);
#5506=EDGE_CURVE('',#187,#215,#5509,.T.);
#5507=LINE('',#214,#5510);
#5508=LINE('',#182,#5511);
#5509=LINE('',#186,#5512);
#5510=VECTOR('',#5513,1.0);
#5511=VECTOR('',#5514,1.0);
#5512=VECTOR('',#5515,1.0);
#5513=DIRECTION('',(0,-1,0));
#5514=DIRECTION('',(0,0,-1));
#5515=DIRECTION('',(0,0.6097109856542536,0.7926238161779638));
#5516=FACE_SURFACE('',(#5521),#5517,.T.);
#5517=PLANE('',#5518);
#5518=AXIS2_PLACEMENT_3D('',#212,#5519,#5520);
#5519=DIRECTION('',(0,-1,0));
#5520=DIRECTION('',(0,0,1));
#5521=FACE_BOUND('',#5522,.T.);
#5522=EDGE_LOOP('',(#5523,#5524,#5525));
#5523=ORIENTED_EDGE('',*,*,#5526,.T.);
#5524=ORIENTED_EDGE('',*,*,#5527,.T.);
#5525=ORIENTED_EDGE('',*,*,#5528,.T.);
#5526=EDGE_CURVE('',#213,#263,#5529,.F.);
#5527=EDGE_CURVE('',#263,#265,#5530,.T.);
#5528=EDGE_CURVE('',#265,#213,#5531,.T.);
#5529=LINE('',#212,#5532);
#5530=LINE('',#262,#5533);
#5531=LINE('',#264,#5534);
#5532=VECTOR('',#5535,1.0);
#5533=VECTOR('',#5536,1.0);
#5534=VECTOR('',#5537,1.0);
#5535=DIRECTION('',(0,0,1));
#5536=DIRECTION('',(-1,0,0));
#5537=DIRECTION('',(0.6742705547514933,0,-0.7384844067379577));
#5538=FACE_SURFACE('',(#5543),#5539,.T.);
#5539=PLANE('',#5540);
#5540=AXIS2_PLACEMENT_3D('',#264,#5541,#5542);
#5541=DIRECTION('',(-0,-1,-0));
#5542=DIRECTION('',(-1,0,0));
#5543=FACE_BOUND('',#5544,.T.);
#5544=EDGE_LOOP('',(#5545,#5546,#5547));
#5545=ORIENTED_EDGE('',*,*,#5548,.T.);
#5546=ORIENTED_EDGE('',*,*,#5549,.T.);
#5547=ORIENTED_EDGE('',*,*,#5550,.T.);
#5548=EDGE_CURVE('',#265,#267,#5551,.F.);
#5549=EDGE_CURVE('',#267,#213,#5552,.T.);
#5550=EDGE_CURVE('',#213,#265,#5553,.T.);
#5551=LINE('',#264,#5554);
#5552=LINE('',#266,#5555);
#5553=LINE('',#212,#5556);
#5554=VECTOR('',#5557,1.0);
#5555=VECTOR('',#5558,1.0);
#5556=VECTOR('',#5559,1.0);
#5557=DIRECTION('',(-1,0,0));
#5558=DIRECTION('',(0.9410746493329302,0,-0.33819891245079803));
#5559=DIRECTION('',(-0.6742705547514933,0,0.7384844067379577));
#5560=FACE_SURFACE('',(#5565),#5561,.T.);
#5561=PLANE('',#5562);
#5562=AXIS2_PLACEMENT_3D('',#212,#5563,#5564);
#5563=DIRECTION('',(0,-1,0));
#5564=DIRECTION('',(-0.9410746493329302,0,0.33819891245079803));
#5565=FACE_BOUND('',#5566,.T.);
#5566=EDGE_LOOP('',(#5567,#5568,#5569));
#5567=ORIENTED_EDGE('',*,*,#5570,.T.);
#5568=ORIENTED_EDGE('',*,*,#5571,.T.);
#5569=ORIENTED_EDGE('',*,*,#5572,.T.);
#5570=EDGE_CURVE('',#213,#267,#5573,.F.);
#5571=EDGE_CURVE('',#267,#203,#5574,.T.);
#5572=EDGE_CURVE('',#203,#213,#5575,.T.);
#5573=LINE('',#212,#5576);
#5574=LINE('',#266,#5577);
#5575=LINE('',#202,#5578);
#5576=VECTOR('',#5579,1.0);
#5577=VECTOR('',#5580,1.0);
#5578=VECTOR('',#5581,1.0);
#5579=DIRECTION('',(-0.9410746493329302,0,0.33819891245079803));
#5580=DIRECTION('',(-0.6742705547514933,0,-0.7384844067379577));
#5581=DIRECTION('',(1,0,0));
#5582=FACE_SURFACE('',(#5587),#5583,.T.);
#5583=PLANE('',#5584);
#5584=AXIS2_PLACEMENT_3D('',#202,#5585,#5586);
#5585=DIRECTION('',(0,-1,0));
#5586=DIRECTION('',(0.6742705547514933,0,0.7384844067379577));
#5587=FACE_BOUND('',#5588,.T.);
#5588=EDGE_LOOP('',(#5589,#5590,#5591));
#5589=ORIENTED_EDGE('',*,*,#5592,.T.);
#5590=ORIENTED_EDGE('',*,*,#5593,.T.);
#5591=ORIENTED_EDGE('',*,*,#5594,.T.);
#5592=EDGE_CURVE('',#203,#267,#5595,.F.);
#5593=EDGE_CURVE('',#267,#269,#5596,.T.);
#5594=EDGE_CURVE('',#269,#203,#5597,.T.);
#5595=LINE('',#202,#5598);
#5596=LINE('',#266,#5599);
#5597=LINE('',#268,#5600);
#5598=VECTOR('',#5601,1.0);
#5599=VECTOR('',#5602,1.0);
#5600=VECTOR('',#5603,1.0);
#5601=DIRECTION('',(0.6742705547514933,0,0.7384844067379577));
#5602=DIRECTION('',(-1,0,0));
#5603=DIRECTION('',(0,0,-1));
#5604=FACE_SURFACE('',(#5609),#5605,.T.);
#5605=PLANE('',#5606);
#5606=AXIS2_PLACEMENT_3D('',#202,#5607,#5608);
#5607=DIRECTION('',(-1,0,0));
#5608=DIRECTION('',(0,0,1));
#5609=FACE_BOUND('',#5610,.T.);
#5610=EDGE_LOOP('',(#5611,#5612,#5613));
#5611=ORIENTED_EDGE('',*,*,#5614,.T.);
#5612=ORIENTED_EDGE('',*,*,#5615,.T.);
#5613=ORIENTED_EDGE('',*,*,#5616,.T.);
#5614=EDGE_CURVE('',#203,#269,#5617,.F.);
#5615=EDGE_CURVE('',#269,#271,#5618,.T.);
#5616=EDGE_CURVE('',#271,#203,#5619,.T.);
#5617=LINE('',#202,#5620);
#5618=LINE('',#268,#5621);
#5619=LINE('',#270,#5622);
#5620=VECTOR('',#5623,1.0);
#5621=VECTOR('',#5624,1.0);
#5622=VECTOR('',#5625,1.0);
#5623=DIRECTION('',(0,0,1));
#5624=DIRECTION('',(0,1,0));
#5625=DIRECTION('',(0,-0.21242971161684074,-0.9771763492954513));
#5626=FACE_SURFACE('',(#5631),#5627,.T.);
#5627=PLANE('',#5628);
#5628=AXIS2_PLACEMENT_3D('',#270,#5629,#5630);
#5629=DIRECTION('',(-1,0,-0));
#5630=DIRECTION('',(0,1,0));
#5631=FACE_BOUND('',#5632,.T.);
#5632=EDGE_LOOP('',(#5633,#5634,#5635));
#5633=ORIENTED_EDGE('',*,*,#5636,.T.);
#5634=ORIENTED_EDGE('',*,*,#5637,.T.);
#5635=ORIENTED_EDGE('',*,*,#5638,.T.);
#5636=EDGE_CURVE('',#271,#273,#5639,.F.);
#5637=EDGE_CURVE('',#273,#203,#5640,.T.);
#5638=EDGE_CURVE('',#203,#271,#5641,.T.);
#5639=LINE('',#270,#5642);
#5640=LINE('',#272,#5643);
#5641=LINE('',#202,#5644);
#5642=VECTOR('',#5645,1.0);
#5643=VECTOR('',#5646,1.0);
#5644=VECTOR('',#5647,1.0);
#5645=DIRECTION('',(0,1,0));
#5646=DIRECTION('',(0,-0.9834900679953243,-0.1809621124836697));
#5647=DIRECTION('',(0,0.21242971161684074,0.9771763492954513));
#5648=FACE_SURFACE('',(#5653),#5649,.T.);
#5649=PLANE('',#5650);
#5650=AXIS2_PLACEMENT_3D('',#274,#5651,#5652);
#5651=DIRECTION('',(-1,0,0));
#5652=DIRECTION('',(0,-0.9965457582448796,0.08304547985373997));
#5653=FACE_BOUND('',#5654,.T.);
#5654=EDGE_LOOP('',(#5655,#5656,#5657));
#5655=ORIENTED_EDGE('',*,*,#5658,.T.);
#5656=ORIENTED_EDGE('',*,*,#5659,.T.);
#5657=ORIENTED_EDGE('',*,*,#5660,.T.);
#5658=EDGE_CURVE('',#275,#277,#5661,.F.);
#5659=EDGE_CURVE('',#277,#279,#5662,.T.);
#5660=EDGE_CURVE('',#279,#275,#5663,.T.);
#5661=LINE('',#274,#5664);
#5662=LINE('',#276,#5665);
#5663=LINE('',#278,#5666);
#5664=VECTOR('',#5667,1.0);
#5665=VECTOR('',#5668,1.0);
#5666=VECTOR('',#5669,1.0);
#5667=DIRECTION('',(0,-0.9965457582448796,0.08304547985373997));
#5668=DIRECTION('',(0,1,0));
#5669=DIRECTION('',(0,-0.9965457582448796,-0.08304547985373997));
#5670=FACE_SURFACE('',(#5675),#5671,.T.);
#5671=PLANE('',#5672);
#5672=AXIS2_PLACEMENT_3D('',#202,#5673,#5674);
#5673=DIRECTION('',(-1,0,0));
#5674=DIRECTION('',(0,0.9834900679953243,0.1809621124836697));
#5675=FACE_BOUND('',#5676,.T.);
#5676=EDGE_LOOP('',(#5677,#5678,#5679));
#5677=ORIENTED_EDGE('',*,*,#5680,.T.);
#5678=ORIENTED_EDGE('',*,*,#5681,.T.);
#5679=ORIENTED_EDGE('',*,*,#5682,.T.);
#5680=EDGE_CURVE('',#203,#273,#5683,.F.);
#5681=EDGE_CURVE('',#273,#243,#5684,.T.);
#5682=EDGE_CURVE('',#243,#203,#5685,.T.);
#5683=LINE('',#202,#5686);
#5684=LINE('',#272,#5687);
#5685=LINE('',#242,#5688);
#5686=VECTOR('',#5689,1.0);
#5687=VECTOR('',#5690,1.0);
#5688=VECTOR('',#5691,1.0);
#5689=DIRECTION('',(0,0.9834900679953243,0.1809621124836697));
#5690=DIRECTION('',(0,0.21242971161684074,-0.9771763492954513));
#5691=DIRECTION('',(0,-1,0));
#5692=FACE_SURFACE('',(#5697),#5693,.T.);
#5693=PLANE('',#5694);
#5694=AXIS2_PLACEMENT_3D('',#272,#5695,#5696);
#5695=DIRECTION('',(-1,0,0));
#5696=DIRECTION('',(0,1,0));
#5697=FACE_BOUND('',#5698,.T.);
#5698=EDGE_LOOP('',(#5699,#5700,#5701));
#5699=ORIENTED_EDGE('',*,*,#5702,.T.);
#5700=ORIENTED_EDGE('',*,*,#5703,.T.);
#5701=ORIENTED_EDGE('',*,*,#5704,.T.);
#5702=EDGE_CURVE('',#273,#281,#5705,.F.);
#5703=EDGE_CURVE('',#281,#243,#5706,.T.);
#5704=EDGE_CURVE('',#243,#273,#5707,.T.);
#5705=LINE('',#272,#5708);
#5706=LINE('',#280,#5709);
#5707=LINE('',#242,#5710);
#5708=VECTOR('',#5711,1.0);
#5709=VECTOR('',#5712,1.0);
#5710=VECTOR('',#5713,1.0);
#5711=DIRECTION('',(0,1,0));
#5712=DIRECTION('',(0,0,-1));
#5713=DIRECTION('',(0,-0.21242971161684074,0.9771763492954513));
#5714=FACE_SURFACE('',(#5719),#5715,.T.);
#5715=PLANE('',#5716);
#5716=AXIS2_PLACEMENT_3D('',#282,#5717,#5718);
#5717=DIRECTION('',(-1,0,0));
#5718=DIRECTION('',(0,-0.9958409662380058,0.09110856140975415));
#5719=FACE_BOUND('',#5720,.T.);
#5720=EDGE_LOOP('',(#5721,#5722,#5723));
#5721=ORIENTED_EDGE('',*,*,#5724,.T.);
#5722=ORIENTED_EDGE('',*,*,#5725,.T.);
#5723=ORIENTED_EDGE('',*,*,#5726,.T.);
#5724=EDGE_CURVE('',#283,#277,#5727,.F.);
#5725=EDGE_CURVE('',#277,#275,#5728,.T.);
#5726=EDGE_CURVE('',#275,#283,#5729,.T.);
#5727=LINE('',#282,#5730);
#5728=LINE('',#276,#5731);
#5729=LINE('',#274,#5732);
#5730=VECTOR('',#5733,1.0);
#5731=VECTOR('',#5734,1.0);
#5732=VECTOR('',#5735,1.0);
#5733=DIRECTION('',(0,-0.9958409662380058,0.09110856140975415));
#5734=DIRECTION('',(0,0.9965457582448796,-0.08304547985373997));
#5735=DIRECTION('',(0,-0.9894966403325623,-0.14455586729901937));
#5736=FACE_SURFACE('',(#5741),#5737,.T.);
#5737=PLANE('',#5738);
#5738=AXIS2_PLACEMENT_3D('',#284,#5739,#5740);
#5739=DIRECTION('',(-1,0,0));
#5740=DIRECTION('',(0,-0.9948678551765203,0.10118275908706025));
#5741=FACE_BOUND('',#5742,.T.);
#5742=EDGE_LOOP('',(#5743,#5744,#5745));
#5743=ORIENTED_EDGE('',*,*,#5746,.T.);
#5744=ORIENTED_EDGE('',*,*,#5747,.T.);
#5745=ORIENTED_EDGE('',*,*,#5748,.T.);
#5746=EDGE_CURVE('',#285,#277,#5749,.F.);
#5747=EDGE_CURVE('',#277,#283,#5750,.T.);
#5748=EDGE_CURVE('',#283,#285,#5751,.T.);
#5749=LINE('',#284,#5752);
#5750=LINE('',#276,#5753);
#5751=LINE('',#282,#5754);
#5752=VECTOR('',#5755,1.0);
#5753=VECTOR('',#5756,1.0);
#5754=VECTOR('',#5757,1.0);
#5755=DIRECTION('',(0,-0.9948678551765203,0.10118275908706025));
#5756=DIRECTION('',(0,0.9958409662380058,-0.09110856140975415));
#5757=DIRECTION('',(0,-0.9365003159559107,-0.3506667338292577));
#5758=FACE_SURFACE('',(#5763),#5759,.T.);
#5759=PLANE('',#5760);
#5760=AXIS2_PLACEMENT_3D('',#286,#5761,#5762);
#5761=DIRECTION('',(-1,0,0));
#5762=DIRECTION('',(0,-0.9898841665370429,0.14187789411766685));
#5763=FACE_BOUND('',#5764,.T.);
#5764=EDGE_LOOP('',(#5765,#5766,#5767));
#5765=ORIENTED_EDGE('',*,*,#5768,.T.);
#5766=ORIENTED_EDGE('',*,*,#5769,.T.);
#5767=ORIENTED_EDGE('',*,*,#5770,.T.);
#5768=EDGE_CURVE('',#287,#277,#5771,.F.);
#5769=EDGE_CURVE('',#277,#285,#5772,.T.);
#5770=EDGE_CURVE('',#285,#287,#5773,.T.);
#5771=LINE('',#286,#5774);
#5772=LINE('',#276,#5775);
#5773=LINE('',#284,#5776);
#5774=VECTOR('',#5777,1.0);
#5775=VECTOR('',#5778,1.0);
#5776=VECTOR('',#5779,1.0);
#5777=DIRECTION('',(0,-0.9898841665370429,0.14187789411766685));
#5778=DIRECTION('',(0,0.9948678551765203,-0.10118275908706025));
#5779=DIRECTION('',(0,-0.7806840190828241,-0.6249259654940645));
#5780=FACE_SURFACE('',(#5785),#5781,.T.);
#5781=PLANE('',#5782);
#5782=AXIS2_PLACEMENT_3D('',#286,#5783,#5784);
#5783=DIRECTION('',(-1,-0,0));
#5784=DIRECTION('',(0,-0.44290208338088477,-0.8965699886438715));
#5785=FACE_BOUND('',#5786,.T.);
#5786=EDGE_LOOP('',(#5787,#5788,#5789));
#5787=ORIENTED_EDGE('',*,*,#5790,.T.);
#5788=ORIENTED_EDGE('',*,*,#5791,.T.);
#5789=ORIENTED_EDGE('',*,*,#5792,.T.);
#5790=EDGE_CURVE('',#287,#289,#5793,.F.);
#5791=EDGE_CURVE('',#289,#277,#5794,.T.);
#5792=EDGE_CURVE('',#277,#287,#5795,.T.);
#5793=LINE('',#286,#5796);
#5794=LINE('',#288,#5797);
#5795=LINE('',#276,#5798);
#5796=VECTOR('',#5799,1.0);
#5797=VECTOR('',#5800,1.0);
#5798=VECTOR('',#5801,1.0);
#5799=DIRECTION('',(0,-0.44290208338088477,-0.8965699886438715));
#5800=DIRECTION('',(0,-0.9796193838966298,0.20086279569394452));
#5801=DIRECTION('',(0,0.9898841665370429,-0.14187789411766685));
#5802=FACE_SURFACE('',(#5807),#5803,.T.);
#5803=PLANE('',#5804);
#5804=AXIS2_PLACEMENT_3D('',#288,#5805,#5806);
#5805=DIRECTION('',(-1,-0,0));
#5806=DIRECTION('',(0,-0.17641640163597935,-0.9843156268361347));
#5807=FACE_BOUND('',#5808,.T.);
#5808=EDGE_LOOP('',(#5809,#5810,#5811));
#5809=ORIENTED_EDGE('',*,*,#5812,.T.);
#5810=ORIENTED_EDGE('',*,*,#5813,.T.);
#5811=ORIENTED_EDGE('',*,*,#5814,.T.);
#5812=EDGE_CURVE('',#289,#291,#5815,.F.);
#5813=EDGE_CURVE('',#291,#277,#5816,.T.);
#5814=EDGE_CURVE('',#277,#289,#5817,.T.);
#5815=LINE('',#288,#5818);
#5816=LINE('',#290,#5819);
#5817=LINE('',#276,#5820);
#5818=VECTOR('',#5821,1.0);
#5819=VECTOR('',#5822,1.0);
#5820=VECTOR('',#5823,1.0);
#5821=DIRECTION('',(0,-0.17641640163597935,-0.9843156268361347));
#5822=DIRECTION('',(0,-0.9766879970074906,0.21466382206020598));
#5823=DIRECTION('',(0,0.9796193838966298,-0.20086279569394452));
#5824=FACE_SURFACE('',(#5829),#5825,.T.);
#5825=PLANE('',#5826);
#5826=AXIS2_PLACEMENT_3D('',#276,#5827,#5828);
#5827=DIRECTION('',(-1,0,0));
#5828=DIRECTION('',(0,0.9766879970074906,-0.21466382206020598));
#5829=FACE_BOUND('',#5830,.T.);
#5830=EDGE_LOOP('',(#5831,#5832,#5833));
#5831=ORIENTED_EDGE('',*,*,#5834,.T.);
#5832=ORIENTED_EDGE('',*,*,#5835,.T.);
#5833=ORIENTED_EDGE('',*,*,#5836,.T.);
#5834=EDGE_CURVE('',#277,#291,#5837,.F.);
#5835=EDGE_CURVE('',#291,#293,#5838,.T.);
#5836=EDGE_CURVE('',#293,#277,#5839,.T.);
#5837=LINE('',#276,#5840);
#5838=LINE('',#290,#5841);
#5839=LINE('',#292,#5842);
#5840=VECTOR('',#5843,1.0);
#5841=VECTOR('',#5844,1.0);
#5842=VECTOR('',#5845,1.0);
#5843=DIRECTION('',(0,0.9766879970074906,-0.21466382206020598));
#5844=DIRECTION('',(0,0.0253179102523127,-0.9996794503341837));
#5845=DIRECTION('',(0,-0.9671870240034347,0.25406546518442713));
#5846=FACE_SURFACE('',(#5851),#5847,.T.);
#5847=PLANE('',#5848);
#5848=AXIS2_PLACEMENT_3D('',#294,#5849,#5850);
#5849=DIRECTION('',(-1,-0,0));
#5850=DIRECTION('',(0,-0.7678843611591246,-0.6405884856030767));
#5851=FACE_BOUND('',#5852,.T.);
#5852=EDGE_LOOP('',(#5853,#5854,#5855));
#5853=ORIENTED_EDGE('',*,*,#5856,.T.);
#5854=ORIENTED_EDGE('',*,*,#5857,.T.);
#5855=ORIENTED_EDGE('',*,*,#5858,.T.);
#5856=EDGE_CURVE('',#295,#271,#5859,.F.);
#5857=EDGE_CURVE('',#271,#293,#5860,.T.);
#5858=EDGE_CURVE('',#293,#295,#5861,.T.);
#5859=LINE('',#294,#5862);
#5860=LINE('',#270,#5863);
#5861=LINE('',#292,#5864);
#5862=VECTOR('',#5865,1.0);
#5863=VECTOR('',#5866,1.0);
#5864=VECTOR('',#5867,1.0);
#5865=DIRECTION('',(0,-0.7678843611591246,-0.6405884856030767));
#5866=DIRECTION('',(0,0.7516200685499035,0.6595962951328928));
#5867=DIRECTION('',(0,0.29929640086224724,-0.9541601880349572));
#5868=FACE_SURFACE('',(#5873),#5869,.T.);
#5869=PLANE('',#5870);
#5870=AXIS2_PLACEMENT_3D('',#296,#5871,#5872);
#5871=DIRECTION('',(-1,-0,0));
#5872=DIRECTION('',(0,-0.7747204278449286,-0.6323039290402763));
#5873=FACE_BOUND('',#5874,.T.);
#5874=EDGE_LOOP('',(#5875,#5876,#5877));
#5875=ORIENTED_EDGE('',*,*,#5878,.T.);
#5876=ORIENTED_EDGE('',*,*,#5879,.T.);
#5877=ORIENTED_EDGE('',*,*,#5880,.T.);
#5878=EDGE_CURVE('',#297,#271,#5881,.F.);
#5879=EDGE_CURVE('',#271,#295,#5882,.T.);
#5880=EDGE_CURVE('',#295,#297,#5883,.T.);
#5881=LINE('',#296,#5884);
#5882=LINE('',#270,#5885);
#5883=LINE('',#294,#5886);
#5884=VECTOR('',#5887,1.0);
#5885=VECTOR('',#5888,1.0);
#5886=VECTOR('',#5889,1.0);
#5887=DIRECTION('',(0,-0.7747204278449286,-0.6323039290402763));
#5888=DIRECTION('',(0,0.7678843611591246,0.6405884856030767));
#5889=DIRECTION('',(0,0.4630533881077781,-0.8863303897316777));
#5890=FACE_SURFACE('',(#5895),#5891,.T.);
#5891=PLANE('',#5892);
#5892=AXIS2_PLACEMENT_3D('',#276,#5893,#5894);
#5893=DIRECTION('',(-1,0,0));
#5894=DIRECTION('',(0,0.9671870240034347,-0.25406546518442713));
#5895=FACE_BOUND('',#5896,.T.);
#5896=EDGE_LOOP('',(#5897,#5898,#5899));
#5897=ORIENTED_EDGE('',*,*,#5900,.T.);
#5898=ORIENTED_EDGE('',*,*,#5901,.T.);
#5899=ORIENTED_EDGE('',*,*,#5902,.T.);
#5900=EDGE_CURVE('',#277,#293,#5903,.F.);
#5901=EDGE_CURVE('',#293,#271,#5904,.T.);
#5902=EDGE_CURVE('',#271,#277,#5905,.T.);
#5903=LINE('',#276,#5906);
#5904=LINE('',#292,#5907);
#5905=LINE('',#270,#5908);
#5906=VECTOR('',#5909,1.0);
#5907=VECTOR('',#5910,1.0);
#5908=VECTOR('',#5911,1.0);
#5909=DIRECTION('',(0,0.9671870240034347,-0.25406546518442713));
#5910=DIRECTION('',(0,-0.7516200685499035,-0.6595962951328928));
#5911=DIRECTION('',(0,0,1));
#5912=FACE_SURFACE('',(#5917),#5913,.T.);
#5913=PLANE('',#5914);
#5914=AXIS2_PLACEMENT_3D('',#270,#5915,#5916);
#5915=DIRECTION('',(-1,0,0));
#5916=DIRECTION('',(0,0.7747204278449286,0.6323039290402763));
#5917=FACE_BOUND('',#5918,.T.);
#5918=EDGE_LOOP('',(#5919,#5920,#5921));
#5919=ORIENTED_EDGE('',*,*,#5922,.T.);
#5920=ORIENTED_EDGE('',*,*,#5923,.T.);
#5921=ORIENTED_EDGE('',*,*,#5924,.T.);
#5922=EDGE_CURVE('',#271,#297,#5925,.F.);
#5923=EDGE_CURVE('',#297,#299,#5926,.T.);
#5924=EDGE_CURVE('',#299,#271,#5927,.T.);
#5925=LINE('',#270,#5928);
#5926=LINE('',#296,#5929);
#5927=LINE('',#298,#5930);
#5928=VECTOR('',#5931,1.0);
#5929=VECTOR('',#5932,1.0);
#5930=VECTOR('',#5933,1.0);
#5931=DIRECTION('',(0,0.7747204278449286,0.6323039290402763));
#5932=DIRECTION('',(0,0.6513493346702434,-0.7587779940302902));
#5933=DIRECTION('',(0,-0.798311426851194,-0.6022448553195043));
#5934=FACE_SURFACE('',(#5939),#5935,.T.);
#5935=PLANE('',#5936);
#5936=AXIS2_PLACEMENT_3D('',#270,#5937,#5938);
#5937=DIRECTION('',(-1,0,0));
#5938=DIRECTION('',(0,0.798311426851194,0.6022448553195043));
#5939=FACE_BOUND('',#5940,.T.);
#5940=EDGE_LOOP('',(#5941,#5942,#5943));
#5941=ORIENTED_EDGE('',*,*,#5944,.T.);
#5942=ORIENTED_EDGE('',*,*,#5945,.T.);
#5943=ORIENTED_EDGE('',*,*,#5946,.T.);
#5944=EDGE_CURVE('',#271,#299,#5947,.F.);
#5945=EDGE_CURVE('',#299,#301,#5948,.T.);
#5946=EDGE_CURVE('',#301,#271,#5949,.T.);
#5947=LINE('',#270,#5950);
#5948=LINE('',#298,#5951);
#5949=LINE('',#300,#5952);
#5950=VECTOR('',#5953,1.0);
#5951=VECTOR('',#5954,1.0);
#5952=VECTOR('',#5955,1.0);
#5953=DIRECTION('',(0,0.798311426851194,0.6022448553195043));
#5954=DIRECTION('',(0,0.8410938314021439,-0.5408892370691636));
#5955=DIRECTION('',(0,-0.8119082703497604,-0.5837850293880962));
#5956=FACE_SURFACE('',(#5961),#5957,.T.);
#5957=PLANE('',#5958);
#5958=AXIS2_PLACEMENT_3D('',#270,#5959,#5960);
#5959=DIRECTION('',(-1,0,0));
#5960=DIRECTION('',(0,0.8119082703497604,0.5837850293880962));
#5961=FACE_BOUND('',#5962,.T.);
#5962=EDGE_LOOP('',(#5963,#5964,#5965));
#5963=ORIENTED_EDGE('',*,*,#5966,.T.);
#5964=ORIENTED_EDGE('',*,*,#5967,.T.);
#5965=ORIENTED_EDGE('',*,*,#5968,.T.);
#5966=EDGE_CURVE('',#271,#301,#5969,.F.);
#5967=EDGE_CURVE('',#301,#303,#5970,.T.);
#5968=EDGE_CURVE('',#303,#271,#5971,.T.);
#5969=LINE('',#270,#5972);
#5970=LINE('',#300,#5973);
#5971=LINE('',#302,#5974);
#5972=VECTOR('',#5975,1.0);
#5973=VECTOR('',#5976,1.0);
#5974=VECTOR('',#5977,1.0);
#5975=DIRECTION('',(0,0.8119082703497604,0.5837850293880962));
#5976=DIRECTION('',(0,0.9248361325828719,-0.3803657816748986));
#5977=DIRECTION('',(0,-0.8185423670955898,-0.5744461622028202));
#5978=FACE_SURFACE('',(#5983),#5979,.T.);
#5979=PLANE('',#5980);
#5980=AXIS2_PLACEMENT_3D('',#270,#5981,#5982);
#5981=DIRECTION('',(-1,0,0));
#5982=DIRECTION('',(0,0.8185423670955898,0.5744461622028202));
#5983=FACE_BOUND('',#5984,.T.);
#5984=EDGE_LOOP('',(#5985,#5986,#5987));
#5985=ORIENTED_EDGE('',*,*,#5988,.T.);
#5986=ORIENTED_EDGE('',*,*,#5989,.T.);
#5987=ORIENTED_EDGE('',*,*,#5990,.T.);
#5988=EDGE_CURVE('',#271,#303,#5991,.F.);
#5989=EDGE_CURVE('',#303,#305,#5992,.T.);
#5990=EDGE_CURVE('',#305,#271,#5993,.T.);
#5991=LINE('',#270,#5994);
#5992=LINE('',#302,#5995);
#5993=LINE('',#304,#5996);
#5994=VECTOR('',#5997,1.0);
#5995=VECTOR('',#5998,1.0);
#5996=VECTOR('',#5999,1.0);
#5997=DIRECTION('',(0,0.8185423670955898,0.5744461622028202));
#5998=DIRECTION('',(0,0.9843077378963313,-0.1764604123235777));
#5999=DIRECTION('',(0,-0.8312055840185826,-0.5559651761543406));
#6000=FACE_SURFACE('',(#6005),#6001,.T.);
#6001=PLANE('',#6002);
#6002=AXIS2_PLACEMENT_3D('',#272,#6003,#6004);
#6003=DIRECTION('',(-1,0,0));
#6004=DIRECTION('',(0,-1,0));
#6005=FACE_BOUND('',#6006,.T.);
#6006=EDGE_LOOP('',(#6007,#6008,#6009));
#6007=ORIENTED_EDGE('',*,*,#6010,.T.);
#6008=ORIENTED_EDGE('',*,*,#6011,.T.);
#6009=ORIENTED_EDGE('',*,*,#6012,.T.);
#6010=EDGE_CURVE('',#273,#271,#6013,.F.);
#6011=EDGE_CURVE('',#271,#305,#6014,.T.);
#6012=EDGE_CURVE('',#305,#273,#6015,.T.);
#6013=LINE('',#272,#6016);
#6014=LINE('',#270,#6017);
#6015=LINE('',#304,#6018);
#6016=VECTOR('',#6019,1.0);
#6017=VECTOR('',#6020,1.0);
#6018=VECTOR('',#6021,1.0);
#6019=DIRECTION('',(0,-1,0));
#6020=DIRECTION('',(0,0.8312055840185826,0.5559651761543406));
#6021=DIRECTION('',(0,0.8328281389577536,-0.5535316530788141));
#6022=FACE_SURFACE('',(#6027),#6023,.T.);
#6023=PLANE('',#6024);
#6024=AXIS2_PLACEMENT_3D('',#272,#6025,#6026);
#6025=DIRECTION('',(-1,0,0));
#6026=DIRECTION('',(0,-0.8328281389577536,0.5535316530788141));
#6027=FACE_BOUND('',#6028,.T.);
#6028=EDGE_LOOP('',(#6029,#6030,#6031));
#6029=ORIENTED_EDGE('',*,*,#6032,.T.);
#6030=ORIENTED_EDGE('',*,*,#6033,.T.);
#6031=ORIENTED_EDGE('',*,*,#6034,.T.);
#6032=EDGE_CURVE('',#273,#305,#6035,.F.);
#6033=EDGE_CURVE('',#305,#307,#6036,.T.);
#6034=EDGE_CURVE('',#307,#273,#6037,.T.);
#6035=LINE('',#272,#6038);
#6036=LINE('',#304,#6039);
#6037=LINE('',#306,#6040);
#6038=VECTOR('',#6041,1.0);
#6039=VECTOR('',#6042,1.0);
#6040=VECTOR('',#6043,1.0);
#6041=DIRECTION('',(0,-0.8328281389577536,0.5535316530788141));
#6042=DIRECTION('',(0,0.9961946396863118,0.08715641032224365));
#6043=DIRECTION('',(0,0.8244281144689664,-0.565966681062715));
#6044=FACE_SURFACE('',(#6049),#6045,.T.);
#6045=PLANE('',#6046);
#6046=AXIS2_PLACEMENT_3D('',#306,#6047,#6048);
#6047=DIRECTION('',(-1,0,0));
#6048=DIRECTION('',(0,0.9235725889753061,0.3834236206775089));
#6049=FACE_BOUND('',#6050,.T.);
#6050=EDGE_LOOP('',(#6051,#6052,#6053));
#6051=ORIENTED_EDGE('',*,*,#6054,.T.);
#6052=ORIENTED_EDGE('',*,*,#6055,.T.);
#6053=ORIENTED_EDGE('',*,*,#6056,.T.);
#6054=EDGE_CURVE('',#307,#309,#6057,.F.);
#6055=EDGE_CURVE('',#309,#273,#6058,.T.);
#6056=EDGE_CURVE('',#273,#307,#6059,.T.);
#6057=LINE('',#306,#6060);
#6058=LINE('',#308,#6061);
#6059=LINE('',#272,#6062);
#6060=VECTOR('',#6063,1.0);
#6061=VECTOR('',#6064,1.0);
#6062=VECTOR('',#6065,1.0);
#6063=DIRECTION('',(0,0.9235725889753061,0.3834236206775089));
#6064=DIRECTION('',(0,0.8045805316618436,-0.5938435552152984));
#6065=DIRECTION('',(0,-0.8244281144689664,0.565966681062715));
#6066=FACE_SURFACE('',(#6071),#6067,.T.);
#6067=PLANE('',#6068);
#6068=AXIS2_PLACEMENT_3D('',#308,#6069,#6070);
#6069=DIRECTION('',(-1,0,0));
#6070=DIRECTION('',(0,0.7855790749558597,0.6187612762540137));
#6071=FACE_BOUND('',#6072,.T.);
#6072=EDGE_LOOP('',(#6073,#6074,#6075));
#6073=ORIENTED_EDGE('',*,*,#6076,.T.);
#6074=ORIENTED_EDGE('',*,*,#6077,.T.);
#6075=ORIENTED_EDGE('',*,*,#6078,.T.);
#6076=EDGE_CURVE('',#309,#311,#6079,.F.);
#6077=EDGE_CURVE('',#311,#273,#6080,.T.);
#6078=EDGE_CURVE('',#273,#309,#6081,.T.);
#6079=LINE('',#308,#6082);
#6080=LINE('',#310,#6083);
#6081=LINE('',#272,#6084);
#6082=VECTOR('',#6085,1.0);
#6083=VECTOR('',#6086,1.0);
#6084=VECTOR('',#6087,1.0);
#6085=DIRECTION('',(0,0.7855790749558597,0.6187612762540137));
#6086=DIRECTION('',(0,0.795056071028171,-0.6065359378645653));
#6087=DIRECTION('',(0,-0.8045805316618436,0.5938435552152984));
#6088=FACE_SURFACE('',(#6093),#6089,.T.);
#6089=PLANE('',#6090);
#6090=AXIS2_PLACEMENT_3D('',#310,#6091,#6092);
#6091=DIRECTION('',(-1,0,0));
#6092=DIRECTION('',(0,0.635223964964262,0.7723279836540186));
#6093=FACE_BOUND('',#6094,.T.);
#6094=EDGE_LOOP('',(#6095,#6096,#6097));
#6095=ORIENTED_EDGE('',*,*,#6098,.T.);
#6096=ORIENTED_EDGE('',*,*,#6099,.T.);
#6097=ORIENTED_EDGE('',*,*,#6100,.T.);
#6098=EDGE_CURVE('',#311,#313,#6101,.F.);
#6099=EDGE_CURVE('',#313,#273,#6102,.T.);
#6100=EDGE_CURVE('',#273,#311,#6103,.T.);
#6101=LINE('',#310,#6104);
#6102=LINE('',#312,#6105);
#6103=LINE('',#272,#6106);
#6104=VECTOR('',#6107,1.0);
#6105=VECTOR('',#6108,1.0);
#6106=VECTOR('',#6109,1.0);
#6107=DIRECTION('',(0,0.635223964964262,0.7723279836540186));
#6108=DIRECTION('',(0,0.774724345656154,-0.6322991287734343));
#6109=DIRECTION('',(0,-0.795056071028171,0.6065359378645653));
#6110=FACE_SURFACE('',(#6115),#6111,.T.);
#6111=PLANE('',#6112);
#6112=AXIS2_PLACEMENT_3D('',#312,#6113,#6114);
#6113=DIRECTION('',(-1,0,0));
#6114=DIRECTION('',(0,0.347324688242391,0.9377449338371953));
#6115=FACE_BOUND('',#6116,.T.);
#6116=EDGE_LOOP('',(#6117,#6118,#6119));
#6117=ORIENTED_EDGE('',*,*,#6120,.T.);
#6118=ORIENTED_EDGE('',*,*,#6121,.T.);
#6119=ORIENTED_EDGE('',*,*,#6122,.T.);
#6120=EDGE_CURVE('',#313,#315,#6123,.F.);
#6121=EDGE_CURVE('',#315,#273,#6124,.T.);
#6122=EDGE_CURVE('',#273,#313,#6125,.T.);
#6123=LINE('',#312,#6126);
#6124=LINE('',#314,#6127);
#6125=LINE('',#272,#6128);
#6126=VECTOR('',#6129,1.0);
#6127=VECTOR('',#6130,1.0);
#6128=VECTOR('',#6131,1.0);
#6129=DIRECTION('',(0,0.347324688242391,0.9377449338371953));
#6130=DIRECTION('',(0,0.7516242915209765,-0.6595914829616814));
#6131=DIRECTION('',(0,-0.774724345656154,0.6322991287734343));
#6132=FACE_SURFACE('',(#6137),#6133,.T.);
#6133=PLANE('',#6134);
#6134=AXIS2_PLACEMENT_3D('',#278,#6135,#6136);
#6135=DIRECTION('',(-1,0,-0));
#6136=DIRECTION('',(0,0,-1));
#6137=FACE_BOUND('',#6138,.T.);
#6138=EDGE_LOOP('',(#6139,#6140,#6141));
#6139=ORIENTED_EDGE('',*,*,#6142,.T.);
#6140=ORIENTED_EDGE('',*,*,#6143,.T.);
#6141=ORIENTED_EDGE('',*,*,#6144,.T.);
#6142=EDGE_CURVE('',#279,#273,#6145,.F.);
#6143=EDGE_CURVE('',#273,#315,#6146,.T.);
#6144=EDGE_CURVE('',#315,#279,#6147,.T.);
#6145=LINE('',#278,#6148);
#6146=LINE('',#272,#6149);
#6147=LINE('',#314,#6150);
#6148=VECTOR('',#6151,1.0);
#6149=VECTOR('',#6152,1.0);
#6150=VECTOR('',#6153,1.0);
#6151=DIRECTION('',(0,0,-1));
#6152=DIRECTION('',(0,-0.7516242915209765,0.6595914829616814));
#6153=DIRECTION('',(0,0.9671849199068704,0.25407347501213273));
#6154=FACE_SURFACE('',(#6159),#6155,.T.);
#6155=PLANE('',#6156);
#6156=AXIS2_PLACEMENT_3D('',#316,#6157,#6158);
#6157=DIRECTION('',(-1,0,-0));
#6158=DIRECTION('',(0,0.9735983182227514,0.22826807651055794));
#6159=FACE_BOUND('',#6160,.T.);
#6160=EDGE_LOOP('',(#6161,#6162,#6163));
#6161=ORIENTED_EDGE('',*,*,#6164,.T.);
#6162=ORIENTED_EDGE('',*,*,#6165,.T.);
#6163=ORIENTED_EDGE('',*,*,#6166,.T.);
#6164=EDGE_CURVE('',#317,#279,#6167,.F.);
#6165=EDGE_CURVE('',#279,#315,#6168,.T.);
#6166=EDGE_CURVE('',#315,#317,#6169,.T.);
#6167=LINE('',#316,#6170);
#6168=LINE('',#278,#6171);
#6169=LINE('',#314,#6172);
#6170=VECTOR('',#6173,1.0);
#6171=VECTOR('',#6174,1.0);
#6172=VECTOR('',#6175,1.0);
#6173=DIRECTION('',(0,0.9735983182227514,0.22826807651055794));
#6174=DIRECTION('',(0,-0.9671849199068704,-0.25407347501213273));
#6175=DIRECTION('',(0,0.07599564721407329,0.9971081494023174));
#6176=FACE_SURFACE('',(#6181),#6177,.T.);
#6177=PLANE('',#6178);
#6178=AXIS2_PLACEMENT_3D('',#278,#6179,#6180);
#6179=DIRECTION('',(-1,0,0));
#6180=DIRECTION('',(0,-0.9735983182227514,-0.22826807651055794));
#6181=FACE_BOUND('',#6182,.T.);
#6182=EDGE_LOOP('',(#6183,#6184,#6185));
#6183=ORIENTED_EDGE('',*,*,#6186,.T.);
#6184=ORIENTED_EDGE('',*,*,#6187,.T.);
#6185=ORIENTED_EDGE('',*,*,#6188,.T.);
#6186=EDGE_CURVE('',#279,#317,#6189,.F.);
#6187=EDGE_CURVE('',#317,#319,#6190,.T.);
#6188=EDGE_CURVE('',#319,#279,#6191,.T.);
#6189=LINE('',#278,#6192);
#6190=LINE('',#316,#6193);
#6191=LINE('',#318,#6194);
#6192=VECTOR('',#6195,1.0);
#6193=VECTOR('',#6196,1.0);
#6194=VECTOR('',#6197,1.0);
#6195=DIRECTION('',(0,-0.9735983182227514,-0.22826807651055794));
#6196=DIRECTION('',(0,-0.20128794456790713,0.9795321145177566));
#6197=DIRECTION('',(0,0.9836217187343244,0.18024515093098564));
#6198=FACE_SURFACE('',(#6203),#6199,.T.);
#6199=PLANE('',#6200);
#6200=AXIS2_PLACEMENT_3D('',#278,#6201,#6202);
#6201=DIRECTION('',(-1,0,0));
#6202=DIRECTION('',(0,-0.9836217187343244,-0.18024515093098564));
#6203=FACE_BOUND('',#6204,.T.);
#6204=EDGE_LOOP('',(#6205,#6206,#6207));
#6205=ORIENTED_EDGE('',*,*,#6208,.T.);
#6206=ORIENTED_EDGE('',*,*,#6209,.T.);
#6207=ORIENTED_EDGE('',*,*,#6210,.T.);
#6208=EDGE_CURVE('',#279,#319,#6211,.F.);
#6209=EDGE_CURVE('',#319,#321,#6212,.T.);
#6210=EDGE_CURVE('',#321,#279,#6213,.T.);
#6211=LINE('',#278,#6214);
#6212=LINE('',#318,#6215);
#6213=LINE('',#320,#6216);
#6214=VECTOR('',#6217,1.0);
#6215=VECTOR('',#6218,1.0);
#6216=VECTOR('',#6219,1.0);
#6217=DIRECTION('',(0,-0.9836217187343244,-0.18024515093098564));
#6218=DIRECTION('',(0,-0.58107012016467,0.813853497536145));
#6219=DIRECTION('',(0,0.9924540307242569,0.12261727814290992));
#6220=FACE_SURFACE('',(#6225),#6221,.T.);
#6221=PLANE('',#6222);
#6222=AXIS2_PLACEMENT_3D('',#278,#6223,#6224);
#6223=DIRECTION('',(-1,0,0));
#6224=DIRECTION('',(0,-0.9924540307242569,-0.12261727814290992));
#6225=FACE_BOUND('',#6226,.T.);
#6226=EDGE_LOOP('',(#6227,#6228,#6229));
#6227=ORIENTED_EDGE('',*,*,#6230,.T.);
#6228=ORIENTED_EDGE('',*,*,#6231,.T.);
#6229=ORIENTED_EDGE('',*,*,#6232,.T.);
#6230=EDGE_CURVE('',#279,#321,#6233,.F.);
#6231=EDGE_CURVE('',#321,#323,#6234,.T.);
#6232=EDGE_CURVE('',#323,#279,#6235,.T.);
#6233=LINE('',#278,#6236);
#6234=LINE('',#320,#6237);
#6235=LINE('',#322,#6238);
#6236=VECTOR('',#6239,1.0);
#6237=VECTOR('',#6240,1.0);
#6238=VECTOR('',#6241,1.0);
#6239=DIRECTION('',(0,-0.9924540307242569,-0.12261727814290992));
#6240=DIRECTION('',(0,-0.8743401748758766,0.48531356729234526));
#6241=DIRECTION('',(0,0.9957462959115935,0.09213747434318634));
#6242=FACE_SURFACE('',(#6247),#6243,.T.);
#6243=PLANE('',#6244);
#6244=AXIS2_PLACEMENT_3D('',#324,#6245,#6246);
#6245=DIRECTION('',(-1,0,0));
#6246=DIRECTION('',(0,0.995961314092616,0.08978341066650118));
#6247=FACE_BOUND('',#6248,.T.);
#6248=EDGE_LOOP('',(#6249,#6250,#6251));
#6249=ORIENTED_EDGE('',*,*,#6252,.T.);
#6250=ORIENTED_EDGE('',*,*,#6253,.T.);
#6251=ORIENTED_EDGE('',*,*,#6254,.T.);
#6252=EDGE_CURVE('',#325,#279,#6255,.F.);
#6253=EDGE_CURVE('',#279,#323,#6256,.T.);
#6254=EDGE_CURVE('',#323,#325,#6257,.T.);
#6255=LINE('',#324,#6258);
#6256=LINE('',#278,#6259);
#6257=LINE('',#322,#6260);
#6258=VECTOR('',#6261,1.0);
#6259=VECTOR('',#6262,1.0);
#6260=VECTOR('',#6263,1.0);
#6261=DIRECTION('',(0,0.995961314092616,0.08978341066650118));
#6262=DIRECTION('',(0,-0.9957462959115935,-0.09213747434318634));
#6263=DIRECTION('',(0,-0.9613268237126695,0.27541012692076167));
#6264=FACE_SURFACE('',(#6269),#6265,.T.);
#6265=PLANE('',#6266);
#6266=AXIS2_PLACEMENT_3D('',#278,#6267,#6268);
#6267=DIRECTION('',(-1,0,0));
#6268=DIRECTION('',(0,-0.995961314092616,-0.08978341066650118));
#6269=FACE_BOUND('',#6270,.T.);
#6270=EDGE_LOOP('',(#6271,#6272,#6273));
#6271=ORIENTED_EDGE('',*,*,#6274,.T.);
#6272=ORIENTED_EDGE('',*,*,#6275,.T.);
#6273=ORIENTED_EDGE('',*,*,#6276,.T.);
#6274=EDGE_CURVE('',#279,#325,#6277,.F.);
#6275=EDGE_CURVE('',#325,#327,#6278,.T.);
#6276=EDGE_CURVE('',#327,#279,#6279,.T.);
#6277=LINE('',#278,#6280);
#6278=LINE('',#324,#6281);
#6279=LINE('',#326,#6282);
#6280=VECTOR('',#6283,1.0);
#6281=VECTOR('',#6284,1.0);
#6282=VECTOR('',#6285,1.0);
#6283=DIRECTION('',(0,-0.995961314092616,-0.08978341066650118));
#6284=DIRECTION('',(0,-0.9741562268708186,0.22587528782230745));
#6285=DIRECTION('',(0,0.9961407327343017,0.0877703855954202));
#6286=FACE_SURFACE('',(#6291),#6287,.T.);
#6287=PLANE('',#6288);
#6288=AXIS2_PLACEMENT_3D('',#278,#6289,#6290);
#6289=DIRECTION('',(-1,0,0));
#6290=DIRECTION('',(0,-0.9961407327343017,-0.0877703855954202));
#6291=FACE_BOUND('',#6292,.T.);
#6292=EDGE_LOOP('',(#6293,#6294,#6295));
#6293=ORIENTED_EDGE('',*,*,#6296,.T.);
#6294=ORIENTED_EDGE('',*,*,#6297,.T.);
#6295=ORIENTED_EDGE('',*,*,#6298,.T.);
#6296=EDGE_CURVE('',#279,#327,#6299,.F.);
#6297=EDGE_CURVE('',#327,#275,#6300,.T.);
#6298=EDGE_CURVE('',#275,#279,#6301,.T.);
#6299=LINE('',#278,#6302);
#6300=LINE('',#326,#6303);
#6301=LINE('',#274,#6304);
#6302=VECTOR('',#6305,1.0);
#6303=VECTOR('',#6306,1.0);
#6304=VECTOR('',#6307,1.0);
#6305=DIRECTION('',(0,-0.9961407327343017,-0.0877703855954202));
#6306=DIRECTION('',(0,-0.994867422234382,0.10118701585043317));
#6307=DIRECTION('',(0,0.9965457582448796,0.08304547985373997));
#6308=FACE_SURFACE('',(#6313),#6309,.T.);
#6309=PLANE('',#6310);
#6310=AXIS2_PLACEMENT_3D('',#242,#6311,#6312);
#6311=DIRECTION('',(0,1,0));
#6312=DIRECTION('',(0,0,1));
#6313=FACE_BOUND('',#6314,.T.);
#6314=EDGE_LOOP('',(#6315,#6316,#6317));
#6315=ORIENTED_EDGE('',*,*,#6318,.T.);
#6316=ORIENTED_EDGE('',*,*,#6319,.T.);
#6317=ORIENTED_EDGE('',*,*,#6320,.T.);
#6318=EDGE_CURVE('',#243,#281,#6321,.F.);
#6319=EDGE_CURVE('',#281,#329,#6322,.T.);
#6320=EDGE_CURVE('',#329,#243,#6323,.T.);
#6321=LINE('',#242,#6324);
#6322=LINE('',#280,#6325);
#6323=LINE('',#328,#6326);
#6324=VECTOR('',#6327,1.0);
#6325=VECTOR('',#6328,1.0);
#6326=VECTOR('',#6329,1.0);
#6327=DIRECTION('',(0,0,1));
#6328=DIRECTION('',(1,0,0));
#6329=DIRECTION('',(-0.6742705547514933,0,-0.7384844067379577));
#6330=FACE_SURFACE('',(#6335),#6331,.T.);
#6331=PLANE('',#6332);
#6332=AXIS2_PLACEMENT_3D('',#328,#6333,#6334);
#6333=DIRECTION('',(-0,1,0));
#6334=DIRECTION('',(1,0,0));
#6335=FACE_BOUND('',#6336,.T.);
#6336=EDGE_LOOP('',(#6337,#6338,#6339));
#6337=ORIENTED_EDGE('',*,*,#6340,.T.);
#6338=ORIENTED_EDGE('',*,*,#6341,.T.);
#6339=ORIENTED_EDGE('',*,*,#6342,.T.);
#6340=EDGE_CURVE('',#329,#331,#6343,.F.);
#6341=EDGE_CURVE('',#331,#243,#6344,.T.);
#6342=EDGE_CURVE('',#243,#329,#6345,.T.);
#6343=LINE('',#328,#6346);
#6344=LINE('',#330,#6347);
#6345=LINE('',#242,#6348);
#6346=VECTOR('',#6349,1.0);
#6347=VECTOR('',#6350,1.0);
#6348=VECTOR('',#6351,1.0);
#6349=DIRECTION('',(1,0,0));
#6350=DIRECTION('',(-0.9410746493329302,0,-0.33819891245079803));
#6351=DIRECTION('',(0.6742705547514933,0,0.7384844067379577));
#6352=FACE_SURFACE('',(#6357),#6353,.T.);
#6353=PLANE('',#6354);
#6354=AXIS2_PLACEMENT_3D('',#242,#6355,#6356);
#6355=DIRECTION('',(0,1,0));
#6356=DIRECTION('',(0.9410746493329302,0,0.33819891245079803));
#6357=FACE_BOUND('',#6358,.T.);
#6358=EDGE_LOOP('',(#6359,#6360,#6361));
#6359=ORIENTED_EDGE('',*,*,#6362,.T.);
#6360=ORIENTED_EDGE('',*,*,#6363,.T.);
#6361=ORIENTED_EDGE('',*,*,#6364,.T.);
#6362=EDGE_CURVE('',#243,#331,#6365,.F.);
#6363=EDGE_CURVE('',#331,#231,#6366,.T.);
#6364=EDGE_CURVE('',#231,#243,#6367,.T.);
#6365=LINE('',#242,#6368);
#6366=LINE('',#330,#6369);
#6367=LINE('',#230,#6370);
#6368=VECTOR('',#6371,1.0);
#6369=VECTOR('',#6372,1.0);
#6370=VECTOR('',#6373,1.0);
#6371=DIRECTION('',(0.9410746493329302,0,0.33819891245079803));
#6372=DIRECTION('',(0.6742705547514933,0,-0.7384844067379577));
#6373=DIRECTION('',(-1,0,0));
#6374=FACE_SURFACE('',(#6379),#6375,.T.);
#6375=PLANE('',#6376);
#6376=AXIS2_PLACEMENT_3D('',#230,#6377,#6378);
#6377=DIRECTION('',(0,1,-0));
#6378=DIRECTION('',(-0.6742705547514933,0,0.7384844067379577));
#6379=FACE_BOUND('',#6380,.T.);
#6380=EDGE_LOOP('',(#6381,#6382,#6383));
#6381=ORIENTED_EDGE('',*,*,#6384,.T.);
#6382=ORIENTED_EDGE('',*,*,#6385,.T.);
#6383=ORIENTED_EDGE('',*,*,#6386,.T.);
#6384=EDGE_CURVE('',#231,#331,#6387,.F.);
#6385=EDGE_CURVE('',#331,#333,#6388,.T.);
#6386=EDGE_CURVE('',#333,#231,#6389,.T.);
#6387=LINE('',#230,#6390);
#6388=LINE('',#330,#6391);
#6389=LINE('',#332,#6392);
#6390=VECTOR('',#6393,1.0);
#6391=VECTOR('',#6394,1.0);
#6392=VECTOR('',#6395,1.0);
#6393=DIRECTION('',(-0.6742705547514933,0,0.7384844067379577));
#6394=DIRECTION('',(1,0,0));
#6395=DIRECTION('',(0,0,-1));
#6396=FACE_SURFACE('',(#6401),#6397,.T.);
#6397=PLANE('',#6398);
#6398=AXIS2_PLACEMENT_3D('',#230,#6399,#6400);
#6399=DIRECTION('',(1,0,-0));
#6400=DIRECTION('',(0,0,1));
#6401=FACE_BOUND('',#6402,.T.);
#6402=EDGE_LOOP('',(#6403,#6404,#6405));
#6403=ORIENTED_EDGE('',*,*,#6406,.T.);
#6404=ORIENTED_EDGE('',*,*,#6407,.T.);
#6405=ORIENTED_EDGE('',*,*,#6408,.T.);
#6406=EDGE_CURVE('',#231,#333,#6409,.F.);
#6407=EDGE_CURVE('',#333,#335,#6410,.T.);
#6408=EDGE_CURVE('',#335,#231,#6411,.T.);
#6409=LINE('',#230,#6412);
#6410=LINE('',#332,#6413);
#6411=LINE('',#334,#6414);
#6412=VECTOR('',#6415,1.0);
#6413=VECTOR('',#6416,1.0);
#6414=VECTOR('',#6417,1.0);
#6415=DIRECTION('',(0,0,1));
#6416=DIRECTION('',(0,-1,0));
#6417=DIRECTION('',(0,0.21242971161684074,-0.9771763492954513));
#6418=FACE_SURFACE('',(#6423),#6419,.T.);
#6419=PLANE('',#6420);
#6420=AXIS2_PLACEMENT_3D('',#334,#6421,#6422);
#6421=DIRECTION('',(1,0,0));
#6422=DIRECTION('',(0,-1,0));
#6423=FACE_BOUND('',#6424,.T.);
#6424=EDGE_LOOP('',(#6425,#6426,#6427));
#6425=ORIENTED_EDGE('',*,*,#6428,.T.);
#6426=ORIENTED_EDGE('',*,*,#6429,.T.);
#6427=ORIENTED_EDGE('',*,*,#6430,.T.);
#6428=EDGE_CURVE('',#335,#337,#6431,.F.);
#6429=EDGE_CURVE('',#337,#231,#6432,.T.);
#6430=EDGE_CURVE('',#231,#335,#6433,.T.);
#6431=LINE('',#334,#6434);
#6432=LINE('',#336,#6435);
#6433=LINE('',#230,#6436);
#6434=VECTOR('',#6437,1.0);
#6435=VECTOR('',#6438,1.0);
#6436=VECTOR('',#6439,1.0);
#6437=DIRECTION('',(0,-1,0));
#6438=DIRECTION('',(0,0.9834900679953243,-0.1809621124836697));
#6439=DIRECTION('',(0,-0.21242971161684074,0.9771763492954513));
#6440=FACE_SURFACE('',(#6445),#6441,.T.);
#6441=PLANE('',#6442);
#6442=AXIS2_PLACEMENT_3D('',#338,#6443,#6444);
#6443=DIRECTION('',(1,0,-0));
#6444=DIRECTION('',(0,0.9980238058226373,0.06283695577682644));
#6445=FACE_BOUND('',#6446,.T.);
#6446=EDGE_LOOP('',(#6447,#6448,#6449));
#6447=ORIENTED_EDGE('',*,*,#6450,.T.);
#6448=ORIENTED_EDGE('',*,*,#6451,.T.);
#6449=ORIENTED_EDGE('',*,*,#6452,.T.);
#6450=EDGE_CURVE('',#339,#341,#6453,.F.);
#6451=EDGE_CURVE('',#341,#343,#6454,.T.);
#6452=EDGE_CURVE('',#343,#339,#6455,.T.);
#6453=LINE('',#338,#6456);
#6454=LINE('',#340,#6457);
#6455=LINE('',#342,#6458);
#6456=VECTOR('',#6459,1.0);
#6457=VECTOR('',#6460,1.0);
#6458=VECTOR('',#6461,1.0);
#6459=DIRECTION('',(0,0.9980238058226373,0.06283695577682644));
#6460=DIRECTION('',(0,-0.9965654644880393,0.08280866494358363));
#6461=DIRECTION('',(0,0.9959194556420098,-0.09024653940026196));
#6462=FACE_SURFACE('',(#6467),#6463,.T.);
#6463=PLANE('',#6464);
#6464=AXIS2_PLACEMENT_3D('',#230,#6465,#6466);
#6465=DIRECTION('',(1,0,0));
#6466=DIRECTION('',(0,-0.9834900679953243,0.1809621124836697));
#6467=FACE_BOUND('',#6468,.T.);
#6468=EDGE_LOOP('',(#6469,#6470,#6471));
#6469=ORIENTED_EDGE('',*,*,#6472,.T.);
#6470=ORIENTED_EDGE('',*,*,#6473,.T.);
#6471=ORIENTED_EDGE('',*,*,#6474,.T.);
#6472=EDGE_CURVE('',#231,#337,#6475,.F.);
#6473=EDGE_CURVE('',#337,#213,#6476,.T.);
#6474=EDGE_CURVE('',#213,#231,#6477,.T.);
#6475=LINE('',#230,#6478);
#6476=LINE('',#336,#6479);
#6477=LINE('',#212,#6480);
#6478=VECTOR('',#6481,1.0);
#6479=VECTOR('',#6482,1.0);
#6480=VECTOR('',#6483,1.0);
#6481=DIRECTION('',(0,-0.9834900679953243,0.1809621124836697));
#6482=DIRECTION('',(0,-0.21242971161684074,-0.9771763492954513));
#6483=DIRECTION('',(0,1,0));
#6484=FACE_SURFACE('',(#6489),#6485,.T.);
#6485=PLANE('',#6486);
#6486=AXIS2_PLACEMENT_3D('',#336,#6487,#6488);
#6487=DIRECTION('',(1,0,0));
#6488=DIRECTION('',(0,-1,0));
#6489=FACE_BOUND('',#6490,.T.);
#6490=EDGE_LOOP('',(#6491,#6492,#6493));
#6491=ORIENTED_EDGE('',*,*,#6494,.T.);
#6492=ORIENTED_EDGE('',*,*,#6495,.T.);
#6493=ORIENTED_EDGE('',*,*,#6496,.T.);
#6494=EDGE_CURVE('',#337,#263,#6497,.F.);
#6495=EDGE_CURVE('',#263,#213,#6498,.T.);
#6496=EDGE_CURVE('',#213,#337,#6499,.T.);
#6497=LINE('',#336,#6500);
#6498=LINE('',#262,#6501);
#6499=LINE('',#212,#6502);
#6500=VECTOR('',#6503,1.0);
#6501=VECTOR('',#6504,1.0);
#6502=VECTOR('',#6505,1.0);
#6503=DIRECTION('',(0,-1,0));
#6504=DIRECTION('',(0,0,-1));
#6505=DIRECTION('',(0,0.21242971161684074,0.9771763492954513));
#6506=FACE_SURFACE('',(#6511),#6507,.T.);
#6507=PLANE('',#6508);
#6508=AXIS2_PLACEMENT_3D('',#344,#6509,#6510);
#6509=DIRECTION('',(1,0,0));
#6510=DIRECTION('',(0,-0.976656358515669,0.21480772186053526));
#6511=FACE_BOUND('',#6512,.T.);
#6512=EDGE_LOOP('',(#6513,#6514,#6515));
#6513=ORIENTED_EDGE('',*,*,#6516,.T.);
#6514=ORIENTED_EDGE('',*,*,#6517,.T.);
#6515=ORIENTED_EDGE('',*,*,#6518,.T.);
#6516=EDGE_CURVE('',#345,#343,#6519,.F.);
#6517=EDGE_CURVE('',#343,#347,#6520,.T.);
#6518=EDGE_CURVE('',#347,#345,#6521,.T.);
#6519=LINE('',#344,#6522);
#6520=LINE('',#342,#6523);
#6521=LINE('',#346,#6524);
#6522=VECTOR('',#6525,1.0);
#6523=VECTOR('',#6526,1.0);
#6524=VECTOR('',#6527,1.0);
#6525=DIRECTION('',(0,-0.976656358515669,0.21480772186053526));
#6526=DIRECTION('',(0,0.9735931768640508,-0.2282900040820125));
#6527=DIRECTION('',(0,0.07542588016687037,0.9971514110710834));
#6528=FACE_SURFACE('',(#6533),#6529,.T.);
#6529=PLANE('',#6530);
#6530=AXIS2_PLACEMENT_3D('',#348,#6531,#6532);
#6531=DIRECTION('',(1,0,0));
#6532=DIRECTION('',(0,-0.9869744643610091,0.16087699244857556));
#6533=FACE_BOUND('',#6534,.T.);
#6534=EDGE_LOOP('',(#6535,#6536,#6537));
#6535=ORIENTED_EDGE('',*,*,#6538,.T.);
#6536=ORIENTED_EDGE('',*,*,#6539,.T.);
#6537=ORIENTED_EDGE('',*,*,#6540,.T.);
#6538=EDGE_CURVE('',#349,#343,#6541,.F.);
#6539=EDGE_CURVE('',#343,#345,#6542,.T.);
#6540=EDGE_CURVE('',#345,#349,#6543,.T.);
#6541=LINE('',#348,#6544);
#6542=LINE('',#342,#6545);
#6543=LINE('',#344,#6546);
#6544=VECTOR('',#6547,1.0);
#6545=VECTOR('',#6548,1.0);
#6546=VECTOR('',#6549,1.0);
#6547=DIRECTION('',(0,-0.9869744643610091,0.16087699244857556));
#6548=DIRECTION('',(0,0.976656358515669,-0.21480772186053526));
#6549=DIRECTION('',(0,0.3209013990095178,0.9471126079372686));
#6550=FACE_SURFACE('',(#6555),#6551,.T.);
#6551=PLANE('',#6552);
#6552=AXIS2_PLACEMENT_3D('',#350,#6553,#6554);
#6553=DIRECTION('',(1,0,0));
#6554=DIRECTION('',(0,-0.9889281297443182,0.14839526340286208));
#6555=FACE_BOUND('',#6556,.T.);
#6556=EDGE_LOOP('',(#6557,#6558,#6559));
#6557=ORIENTED_EDGE('',*,*,#6560,.T.);
#6558=ORIENTED_EDGE('',*,*,#6561,.T.);
#6559=ORIENTED_EDGE('',*,*,#6562,.T.);
#6560=EDGE_CURVE('',#351,#343,#6563,.F.);
#6561=EDGE_CURVE('',#343,#349,#6564,.T.);
#6562=EDGE_CURVE('',#349,#351,#6565,.T.);
#6563=LINE('',#350,#6566);
#6564=LINE('',#342,#6567);
#6565=LINE('',#348,#6568);
#6566=VECTOR('',#6569,1.0);
#6567=VECTOR('',#6570,1.0);
#6568=VECTOR('',#6571,1.0);
#6569=DIRECTION('',(0,-0.9889281297443182,0.14839526340286208));
#6570=DIRECTION('',(0,0.9869744643610091,-0.16087699244857556));
#6571=DIRECTION('',(0,0.5464415211277128,0.8374972620776926));
#6572=FACE_SURFACE('',(#6577),#6573,.T.);
#6573=PLANE('',#6574);
#6574=AXIS2_PLACEMENT_3D('',#352,#6575,#6576);
#6575=DIRECTION('',(1,0,0));
#6576=DIRECTION('',(0,-0.9906157762385728,0.13667620080778475));
#6577=FACE_BOUND('',#6578,.T.);
#6578=EDGE_LOOP('',(#6579,#6580,#6581));
#6579=ORIENTED_EDGE('',*,*,#6582,.T.);
#6580=ORIENTED_EDGE('',*,*,#6583,.T.);
#6581=ORIENTED_EDGE('',*,*,#6584,.T.);
#6582=EDGE_CURVE('',#353,#343,#6585,.F.);
#6583=EDGE_CURVE('',#343,#351,#6586,.T.);
#6584=EDGE_CURVE('',#351,#353,#6587,.T.);
#6585=LINE('',#352,#6588);
#6586=LINE('',#342,#6589);
#6587=LINE('',#350,#6590);
#6588=VECTOR('',#6591,1.0);
#6589=VECTOR('',#6592,1.0);
#6590=VECTOR('',#6593,1.0);
#6591=DIRECTION('',(0,-0.9906157762385728,0.13667620080778475));
#6592=DIRECTION('',(0,0.9889281297443182,-0.14839526340286208));
#6593=DIRECTION('',(0,0.6276356740574474,0.7785072001275606));
#6594=FACE_SURFACE('',(#6599),#6595,.T.);
#6595=PLANE('',#6596);
#6596=AXIS2_PLACEMENT_3D('',#354,#6597,#6598);
#6597=DIRECTION('',(1,0,0));
#6598=DIRECTION('',(0,-0.9920463215344586,0.12587333287853125));
#6599=FACE_BOUND('',#6600,.T.);
#6600=EDGE_LOOP('',(#6601,#6602,#6603));
#6601=ORIENTED_EDGE('',*,*,#6604,.T.);
#6602=ORIENTED_EDGE('',*,*,#6605,.T.);
#6603=ORIENTED_EDGE('',*,*,#6606,.T.);
#6604=EDGE_CURVE('',#355,#343,#6607,.F.);
#6605=EDGE_CURVE('',#343,#353,#6608,.T.);
#6606=EDGE_CURVE('',#353,#355,#6609,.T.);
#6607=LINE('',#354,#6610);
#6608=LINE('',#342,#6611);
#6609=LINE('',#352,#6612);
#6610=VECTOR('',#6613,1.0);
#6611=VECTOR('',#6614,1.0);
#6612=VECTOR('',#6615,1.0);
#6613=DIRECTION('',(0,-0.9920463215344586,0.12587333287853125));
#6614=DIRECTION('',(0,0.9906157762385728,-0.13667620080778475));
#6615=DIRECTION('',(0,0.7026373413099934,0.7115481477713393));
#6616=FACE_SURFACE('',(#6621),#6617,.T.);
#6617=PLANE('',#6618);
#6618=AXIS2_PLACEMENT_3D('',#356,#6619,#6620);
#6619=DIRECTION('',(1,0,0));
#6620=DIRECTION('',(0,-0.9929633929768427,0.11842170496963969));
#6621=FACE_BOUND('',#6622,.T.);
#6622=EDGE_LOOP('',(#6623,#6624,#6625));
#6623=ORIENTED_EDGE('',*,*,#6626,.T.);
#6624=ORIENTED_EDGE('',*,*,#6627,.T.);
#6625=ORIENTED_EDGE('',*,*,#6628,.T.);
#6626=EDGE_CURVE('',#357,#343,#6629,.F.);
#6627=EDGE_CURVE('',#343,#355,#6630,.T.);
#6628=EDGE_CURVE('',#355,#357,#6631,.T.);
#6629=LINE('',#356,#6632);
#6630=LINE('',#342,#6633);
#6631=LINE('',#354,#6634);
#6632=VECTOR('',#6635,1.0);
#6633=VECTOR('',#6636,1.0);
#6634=VECTOR('',#6637,1.0);
#6635=DIRECTION('',(0,-0.9929633929768427,0.11842170496963969));
#6636=DIRECTION('',(0,0.9920463215344586,-0.12587333287853125));
#6637=DIRECTION('',(0,0.7596519539442836,0.6503298462077779));
#6638=FACE_SURFACE('',(#6643),#6639,.T.);
#6639=PLANE('',#6640);
#6640=AXIS2_PLACEMENT_3D('',#338,#6641,#6642);
#6641=DIRECTION('',(1,0,0));
#6642=DIRECTION('',(0,-0.9959194556420098,0.09024653940026196));
#6643=FACE_BOUND('',#6644,.T.);
#6644=EDGE_LOOP('',(#6645,#6646,#6647));
#6645=ORIENTED_EDGE('',*,*,#6648,.T.);
#6646=ORIENTED_EDGE('',*,*,#6649,.T.);
#6647=ORIENTED_EDGE('',*,*,#6650,.T.);
#6648=EDGE_CURVE('',#339,#343,#6651,.F.);
#6649=EDGE_CURVE('',#343,#357,#6652,.T.);
#6650=EDGE_CURVE('',#357,#339,#6653,.T.);
#6651=LINE('',#338,#6654);
#6652=LINE('',#342,#6655);
#6653=LINE('',#356,#6656);
#6654=VECTOR('',#6657,1.0);
#6655=VECTOR('',#6658,1.0);
#6656=VECTOR('',#6659,1.0);
#6657=DIRECTION('',(0,-0.9959194556420098,0.09024653940026196));
#6658=DIRECTION('',(0,0.9929633929768427,-0.11842170496963969));
#6659=DIRECTION('',(0,0.8938496425334228,0.44836683256332904));
#6660=FACE_SURFACE('',(#6665),#6661,.T.);
#6661=PLANE('',#6662);
#6662=AXIS2_PLACEMENT_3D('',#358,#6663,#6664);
#6663=DIRECTION('',(1,0,0));
#6664=DIRECTION('',(0,-1,0));
#6665=FACE_BOUND('',#6666,.T.);
#6666=EDGE_LOOP('',(#6667,#6668,#6669));
#6667=ORIENTED_EDGE('',*,*,#6670,.T.);
#6668=ORIENTED_EDGE('',*,*,#6671,.T.);
#6669=ORIENTED_EDGE('',*,*,#6672,.T.);
#6670=EDGE_CURVE('',#359,#343,#6673,.F.);
#6671=EDGE_CURVE('',#343,#341,#6674,.T.);
#6672=EDGE_CURVE('',#341,#359,#6675,.T.);
#6673=LINE('',#358,#6676);
#6674=LINE('',#342,#6677);
#6675=LINE('',#340,#6678);
#6676=VECTOR('',#6679,1.0);
#6677=VECTOR('',#6680,1.0);
#6678=VECTOR('',#6681,1.0);
#6679=DIRECTION('',(0,-1,0));
#6680=DIRECTION('',(0,0.9965654644880393,-0.08280866494358363));
#6681=DIRECTION('',(0,0.9963219058285967,0.08568932235741432));
#6682=FACE_SURFACE('',(#6687),#6683,.T.);
#6683=PLANE('',#6684);
#6684=AXIS2_PLACEMENT_3D('',#358,#6685,#6686);
#6685=DIRECTION('',(1,0,0));
#6686=DIRECTION('',(0,-0.9963219058285967,-0.08568932235741432));
#6687=FACE_BOUND('',#6688,.T.);
#6688=EDGE_LOOP('',(#6689,#6690,#6691));
#6689=ORIENTED_EDGE('',*,*,#6692,.T.);
#6690=ORIENTED_EDGE('',*,*,#6693,.T.);
#6691=ORIENTED_EDGE('',*,*,#6694,.T.);
#6692=EDGE_CURVE('',#359,#341,#6695,.F.);
#6693=EDGE_CURVE('',#341,#361,#6696,.T.);
#6694=EDGE_CURVE('',#361,#359,#6697,.T.);
#6695=LINE('',#358,#6698);
#6696=LINE('',#340,#6699);
#6697=LINE('',#360,#6700);
#6698=VECTOR('',#6701,1.0);
#6699=VECTOR('',#6702,1.0);
#6700=VECTOR('',#6703,1.0);
#6701=DIRECTION('',(0,-0.9963219058285967,-0.08568932235741432));
#6702=DIRECTION('',(0,0.9384995060807002,-0.3452805773371593));
#6703=DIRECTION('',(0,0.9939825342281927,0.10953867649967185));
#6704=FACE_SURFACE('',(#6709),#6705,.T.);
#6705=PLANE('',#6706);
#6706=AXIS2_PLACEMENT_3D('',#358,#6707,#6708);
#6707=DIRECTION('',(1,0,0));
#6708=DIRECTION('',(0,-0.9939825342281927,-0.10953867649967185));
#6709=FACE_BOUND('',#6710,.T.);
#6710=EDGE_LOOP('',(#6711,#6712,#6713));
#6711=ORIENTED_EDGE('',*,*,#6714,.T.);
#6712=ORIENTED_EDGE('',*,*,#6715,.T.);
#6713=ORIENTED_EDGE('',*,*,#6716,.T.);
#6714=EDGE_CURVE('',#359,#361,#6717,.F.);
#6715=EDGE_CURVE('',#361,#363,#6718,.T.);
#6716=EDGE_CURVE('',#363,#359,#6719,.T.);
#6717=LINE('',#358,#6720);
#6718=LINE('',#360,#6721);
#6719=LINE('',#362,#6722);
#6720=VECTOR('',#6723,1.0);
#6721=VECTOR('',#6724,1.0);
#6722=VECTOR('',#6725,1.0);
#6723=DIRECTION('',(0,-0.9939825342281927,-0.10953867649967185));
#6724=DIRECTION('',(0,0.7203244566254161,-0.6936372807075027));
#6725=DIRECTION('',(0,0.9884661398794676,0.15144203614513577));
#6726=FACE_SURFACE('',(#6731),#6727,.T.);
#6727=PLANE('',#6728);
#6728=AXIS2_PLACEMENT_3D('',#362,#6729,#6730);
#6729=DIRECTION('',(1,-0,0));
#6730=DIRECTION('',(0,0.4371540889964017,-0.8993866256920469));
#6731=FACE_BOUND('',#6732,.T.);
#6732=EDGE_LOOP('',(#6733,#6734,#6735));
#6733=ORIENTED_EDGE('',*,*,#6736,.T.);
#6734=ORIENTED_EDGE('',*,*,#6737,.T.);
#6735=ORIENTED_EDGE('',*,*,#6738,.T.);
#6736=EDGE_CURVE('',#363,#365,#6739,.F.);
#6737=EDGE_CURVE('',#365,#359,#6740,.T.);
#6738=EDGE_CURVE('',#359,#363,#6741,.T.);
#6739=LINE('',#362,#6742);
#6740=LINE('',#364,#6743);
#6741=LINE('',#358,#6744);
#6742=VECTOR('',#6745,1.0);
#6743=VECTOR('',#6746,1.0);
#6744=VECTOR('',#6747,1.0);
#6745=DIRECTION('',(0,0.4371540889964017,-0.8993866256920469));
#6746=DIRECTION('',(0,0.9816220941528991,0.19083517566443775));
#6747=DIRECTION('',(0,-0.9884661398794676,-0.15144203614513577));
#6748=FACE_SURFACE('',(#6753),#6749,.T.);
#6749=PLANE('',#6750);
#6750=AXIS2_PLACEMENT_3D('',#364,#6751,#6752);
#6751=DIRECTION('',(1,-0,0));
#6752=DIRECTION('',(0,0.24870115838074114,-0.9685802671023591));
#6753=FACE_BOUND('',#6754,.T.);
#6754=EDGE_LOOP('',(#6755,#6756,#6757));
#6755=ORIENTED_EDGE('',*,*,#6758,.T.);
#6756=ORIENTED_EDGE('',*,*,#6759,.T.);
#6757=ORIENTED_EDGE('',*,*,#6760,.T.);
#6758=EDGE_CURVE('',#365,#367,#6761,.F.);
#6759=EDGE_CURVE('',#367,#359,#6762,.T.);
#6760=EDGE_CURVE('',#359,#365,#6763,.T.);
#6761=LINE('',#364,#6764);
#6762=LINE('',#366,#6765);
#6763=LINE('',#358,#6766);
#6764=VECTOR('',#6767,1.0);
#6765=VECTOR('',#6768,1.0);
#6766=VECTOR('',#6769,1.0);
#6767=DIRECTION('',(0,0.24870115838074114,-0.9685802671023591));
#6768=DIRECTION('',(0,0.9788575915207292,0.2045429429783321));
#6769=DIRECTION('',(0,-0.9816220941528991,-0.19083517566443775));
#6770=FACE_SURFACE('',(#6775),#6771,.T.);
#6771=PLANE('',#6772);
#6772=AXIS2_PLACEMENT_3D('',#366,#6773,#6774);
#6773=DIRECTION('',(1,-0,0));
#6774=DIRECTION('',(0,0.05025520218561113,-0.9987364089955284));
#6775=FACE_BOUND('',#6776,.T.);
#6776=EDGE_LOOP('',(#6777,#6778,#6779));
#6777=ORIENTED_EDGE('',*,*,#6780,.T.);
#6778=ORIENTED_EDGE('',*,*,#6781,.T.);
#6779=ORIENTED_EDGE('',*,*,#6782,.T.);
#6780=EDGE_CURVE('',#367,#369,#6783,.F.);
#6781=EDGE_CURVE('',#369,#359,#6784,.T.);
#6782=EDGE_CURVE('',#359,#367,#6785,.T.);
#6783=LINE('',#366,#6786);
#6784=LINE('',#368,#6787);
#6785=LINE('',#358,#6788);
#6786=VECTOR('',#6789,1.0);
#6787=VECTOR('',#6790,1.0);
#6788=VECTOR('',#6791,1.0);
#6789=DIRECTION('',(0,0.05025520218561113,-0.9987364089955284));
#6790=DIRECTION('',(0,0.9696317446951865,0.24456958044566468));
#6791=DIRECTION('',(0,-0.9788575915207292,-0.2045429429783321));
#6792=FACE_SURFACE('',(#6797),#6793,.T.);
#6793=PLANE('',#6794);
#6794=AXIS2_PLACEMENT_3D('',#368,#6795,#6796);
#6795=DIRECTION('',(1,-0,0));
#6796=DIRECTION('',(0,-0.1996242607211417,-0.9798725195307487));
#6797=FACE_BOUND('',#6798,.T.);
#6798=EDGE_LOOP('',(#6799,#6800,#6801));
#6799=ORIENTED_EDGE('',*,*,#6802,.T.);
#6800=ORIENTED_EDGE('',*,*,#6803,.T.);
#6801=ORIENTED_EDGE('',*,*,#6804,.T.);
#6802=EDGE_CURVE('',#369,#371,#6805,.F.);
#6803=EDGE_CURVE('',#371,#359,#6806,.T.);
#6804=EDGE_CURVE('',#359,#369,#6807,.T.);
#6805=LINE('',#368,#6808);
#6806=LINE('',#370,#6809);
#6807=LINE('',#358,#6810);
#6808=VECTOR('',#6811,1.0);
#6809=VECTOR('',#6812,1.0);
#6810=VECTOR('',#6813,1.0);
#6811=DIRECTION('',(0,-0.1996242607211417,-0.9798725195307487));
#6812=DIRECTION('',(0,0.9643113553032959,0.2647708632631632));
#6813=DIRECTION('',(0,-0.9696317446951865,-0.24456958044566468));
#6814=FACE_SURFACE('',(#6819),#6815,.T.);
#6815=PLANE('',#6816);
#6816=AXIS2_PLACEMENT_3D('',#372,#6817,#6818);
#6817=DIRECTION('',(1,-0,0));
#6818=DIRECTION('',(0,0.7761368180182695,-0.6305645404845374));
#6819=FACE_BOUND('',#6820,.T.);
#6820=EDGE_LOOP('',(#6821,#6822,#6823));
#6821=ORIENTED_EDGE('',*,*,#6824,.T.);
#6822=ORIENTED_EDGE('',*,*,#6825,.T.);
#6823=ORIENTED_EDGE('',*,*,#6826,.T.);
#6824=EDGE_CURVE('',#373,#335,#6827,.F.);
#6825=EDGE_CURVE('',#335,#371,#6828,.T.);
#6826=EDGE_CURVE('',#371,#373,#6829,.T.);
#6827=LINE('',#372,#6830);
#6828=LINE('',#334,#6831);
#6829=LINE('',#370,#6832);
#6830=VECTOR('',#6833,1.0);
#6831=VECTOR('',#6834,1.0);
#6832=VECTOR('',#6835,1.0);
#6833=DIRECTION('',(0,0.7761368180182695,-0.6305645404845374));
#6834=DIRECTION('',(0,-0.7574606683612501,0.6528807976083598));
#6835=DIRECTION('',(0,-0.3914219692011615,-0.9202113029226956));
#6836=FACE_SURFACE('',(#6841),#6837,.T.);
#6837=PLANE('',#6838);
#6838=AXIS2_PLACEMENT_3D('',#358,#6839,#6840);
#6839=DIRECTION('',(1,0,0));
#6840=DIRECTION('',(0,-0.9643113553032959,-0.2647708632631632));
#6841=FACE_BOUND('',#6842,.T.);
#6842=EDGE_LOOP('',(#6843,#6844,#6845));
#6843=ORIENTED_EDGE('',*,*,#6846,.T.);
#6844=ORIENTED_EDGE('',*,*,#6847,.T.);
#6845=ORIENTED_EDGE('',*,*,#6848,.T.);
#6846=EDGE_CURVE('',#359,#371,#6849,.F.);
#6847=EDGE_CURVE('',#371,#335,#6850,.T.);
#6848=EDGE_CURVE('',#335,#359,#6851,.T.);
#6849=LINE('',#358,#6852);
#6850=LINE('',#370,#6853);
#6851=LINE('',#334,#6854);
#6852=VECTOR('',#6855,1.0);
#6853=VECTOR('',#6856,1.0);
#6854=VECTOR('',#6857,1.0);
#6855=DIRECTION('',(0,-0.9643113553032959,-0.2647708632631632));
#6856=DIRECTION('',(0,0.7574606683612501,-0.6528807976083598));
#6857=DIRECTION('',(0,0,1));
#6858=FACE_SURFACE('',(#6863),#6859,.T.);
#6859=PLANE('',#6860);
#6860=AXIS2_PLACEMENT_3D('',#334,#6861,#6862);
#6861=DIRECTION('',(1,0,0));
#6862=DIRECTION('',(0,-0.7761368180182695,0.6305645404845374));
#6863=FACE_BOUND('',#6864,.T.);
#6864=EDGE_LOOP('',(#6865,#6866,#6867));
#6865=ORIENTED_EDGE('',*,*,#6868,.T.);
#6866=ORIENTED_EDGE('',*,*,#6869,.T.);
#6867=ORIENTED_EDGE('',*,*,#6870,.T.);
#6868=EDGE_CURVE('',#335,#373,#6871,.F.);
#6869=EDGE_CURVE('',#373,#375,#6872,.T.);
#6870=EDGE_CURVE('',#375,#335,#6873,.T.);
#6871=LINE('',#334,#6874);
#6872=LINE('',#372,#6875);
#6873=LINE('',#374,#6876);
#6874=VECTOR('',#6877,1.0);
#6875=VECTOR('',#6878,1.0);
#6876=VECTOR('',#6879,1.0);
#6877=DIRECTION('',(0,-0.7761368180182695,0.6305645404845374));
#6878=DIRECTION('',(0,-0.6845159125290506,-0.7289979187175509));
#6879=DIRECTION('',(0,0.8025706261607957,-0.5965571137987278));
#6880=FACE_SURFACE('',(#6885),#6881,.T.);
#6881=PLANE('',#6882);
#6882=AXIS2_PLACEMENT_3D('',#374,#6883,#6884);
#6883=DIRECTION('',(1,0,0));
#6884=DIRECTION('',(0,-0.9152419528355936,-0.40290466337545516));
#6885=FACE_BOUND('',#6886,.T.);
#6886=EDGE_LOOP('',(#6887,#6888,#6889));
#6887=ORIENTED_EDGE('',*,*,#6890,.T.);
#6888=ORIENTED_EDGE('',*,*,#6891,.T.);
#6889=ORIENTED_EDGE('',*,*,#6892,.T.);
#6890=EDGE_CURVE('',#375,#377,#6893,.F.);
#6891=EDGE_CURVE('',#377,#335,#6894,.T.);
#6892=EDGE_CURVE('',#335,#375,#6895,.T.);
#6893=LINE('',#374,#6896);
#6894=LINE('',#376,#6897);
#6895=LINE('',#334,#6898);
#6896=VECTOR('',#6899,1.0);
#6897=VECTOR('',#6900,1.0);
#6898=VECTOR('',#6901,1.0);
#6899=DIRECTION('',(0,-0.9152419528355936,-0.40290466337545516));
#6900=DIRECTION('',(0,0.8239376111376985,-0.5666805210634144));
#6901=DIRECTION('',(0,-0.8025706261607957,0.5965571137987278));
#6902=FACE_SURFACE('',(#6907),#6903,.T.);
#6903=PLANE('',#6904);
#6904=AXIS2_PLACEMENT_3D('',#378,#6905,#6906);
#6905=DIRECTION('',(1,0,0));
#6906=DIRECTION('',(0,-0.822826533835144,-0.5682926140790874));
#6907=FACE_BOUND('',#6908,.T.);
#6908=EDGE_LOOP('',(#6909,#6910,#6911));
#6909=ORIENTED_EDGE('',*,*,#6912,.T.);
#6910=ORIENTED_EDGE('',*,*,#6913,.T.);
#6911=ORIENTED_EDGE('',*,*,#6914,.T.);
#6912=EDGE_CURVE('',#379,#337,#6915,.F.);
#6913=EDGE_CURVE('',#337,#377,#6916,.T.);
#6914=EDGE_CURVE('',#377,#379,#6917,.T.);
#6915=LINE('',#378,#6918);
#6916=LINE('',#336,#6919);
#6917=LINE('',#376,#6920);
#6918=VECTOR('',#6921,1.0);
#6919=VECTOR('',#6922,1.0);
#6920=VECTOR('',#6923,1.0);
#6921=DIRECTION('',(0,-0.822826533835144,-0.5682926140790874));
#6922=DIRECTION('',(0,0.8375749691127357,0.5463224058335882));
#6923=DIRECTION('',(0,-0.9999217272444296,0.012511570026041597));
#6924=FACE_SURFACE('',(#6929),#6925,.T.);
#6925=PLANE('',#6926);
#6926=AXIS2_PLACEMENT_3D('',#334,#6927,#6928);
#6927=DIRECTION('',(1,0,0));
#6928=DIRECTION('',(0,-0.8239376111376985,0.5666805210634144));
#6929=FACE_BOUND('',#6930,.T.);
#6930=EDGE_LOOP('',(#6931,#6932,#6933));
#6931=ORIENTED_EDGE('',*,*,#6934,.T.);
#6932=ORIENTED_EDGE('',*,*,#6935,.T.);
#6933=ORIENTED_EDGE('',*,*,#6936,.T.);
#6934=EDGE_CURVE('',#335,#377,#6937,.F.);
#6935=EDGE_CURVE('',#377,#337,#6938,.T.);
#6936=EDGE_CURVE('',#337,#335,#6939,.T.);
#6937=LINE('',#334,#6940);
#6938=LINE('',#376,#6941);
#6939=LINE('',#336,#6942);
#6940=VECTOR('',#6943,1.0);
#6941=VECTOR('',#6944,1.0);
#6942=VECTOR('',#6945,1.0);
#6943=DIRECTION('',(0,-0.8239376111376985,0.5666805210634144));
#6944=DIRECTION('',(0,-0.8375749691127357,-0.5463224058335882));
#6945=DIRECTION('',(0,1,0));
#6946=FACE_SURFACE('',(#6951),#6947,.T.);
#6947=PLANE('',#6948);
#6948=AXIS2_PLACEMENT_3D('',#336,#6949,#6950);
#6949=DIRECTION('',(1,0,0));
#6950=DIRECTION('',(0,0.818051972106664,0.5751443044422834));
#6951=FACE_BOUND('',#6952,.T.);
#6952=EDGE_LOOP('',(#6953,#6954,#6955));
#6953=ORIENTED_EDGE('',*,*,#6956,.T.);
#6954=ORIENTED_EDGE('',*,*,#6957,.T.);
#6955=ORIENTED_EDGE('',*,*,#6958,.T.);
#6956=EDGE_CURVE('',#337,#381,#6959,.F.);
#6957=EDGE_CURVE('',#381,#383,#6960,.T.);
#6958=EDGE_CURVE('',#383,#337,#6961,.T.);
#6959=LINE('',#336,#6962);
#6960=LINE('',#380,#6963);
#6961=LINE('',#382,#6964);
#6962=VECTOR('',#6965,1.0);
#6963=VECTOR('',#6966,1.0);
#6964=VECTOR('',#6967,1.0);
#6965=DIRECTION('',(0,0.818051972106664,0.5751443044422834));
#6966=DIRECTION('',(0,-0.9250974856224156,0.3797296960932664));
#6967=DIRECTION('',(0,-0.8127934164125034,-0.5825520253475142));
#6968=FACE_SURFACE('',(#6973),#6969,.T.);
#6969=PLANE('',#6970);
#6970=AXIS2_PLACEMENT_3D('',#336,#6971,#6972);
#6971=DIRECTION('',(1,0,0));
#6972=DIRECTION('',(0,0.822826533835144,0.5682926140790874));
#6973=FACE_BOUND('',#6974,.T.);
#6974=EDGE_LOOP('',(#6975,#6976,#6977));
#6975=ORIENTED_EDGE('',*,*,#6978,.T.);
#6976=ORIENTED_EDGE('',*,*,#6979,.T.);
#6977=ORIENTED_EDGE('',*,*,#6980,.T.);
#6978=EDGE_CURVE('',#337,#379,#6981,.F.);
#6979=EDGE_CURVE('',#379,#381,#6982,.T.);
#6980=EDGE_CURVE('',#381,#337,#6983,.T.);
#6981=LINE('',#336,#6984);
#6982=LINE('',#378,#6985);
#6983=LINE('',#380,#6986);
#6984=VECTOR('',#6987,1.0);
#6985=VECTOR('',#6988,1.0);
#6986=VECTOR('',#6989,1.0);
#6987=DIRECTION('',(0,0.822826533835144,0.5682926140790874));
#6988=DIRECTION('',(0,-0.9585161668663545,0.2850381691209631));
#6989=DIRECTION('',(0,-0.818051972106664,-0.5751443044422834));
#6990=FACE_SURFACE('',(#6995),#6991,.T.);
#6991=PLANE('',#6992);
#6992=AXIS2_PLACEMENT_3D('',#336,#6993,#6994);
#6993=DIRECTION('',(1,0,0));
#6994=DIRECTION('',(0,0.8127934164125034,0.5825520253475142));
#6995=FACE_BOUND('',#6996,.T.);
#6996=EDGE_LOOP('',(#6997,#6998,#6999));
#6997=ORIENTED_EDGE('',*,*,#7000,.T.);
#6998=ORIENTED_EDGE('',*,*,#7001,.T.);
#6999=ORIENTED_EDGE('',*,*,#7002,.T.);
#7000=EDGE_CURVE('',#337,#383,#7003,.F.);
#7001=EDGE_CURVE('',#383,#385,#7004,.T.);
#7002=EDGE_CURVE('',#385,#337,#7005,.T.);
#7003=LINE('',#336,#7006);
#7004=LINE('',#382,#7007);
#7005=LINE('',#384,#7008);
#7006=VECTOR('',#7009,1.0);
#7007=VECTOR('',#7010,1.0);
#7008=VECTOR('',#7011,1.0);
#7009=DIRECTION('',(0,0.8127934164125034,0.5825520253475142));
#7010=DIRECTION('',(0,-0.8143035124218094,0.5804393074710774));
#7011=DIRECTION('',(0,-0.7913426229040097,-0.6113729247974614));
#7012=FACE_SURFACE('',(#7017),#7013,.T.);
#7013=PLANE('',#7014);
#7014=AXIS2_PLACEMENT_3D('',#336,#7015,#7016);
#7015=DIRECTION('',(1,0,0));
#7016=DIRECTION('',(0,0.7913426229040097,0.6113729247974614));
#7017=FACE_BOUND('',#7018,.T.);
#7018=EDGE_LOOP('',(#7019,#7020,#7021));
#7019=ORIENTED_EDGE('',*,*,#7022,.T.);
#7020=ORIENTED_EDGE('',*,*,#7023,.T.);
#7021=ORIENTED_EDGE('',*,*,#7024,.T.);
#7022=EDGE_CURVE('',#337,#385,#7025,.F.);
#7023=EDGE_CURVE('',#385,#387,#7026,.T.);
#7024=EDGE_CURVE('',#387,#337,#7027,.T.);
#7025=LINE('',#336,#7028);
#7026=LINE('',#384,#7029);
#7027=LINE('',#386,#7030);
#7028=VECTOR('',#7031,1.0);
#7029=VECTOR('',#7032,1.0);
#7030=VECTOR('',#7033,1.0);
#7031=DIRECTION('',(0,0.7913426229040097,0.6113729247974614));
#7032=DIRECTION('',(0,-0.6118890525118893,0.7909436057116224));
#7033=DIRECTION('',(0,-0.7744363557585549,-0.6326518243705689));
#7034=FACE_SURFACE('',(#7039),#7035,.T.);
#7035=PLANE('',#7036);
#7036=AXIS2_PLACEMENT_3D('',#386,#7037,#7038);
#7037=DIRECTION('',(1,0,0));
#7038=DIRECTION('',(0,-0.36821904095428876,0.9297390697817877));
#7039=FACE_BOUND('',#7040,.T.);
#7040=EDGE_LOOP('',(#7041,#7042,#7043));
#7041=ORIENTED_EDGE('',*,*,#7044,.T.);
#7042=ORIENTED_EDGE('',*,*,#7045,.T.);
#7043=ORIENTED_EDGE('',*,*,#7046,.T.);
#7044=EDGE_CURVE('',#387,#389,#7047,.F.);
#7045=EDGE_CURVE('',#389,#337,#7048,.T.);
#7046=EDGE_CURVE('',#337,#387,#7049,.T.);
#7047=LINE('',#386,#7050);
#7048=LINE('',#388,#7051);
#7049=LINE('',#336,#7052);
#7050=VECTOR('',#7053,1.0);
#7051=VECTOR('',#7054,1.0);
#7052=VECTOR('',#7055,1.0);
#7053=DIRECTION('',(0,-0.36821904095428876,0.9297390697817877));
#7054=DIRECTION('',(0,-0.7558807155946354,-0.6547093582591758));
#7055=DIRECTION('',(0,0.7744363557585549,0.6326518243705689));
#7056=FACE_SURFACE('',(#7061),#7057,.T.);
#7057=PLANE('',#7058);
#7058=AXIS2_PLACEMENT_3D('',#342,#7059,#7060);
#7059=DIRECTION('',(1,0,0));
#7060=DIRECTION('',(0,0,-1));
#7061=FACE_BOUND('',#7062,.T.);
#7062=EDGE_LOOP('',(#7063,#7064,#7065));
#7063=ORIENTED_EDGE('',*,*,#7066,.T.);
#7064=ORIENTED_EDGE('',*,*,#7067,.T.);
#7065=ORIENTED_EDGE('',*,*,#7068,.T.);
#7066=EDGE_CURVE('',#343,#337,#7069,.F.);
#7067=EDGE_CURVE('',#337,#389,#7070,.T.);
#7068=EDGE_CURVE('',#389,#343,#7071,.T.);
#7069=LINE('',#342,#7072);
#7070=LINE('',#336,#7073);
#7071=LINE('',#388,#7074);
#7072=VECTOR('',#7075,1.0);
#7073=VECTOR('',#7076,1.0);
#7074=VECTOR('',#7077,1.0);
#7075=DIRECTION('',(0,0,-1));
#7076=DIRECTION('',(0,0.7558807155946354,0.6547093582591758));
#7077=DIRECTION('',(0,-0.9650933554583545,0.2619061191536654));
#7078=FACE_SURFACE('',(#7083),#7079,.T.);
#7079=PLANE('',#7080);
#7080=AXIS2_PLACEMENT_3D('',#346,#7081,#7082);
#7081=DIRECTION('',(1,0,0));
#7082=DIRECTION('',(0,-0.9735931768640508,0.2282900040820125));
#7083=FACE_BOUND('',#7084,.T.);
#7084=EDGE_LOOP('',(#7085,#7086,#7087));
#7085=ORIENTED_EDGE('',*,*,#7088,.T.);
#7086=ORIENTED_EDGE('',*,*,#7089,.T.);
#7087=ORIENTED_EDGE('',*,*,#7090,.T.);
#7088=EDGE_CURVE('',#347,#343,#7091,.F.);
#7089=EDGE_CURVE('',#343,#389,#7092,.T.);
#7090=EDGE_CURVE('',#389,#347,#7093,.T.);
#7091=LINE('',#346,#7094);
#7092=LINE('',#342,#7095);
#7093=LINE('',#388,#7096);
#7094=VECTOR('',#7097,1.0);
#7095=VECTOR('',#7098,1.0);
#7096=VECTOR('',#7099,1.0);
#7097=DIRECTION('',(0,-0.9735931768640508,0.2282900040820125));
#7098=DIRECTION('',(0,0.9650933554583545,-0.2619061191536654));
#7099=DIRECTION('',(0,-0.11948302608914049,0.9928362435349456));
#7100=FACE_SURFACE('',(#7105),#7101,.T.);
#7101=PLANE('',#7102);
#7102=AXIS2_PLACEMENT_3D('',#226,#7103,#7104);
#7103=DIRECTION('',(0,-1,0));
#7104=DIRECTION('',(0.9805806978247512,0,-0.1961160244689962));
#7105=FACE_BOUND('',#7106,.T.);
#7106=EDGE_LOOP('',(#7107,#7108,#7109));
#7107=ORIENTED_EDGE('',*,*,#7110,.T.);
#7108=ORIENTED_EDGE('',*,*,#7111,.T.);
#7109=ORIENTED_EDGE('',*,*,#7112,.T.);
#7110=EDGE_CURVE('',#227,#391,#7113,.F.);
#7111=EDGE_CURVE('',#391,#229,#7114,.T.);
#7112=EDGE_CURVE('',#229,#227,#7115,.T.);
#7113=LINE('',#226,#7116);
#7114=LINE('',#390,#7117);
#7115=LINE('',#228,#7118);
#7116=VECTOR('',#7119,1.0);
#7117=VECTOR('',#7120,1.0);
#7118=VECTOR('',#7121,1.0);
#7119=DIRECTION('',(0.9805806978247512,0,-0.1961160244689962));
#7120=DIRECTION('',(0,0,1));
#7121=DIRECTION('',(-1,0,0));
#7122=FACE_SURFACE('',(#7127),#7123,.T.);
#7123=PLANE('',#7124);
#7124=AXIS2_PLACEMENT_3D('',#390,#7125,#7126);
#7125=DIRECTION('',(0,-1,0));
#7126=DIRECTION('',(-0.9805806978247512,0,0.1961160244689962));
#7127=FACE_BOUND('',#7128,.T.);
#7128=EDGE_LOOP('',(#7129,#7130,#7131));
#7129=ORIENTED_EDGE('',*,*,#7132,.T.);
#7130=ORIENTED_EDGE('',*,*,#7133,.T.);
#7131=ORIENTED_EDGE('',*,*,#7134,.T.);
#7132=EDGE_CURVE('',#391,#227,#7135,.F.);
#7133=EDGE_CURVE('',#227,#393,#7136,.T.);
#7134=EDGE_CURVE('',#393,#391,#7137,.T.);
#7135=LINE('',#390,#7138);
#7136=LINE('',#226,#7139);
#7137=LINE('',#392,#7140);
#7138=VECTOR('',#7141,1.0);
#7139=VECTOR('',#7142,1.0);
#7140=VECTOR('',#7143,1.0);
#7141=DIRECTION('',(-0.9805806978247512,0,0.1961160244689962));
#7142=DIRECTION('',(0,0,-1));
#7143=DIRECTION('',(1,0,0));
#7144=FACE_SURFACE('',(#7149),#7145,.T.);
#7145=PLANE('',#7146);
#7146=AXIS2_PLACEMENT_3D('',#228,#7147,#7148);
#7147=DIRECTION('',(1,0,0));
#7148=DIRECTION('',(0,0,-1));
#7149=FACE_BOUND('',#7150,.T.);
#7150=EDGE_LOOP('',(#7151,#7152,#7153));
#7151=ORIENTED_EDGE('',*,*,#7154,.T.);
#7152=ORIENTED_EDGE('',*,*,#7155,.T.);
#7153=ORIENTED_EDGE('',*,*,#7156,.T.);
#7154=EDGE_CURVE('',#229,#391,#7157,.F.);
#7155=EDGE_CURVE('',#391,#395,#7158,.T.);
#7156=EDGE_CURVE('',#395,#229,#7159,.T.);
#7157=LINE('',#228,#7160);
#7158=LINE('',#390,#7161);
#7159=LINE('',#394,#7162);
#7160=VECTOR('',#7163,1.0);
#7161=VECTOR('',#7164,1.0);
#7162=VECTOR('',#7165,1.0);
#7163=DIRECTION('',(0,0,-1));
#7164=DIRECTION('',(0,1,0));
#7165=DIRECTION('',(0,-0.6097109856542536,0.7926238161779638));
#7166=FACE_SURFACE('',(#7171),#7167,.T.);
#7167=PLANE('',#7168);
#7168=AXIS2_PLACEMENT_3D('',#228,#7169,#7170);
#7169=DIRECTION('',(1,-0,0));
#7170=DIRECTION('',(0,0.6097109856542536,-0.7926238161779638));
#7171=FACE_BOUND('',#7172,.T.);
#7172=EDGE_LOOP('',(#7173,#7174,#7175));
#7173=ORIENTED_EDGE('',*,*,#7176,.T.);
#7174=ORIENTED_EDGE('',*,*,#7177,.T.);
#7175=ORIENTED_EDGE('',*,*,#7178,.T.);
#7176=EDGE_CURVE('',#229,#395,#7179,.F.);
#7177=EDGE_CURVE('',#395,#247,#7180,.T.);
#7178=EDGE_CURVE('',#247,#229,#7181,.T.);
#7179=LINE('',#228,#7182);
#7180=LINE('',#394,#7183);
#7181=LINE('',#246,#7184);
#7182=VECTOR('',#7185,1.0);
#7183=VECTOR('',#7186,1.0);
#7184=VECTOR('',#7187,1.0);
#7185=DIRECTION('',(0,0.6097109856542536,-0.7926238161779638));
#7186=DIRECTION('',(0,0,1));
#7187=DIRECTION('',(0,-1,0));
#7188=FACE_SURFACE('',(#7193),#7189,.T.);
#7189=PLANE('',#7190);
#7190=AXIS2_PLACEMENT_3D('',#252,#7191,#7192);
#7191=DIRECTION('',(0,1,0));
#7192=DIRECTION('',(-1,0,0));
#7193=FACE_BOUND('',#7194,.T.);
#7194=EDGE_LOOP('',(#7195,#7196,#7197));
#7195=ORIENTED_EDGE('',*,*,#7198,.T.);
#7196=ORIENTED_EDGE('',*,*,#7199,.T.);
#7197=ORIENTED_EDGE('',*,*,#7200,.T.);
#7198=EDGE_CURVE('',#253,#241,#7201,.F.);
#7199=EDGE_CURVE('',#241,#397,#7202,.T.);
#7200=EDGE_CURVE('',#397,#253,#7203,.T.);
#7201=LINE('',#252,#7204);
#7202=LINE('',#240,#7205);
#7203=LINE('',#396,#7206);
#7204=VECTOR('',#7207,1.0);
#7205=VECTOR('',#7208,1.0);
#7206=VECTOR('',#7209,1.0);
#7207=DIRECTION('',(-1,0,0));
#7208=DIRECTION('',(0,0,1));
#7209=DIRECTION('',(0.3363360718889215,0,-0.9417420277052152));
#7210=FACE_SURFACE('',(#7215),#7211,.T.);
#7211=PLANE('',#7212);
#7212=AXIS2_PLACEMENT_3D('',#238,#7213,#7214);
#7213=DIRECTION('',(0,1,-0));
#7214=DIRECTION('',(-1,0,0));
#7215=FACE_BOUND('',#7216,.T.);
#7216=EDGE_LOOP('',(#7217,#7218,#7219));
#7217=ORIENTED_EDGE('',*,*,#7220,.T.);
#7218=ORIENTED_EDGE('',*,*,#7221,.T.);
#7219=ORIENTED_EDGE('',*,*,#7222,.T.);
#7220=EDGE_CURVE('',#239,#247,#7223,.F.);
#7221=EDGE_CURVE('',#247,#399,#7224,.T.);
#7222=EDGE_CURVE('',#399,#239,#7225,.T.);
#7223=LINE('',#238,#7226);
#7224=LINE('',#246,#7227);
#7225=LINE('',#398,#7228);
#7226=VECTOR('',#7229,1.0);
#7227=VECTOR('',#7230,1.0);
#7228=VECTOR('',#7231,1.0);
#7229=DIRECTION('',(-1,0,0));
#7230=DIRECTION('',(0.3363360718889215,0,0.9417420277052152));
#7231=DIRECTION('',(0,0,-1));
#7232=FACE_SURFACE('',(#7237),#7233,.T.);
#7233=PLANE('',#7234);
#7234=AXIS2_PLACEMENT_3D('',#252,#7235,#7236);
#7235=DIRECTION('',(-0,1,0));
#7236=DIRECTION('',(1,0,0));
#7237=FACE_BOUND('',#7238,.T.);
#7238=EDGE_LOOP('',(#7239,#7240,#7241));
#7239=ORIENTED_EDGE('',*,*,#7242,.T.);
#7240=ORIENTED_EDGE('',*,*,#7243,.T.);
#7241=ORIENTED_EDGE('',*,*,#7244,.T.);
#7242=EDGE_CURVE('',#253,#247,#7245,.F.);
#7243=EDGE_CURVE('',#247,#401,#7246,.T.);
#7244=EDGE_CURVE('',#401,#253,#7247,.T.);
#7245=LINE('',#252,#7248);
#7246=LINE('',#246,#7249);
#7247=LINE('',#400,#7250);
#7248=VECTOR('',#7251,1.0);
#7249=VECTOR('',#7252,1.0);
#7250=VECTOR('',#7253,1.0);
#7251=DIRECTION('',(1,0,0));
#7252=DIRECTION('',(-0.9805806978247512,0,-0.1961160244689962));
#7253=DIRECTION('',(0,0,1));
#7254=FACE_SURFACE('',(#7259),#7255,.T.);
#7255=PLANE('',#7256);
#7256=AXIS2_PLACEMENT_3D('',#396,#7257,#7258);
#7257=DIRECTION('',(-0,1,0));
#7258=DIRECTION('',(1,0,0));
#7259=FACE_BOUND('',#7260,.T.);
#7260=EDGE_LOOP('',(#7261,#7262,#7263));
#7261=ORIENTED_EDGE('',*,*,#7264,.T.);
#7262=ORIENTED_EDGE('',*,*,#7265,.T.);
#7263=ORIENTED_EDGE('',*,*,#7266,.T.);
#7264=EDGE_CURVE('',#397,#399,#7267,.F.);
#7265=EDGE_CURVE('',#399,#253,#7268,.T.);
#7266=EDGE_CURVE('',#253,#397,#7269,.T.);
#7267=LINE('',#396,#7270);
#7268=LINE('',#398,#7271);
#7269=LINE('',#252,#7272);
#7270=VECTOR('',#7273,1.0);
#7271=VECTOR('',#7274,1.0);
#7272=VECTOR('',#7275,1.0);
#7273=DIRECTION('',(1,0,0));
#7274=DIRECTION('',(-0.9946657461947981,0,-0.10315063425275542));
#7275=DIRECTION('',(-0.3363360718889215,0,0.9417420277052152));
#7276=FACE_SURFACE('',(#7281),#7277,.T.);
#7277=PLANE('',#7278);
#7278=AXIS2_PLACEMENT_3D('',#252,#7279,#7280);
#7279=DIRECTION('',(0,1,0));
#7280=DIRECTION('',(0.9946657461947981,0,0.10315063425275542));
#7281=FACE_BOUND('',#7282,.T.);
#7282=EDGE_LOOP('',(#7283,#7284,#7285));
#7283=ORIENTED_EDGE('',*,*,#7286,.T.);
#7284=ORIENTED_EDGE('',*,*,#7287,.T.);
#7285=ORIENTED_EDGE('',*,*,#7288,.T.);
#7286=EDGE_CURVE('',#253,#399,#7289,.F.);
#7287=EDGE_CURVE('',#399,#247,#7290,.T.);
#7288=EDGE_CURVE('',#247,#253,#7291,.T.);
#7289=LINE('',#252,#7292);
#7290=LINE('',#398,#7293);
#7291=LINE('',#246,#7294);
#7292=VECTOR('',#7295,1.0);
#7293=VECTOR('',#7296,1.0);
#7294=VECTOR('',#7297,1.0);
#7295=DIRECTION('',(0.9946657461947981,0,0.10315063425275542));
#7296=DIRECTION('',(-0.3363360718889215,0,-0.9417420277052152));
#7297=DIRECTION('',(-1,0,0));
#7298=FACE_SURFACE('',(#7303),#7299,.T.);
#7299=PLANE('',#7300);
#7300=AXIS2_PLACEMENT_3D('',#246,#7301,#7302);
#7301=DIRECTION('',(0,1,0));
#7302=DIRECTION('',(0,0,-1));
#7303=FACE_BOUND('',#7304,.T.);
#7304=EDGE_LOOP('',(#7305,#7306,#7307));
#7305=ORIENTED_EDGE('',*,*,#7308,.T.);
#7306=ORIENTED_EDGE('',*,*,#7309,.T.);
#7307=ORIENTED_EDGE('',*,*,#7310,.T.);
#7308=EDGE_CURVE('',#247,#395,#7311,.F.);
#7309=EDGE_CURVE('',#395,#401,#7312,.T.);
#7310=EDGE_CURVE('',#401,#247,#7313,.T.);
#7311=LINE('',#246,#7314);
#7312=LINE('',#394,#7315);
#7313=LINE('',#400,#7316);
#7314=VECTOR('',#7317,1.0);
#7315=VECTOR('',#7318,1.0);
#7316=VECTOR('',#7319,1.0);
#7317=DIRECTION('',(0,0,-1));
#7318=DIRECTION('',(-1,0,0));
#7319=DIRECTION('',(0.9805806978247512,0,0.1961160244689962));
#7320=FACE_SURFACE('',(#7325),#7321,.T.);
#7321=PLANE('',#7322);
#7322=AXIS2_PLACEMENT_3D('',#238,#7323,#7324);
#7323=DIRECTION('',(-1,0,0));
#7324=DIRECTION('',(0,0,1));
#7325=FACE_BOUND('',#7326,.T.);
#7326=EDGE_LOOP('',(#7327,#7328,#7329));
#7327=ORIENTED_EDGE('',*,*,#7330,.T.);
#7328=ORIENTED_EDGE('',*,*,#7331,.T.);
#7329=ORIENTED_EDGE('',*,*,#7332,.T.);
#7330=EDGE_CURVE('',#239,#399,#7333,.F.);
#7331=EDGE_CURVE('',#399,#403,#7334,.T.);
#7332=EDGE_CURVE('',#403,#239,#7335,.T.);
#7333=LINE('',#238,#7336);
#7334=LINE('',#398,#7337);
#7335=LINE('',#402,#7338);
#7336=VECTOR('',#7339,1.0);
#7337=VECTOR('',#7340,1.0);
#7338=VECTOR('',#7341,1.0);
#7339=DIRECTION('',(0,0,1));
#7340=DIRECTION('',(0,1,0));
#7341=DIRECTION('',(0,-0.6507912030835118,-0.7592567483987978));
#7342=FACE_SURFACE('',(#7347),#7343,.T.);
#7343=PLANE('',#7344);
#7344=AXIS2_PLACEMENT_3D('',#238,#7345,#7346);
#7345=DIRECTION('',(-1,0,0));
#7346=DIRECTION('',(0,0.6507912030835118,0.7592567483987978));
#7347=FACE_BOUND('',#7348,.T.);
#7348=EDGE_LOOP('',(#7349,#7350,#7351));
#7349=ORIENTED_EDGE('',*,*,#7352,.T.);
#7350=ORIENTED_EDGE('',*,*,#7353,.T.);
#7351=ORIENTED_EDGE('',*,*,#7354,.T.);
#7352=EDGE_CURVE('',#239,#403,#7355,.F.);
#7353=EDGE_CURVE('',#403,#235,#7356,.T.);
#7354=EDGE_CURVE('',#235,#239,#7357,.T.);
#7355=LINE('',#238,#7358);
#7356=LINE('',#402,#7359);
#7357=LINE('',#234,#7360);
#7358=VECTOR('',#7361,1.0);
#7359=VECTOR('',#7362,1.0);
#7360=VECTOR('',#7363,1.0);
#7361=DIRECTION('',(0,0.6507912030835118,0.7592567483987978));
#7362=DIRECTION('',(0,0,-1));
#7363=DIRECTION('',(0,-1,0));
#7364=FACE_SURFACE('',(#7369),#7365,.T.);
#7365=PLANE('',#7366);
#7366=AXIS2_PLACEMENT_3D('',#236,#7367,#7368);
#7367=DIRECTION('',(0,-1,0));
#7368=DIRECTION('',(1,0,0));
#7369=FACE_BOUND('',#7370,.T.);
#7370=EDGE_LOOP('',(#7371,#7372,#7373));
#7371=ORIENTED_EDGE('',*,*,#7374,.T.);
#7372=ORIENTED_EDGE('',*,*,#7375,.T.);
#7373=ORIENTED_EDGE('',*,*,#7376,.T.);
#7374=EDGE_CURVE('',#237,#235,#7377,.F.);
#7375=EDGE_CURVE('',#235,#403,#7378,.T.);
#7376=EDGE_CURVE('',#403,#237,#7379,.T.);
#7377=LINE('',#236,#7380);
#7378=LINE('',#234,#7381);
#7379=LINE('',#402,#7382);
#7380=VECTOR('',#7383,1.0);
#7381=VECTOR('',#7384,1.0);
#7382=VECTOR('',#7385,1.0);
#7383=DIRECTION('',(1,0,0));
#7384=DIRECTION('',(0,0,1));
#7385=DIRECTION('',(-0.3363360718889215,0,-0.9417420277052152));
#7386=FACE_SURFACE('',(#7391),#7387,.T.);
#7387=PLANE('',#7388);
#7388=AXIS2_PLACEMENT_3D('',#248,#7389,#7390);
#7389=DIRECTION('',(0,-1,0));
#7390=DIRECTION('',(1,0,0));
#7391=FACE_BOUND('',#7392,.T.);
#7392=EDGE_LOOP('',(#7393,#7394,#7395));
#7393=ORIENTED_EDGE('',*,*,#7396,.T.);
#7394=ORIENTED_EDGE('',*,*,#7397,.T.);
#7395=ORIENTED_EDGE('',*,*,#7398,.T.);
#7396=EDGE_CURVE('',#249,#251,#7399,.F.);
#7397=EDGE_CURVE('',#251,#405,#7400,.T.);
#7398=EDGE_CURVE('',#405,#249,#7401,.T.);
#7399=LINE('',#248,#7402);
#7400=LINE('',#250,#7403);
#7401=LINE('',#404,#7404);
#7402=VECTOR('',#7405,1.0);
#7403=VECTOR('',#7406,1.0);
#7404=VECTOR('',#7407,1.0);
#7405=DIRECTION('',(1,0,0));
#7406=DIRECTION('',(-0.3363360718889215,0,0.9417420277052152));
#7407=DIRECTION('',(0,0,-1));
#7408=FACE_SURFACE('',(#7413),#7409,.T.);
#7409=PLANE('',#7410);
#7410=AXIS2_PLACEMENT_3D('',#236,#7411,#7412);
#7411=DIRECTION('',(-0,-1,-0));
#7412=DIRECTION('',(-1,0,0));
#7413=FACE_BOUND('',#7414,.T.);
#7414=EDGE_LOOP('',(#7415,#7416,#7417));
#7415=ORIENTED_EDGE('',*,*,#7418,.T.);
#7416=ORIENTED_EDGE('',*,*,#7419,.T.);
#7417=ORIENTED_EDGE('',*,*,#7420,.T.);
#7418=EDGE_CURVE('',#237,#251,#7421,.F.);
#7419=EDGE_CURVE('',#251,#407,#7422,.T.);
#7420=EDGE_CURVE('',#407,#237,#7423,.T.);
#7421=LINE('',#236,#7424);
#7422=LINE('',#250,#7425);
#7423=LINE('',#406,#7426);
#7424=VECTOR('',#7427,1.0);
#7425=VECTOR('',#7428,1.0);
#7426=VECTOR('',#7429,1.0);
#7427=DIRECTION('',(-1,0,0));
#7428=DIRECTION('',(0.9805806978247512,0,-0.1961160244689962));
#7429=DIRECTION('',(0,0,1));
#7430=FACE_SURFACE('',(#7435),#7431,.T.);
#7431=PLANE('',#7432);
#7432=AXIS2_PLACEMENT_3D('',#402,#7433,#7434);
#7433=DIRECTION('',(-0,-1,0));
#7434=DIRECTION('',(-1,0,0));
#7435=FACE_BOUND('',#7436,.T.);
#7436=EDGE_LOOP('',(#7437,#7438,#7439));
#7437=ORIENTED_EDGE('',*,*,#7440,.T.);
#7438=ORIENTED_EDGE('',*,*,#7441,.T.);
#7439=ORIENTED_EDGE('',*,*,#7442,.T.);
#7440=EDGE_CURVE('',#403,#405,#7443,.F.);
#7441=EDGE_CURVE('',#405,#237,#7444,.T.);
#7442=EDGE_CURVE('',#237,#403,#7445,.T.);
#7443=LINE('',#402,#7446);
#7444=LINE('',#404,#7447);
#7445=LINE('',#236,#7448);
#7446=VECTOR('',#7449,1.0);
#7447=VECTOR('',#7450,1.0);
#7448=VECTOR('',#7451,1.0);
#7449=DIRECTION('',(-1,0,0));
#7450=DIRECTION('',(0.9946657461947981,0,-0.10315063425275542));
#7451=DIRECTION('',(0.3363360718889215,0,0.9417420277052152));
#7452=FACE_SURFACE('',(#7457),#7453,.T.);
#7453=PLANE('',#7454);
#7454=AXIS2_PLACEMENT_3D('',#236,#7455,#7456);
#7455=DIRECTION('',(0,-1,0));
#7456=DIRECTION('',(-0.9946657461947981,0,0.10315063425275542));
#7457=FACE_BOUND('',#7458,.T.);
#7458=EDGE_LOOP('',(#7459,#7460,#7461));
#7459=ORIENTED_EDGE('',*,*,#7462,.T.);
#7460=ORIENTED_EDGE('',*,*,#7463,.T.);
#7461=ORIENTED_EDGE('',*,*,#7464,.T.);
#7462=EDGE_CURVE('',#237,#405,#7465,.F.);
#7463=EDGE_CURVE('',#405,#251,#7466,.T.);
#7464=EDGE_CURVE('',#251,#237,#7467,.T.);
#7465=LINE('',#236,#7468);
#7466=LINE('',#404,#7469);
#7467=LINE('',#250,#7470);
#7468=VECTOR('',#7471,1.0);
#7469=VECTOR('',#7472,1.0);
#7470=VECTOR('',#7473,1.0);
#7471=DIRECTION('',(-0.9946657461947981,0,0.10315063425275542));
#7472=DIRECTION('',(0.3363360718889215,0,-0.9417420277052152));
#7473=DIRECTION('',(1,0,0));
#7474=FACE_SURFACE('',(#7479),#7475,.T.);
#7475=PLANE('',#7476);
#7476=AXIS2_PLACEMENT_3D('',#250,#7477,#7478);
#7477=DIRECTION('',(0,-1,0));
#7478=DIRECTION('',(0,0,-1));
#7479=FACE_BOUND('',#7480,.T.);
#7480=EDGE_LOOP('',(#7481,#7482,#7483));
#7481=ORIENTED_EDGE('',*,*,#7484,.T.);
#7482=ORIENTED_EDGE('',*,*,#7485,.T.);
#7483=ORIENTED_EDGE('',*,*,#7486,.T.);
#7484=EDGE_CURVE('',#251,#409,#7487,.F.);
#7485=EDGE_CURVE('',#409,#407,#7488,.T.);
#7486=EDGE_CURVE('',#407,#251,#7489,.T.);
#7487=LINE('',#250,#7490);
#7488=LINE('',#408,#7491);
#7489=LINE('',#406,#7492);
#7490=VECTOR('',#7493,1.0);
#7491=VECTOR('',#7494,1.0);
#7492=VECTOR('',#7495,1.0);
#7493=DIRECTION('',(0,0,-1));
#7494=DIRECTION('',(1,0,0));
#7495=DIRECTION('',(-0.9805806978247512,0,0.1961160244689962));
#7496=FACE_SURFACE('',(#7501),#7497,.T.);
#7497=PLANE('',#7498);
#7498=AXIS2_PLACEMENT_3D('',#236,#7499,#7500);
#7499=DIRECTION('',(1,0,0));
#7500=DIRECTION('',(0,0,-1));
#7501=FACE_BOUND('',#7502,.T.);
#7502=EDGE_LOOP('',(#7503,#7504,#7505));
#7503=ORIENTED_EDGE('',*,*,#7506,.T.);
#7504=ORIENTED_EDGE('',*,*,#7507,.T.);
#7505=ORIENTED_EDGE('',*,*,#7508,.T.);
#7506=EDGE_CURVE('',#237,#407,#7509,.F.);
#7507=EDGE_CURVE('',#407,#411,#7510,.T.);
#7508=EDGE_CURVE('',#411,#237,#7511,.T.);
#7509=LINE('',#236,#7512);
#7510=LINE('',#406,#7513);
#7511=LINE('',#410,#7514);
#7512=VECTOR('',#7515,1.0);
#7513=VECTOR('',#7516,1.0);
#7514=VECTOR('',#7517,1.0);
#7515=DIRECTION('',(0,0,-1));
#7516=DIRECTION('',(0,1,0));
#7517=DIRECTION('',(0,-0.6097109856542536,0.7926238161779638));
#7518=FACE_SURFACE('',(#7523),#7519,.T.);
#7519=PLANE('',#7520);
#7520=AXIS2_PLACEMENT_3D('',#236,#7521,#7522);
#7521=DIRECTION('',(1,-0,0));
#7522=DIRECTION('',(0,0.6097109856542536,-0.7926238161779638));
#7523=FACE_BOUND('',#7524,.T.);
#7524=EDGE_LOOP('',(#7525,#7526,#7527));
#7525=ORIENTED_EDGE('',*,*,#7528,.T.);
#7526=ORIENTED_EDGE('',*,*,#7529,.T.);
#7527=ORIENTED_EDGE('',*,*,#7530,.T.);
#7528=EDGE_CURVE('',#237,#411,#7531,.F.);
#7529=EDGE_CURVE('',#411,#233,#7532,.T.);
#7530=EDGE_CURVE('',#233,#237,#7533,.T.);
#7531=LINE('',#236,#7534);
#7532=LINE('',#410,#7535);
#7533=LINE('',#232,#7536);
#7534=VECTOR('',#7537,1.0);
#7535=VECTOR('',#7538,1.0);
#7536=VECTOR('',#7539,1.0);
#7537=DIRECTION('',(0,0.6097109856542536,-0.7926238161779638));
#7538=DIRECTION('',(0,0,1));
#7539=DIRECTION('',(0,-1,0));
#7540=FACE_SURFACE('',(#7545),#7541,.T.);
#7541=PLANE('',#7542);
#7542=AXIS2_PLACEMENT_3D('',#232,#7543,#7544);
#7543=DIRECTION('',(0,1,0));
#7544=DIRECTION('',(-0.9805806978247512,0,-0.1961160244689962));
#7545=FACE_BOUND('',#7546,.T.);
#7546=EDGE_LOOP('',(#7547,#7548,#7549));
#7547=ORIENTED_EDGE('',*,*,#7550,.T.);
#7548=ORIENTED_EDGE('',*,*,#7551,.T.);
#7549=ORIENTED_EDGE('',*,*,#7552,.T.);
#7550=EDGE_CURVE('',#233,#413,#7553,.F.);
#7551=EDGE_CURVE('',#413,#245,#7554,.T.);
#7552=EDGE_CURVE('',#245,#233,#7555,.T.);
#7553=LINE('',#232,#7556);
#7554=LINE('',#412,#7557);
#7555=LINE('',#244,#7558);
#7556=VECTOR('',#7559,1.0);
#7557=VECTOR('',#7560,1.0);
#7558=VECTOR('',#7561,1.0);
#7559=DIRECTION('',(-0.9805806978247512,0,-0.1961160244689962));
#7560=DIRECTION('',(0,0,1));
#7561=DIRECTION('',(1,0,0));
#7562=FACE_SURFACE('',(#7567),#7563,.T.);
#7563=PLANE('',#7564);
#7564=AXIS2_PLACEMENT_3D('',#412,#7565,#7566);
#7565=DIRECTION('',(0,1,0));
#7566=DIRECTION('',(0.9805806978247512,0,0.1961160244689962));
#7567=FACE_BOUND('',#7568,.T.);
#7568=EDGE_LOOP('',(#7569,#7570,#7571));
#7569=ORIENTED_EDGE('',*,*,#7572,.T.);
#7570=ORIENTED_EDGE('',*,*,#7573,.T.);
#7571=ORIENTED_EDGE('',*,*,#7574,.T.);
#7572=EDGE_CURVE('',#413,#233,#7575,.F.);
#7573=EDGE_CURVE('',#233,#411,#7576,.T.);
#7574=EDGE_CURVE('',#411,#413,#7577,.T.);
#7575=LINE('',#412,#7578);
#7576=LINE('',#232,#7579);
#7577=LINE('',#410,#7580);
#7578=VECTOR('',#7581,1.0);
#7579=VECTOR('',#7582,1.0);
#7580=VECTOR('',#7583,1.0);
#7581=DIRECTION('',(0.9805806978247512,0,0.1961160244689962));
#7582=DIRECTION('',(0,0,-1));
#7583=DIRECTION('',(-1,0,0));
#7584=FACE_SURFACE('',(#7589),#7585,.T.);
#7585=PLANE('',#7586);
#7586=AXIS2_PLACEMENT_3D('',#244,#7587,#7588);
#7587=DIRECTION('',(-1,0,-0));
#7588=DIRECTION('',(0,0,-1));
#7589=FACE_BOUND('',#7590,.T.);
#7590=EDGE_LOOP('',(#7591,#7592,#7593));
#7591=ORIENTED_EDGE('',*,*,#7594,.T.);
#7592=ORIENTED_EDGE('',*,*,#7595,.T.);
#7593=ORIENTED_EDGE('',*,*,#7596,.T.);
#7594=EDGE_CURVE('',#245,#413,#7597,.F.);
#7595=EDGE_CURVE('',#413,#409,#7598,.T.);
#7596=EDGE_CURVE('',#409,#245,#7599,.T.);
#7597=LINE('',#244,#7600);
#7598=LINE('',#412,#7601);
#7599=LINE('',#408,#7602);
#7600=VECTOR('',#7603,1.0);
#7601=VECTOR('',#7604,1.0);
#7602=VECTOR('',#7605,1.0);
#7603=DIRECTION('',(0,0,-1));
#7604=DIRECTION('',(0,-1,0));
#7605=DIRECTION('',(0,0.6097109856542536,0.7926238161779638));
#7606=FACE_SURFACE('',(#7611),#7607,.T.);
#7607=PLANE('',#7608);
#7608=AXIS2_PLACEMENT_3D('',#244,#7609,#7610);
#7609=DIRECTION('',(-1,-0,0));
#7610=DIRECTION('',(0,-0.6097109856542536,-0.7926238161779638));
#7611=FACE_BOUND('',#7612,.T.);
#7612=EDGE_LOOP('',(#7613,#7614,#7615));
#7613=ORIENTED_EDGE('',*,*,#7616,.T.);
#7614=ORIENTED_EDGE('',*,*,#7617,.T.);
#7615=ORIENTED_EDGE('',*,*,#7618,.T.);
#7616=EDGE_CURVE('',#245,#409,#7619,.F.);
#7617=EDGE_CURVE('',#409,#251,#7620,.T.);
#7618=EDGE_CURVE('',#251,#245,#7621,.T.);
#7619=LINE('',#244,#7622);
#7620=LINE('',#408,#7623);
#7621=LINE('',#250,#7624);
#7622=VECTOR('',#7625,1.0);
#7623=VECTOR('',#7626,1.0);
#7624=VECTOR('',#7627,1.0);
#7625=DIRECTION('',(0,-0.6097109856542536,-0.7926238161779638));
#7626=DIRECTION('',(0,0,1));
#7627=DIRECTION('',(0,1,0));
#7628=FACE_SURFACE('',(#7633),#7629,.T.);
#7629=PLANE('',#7630);
#7630=AXIS2_PLACEMENT_3D('',#248,#7631,#7632);
#7631=DIRECTION('',(1,0,-0));
#7632=DIRECTION('',(0,0,1));
#7633=FACE_BOUND('',#7634,.T.);
#7634=EDGE_LOOP('',(#7635,#7636,#7637));
#7635=ORIENTED_EDGE('',*,*,#7638,.T.);
#7636=ORIENTED_EDGE('',*,*,#7639,.T.);
#7637=ORIENTED_EDGE('',*,*,#7640,.T.);
#7638=EDGE_CURVE('',#249,#405,#7641,.F.);
#7639=EDGE_CURVE('',#405,#397,#7642,.T.);
#7640=EDGE_CURVE('',#397,#249,#7643,.T.);
#7641=LINE('',#248,#7644);
#7642=LINE('',#404,#7645);
#7643=LINE('',#396,#7646);
#7644=VECTOR('',#7647,1.0);
#7645=VECTOR('',#7648,1.0);
#7646=VECTOR('',#7649,1.0);
#7647=DIRECTION('',(0,0,1));
#7648=DIRECTION('',(0,-1,0));
#7649=DIRECTION('',(0,0.6507912030835118,-0.7592567483987978));
#7650=FACE_SURFACE('',(#7655),#7651,.T.);
#7651=PLANE('',#7652);
#7652=AXIS2_PLACEMENT_3D('',#248,#7653,#7654);
#7653=DIRECTION('',(1,0,0));
#7654=DIRECTION('',(0,-0.6507912030835118,0.7592567483987978));
#7655=FACE_BOUND('',#7656,.T.);
#7656=EDGE_LOOP('',(#7657,#7658,#7659));
#7657=ORIENTED_EDGE('',*,*,#7660,.T.);
#7658=ORIENTED_EDGE('',*,*,#7661,.T.);
#7659=ORIENTED_EDGE('',*,*,#7662,.T.);
#7660=EDGE_CURVE('',#249,#397,#7663,.F.);
#7661=EDGE_CURVE('',#397,#241,#7664,.T.);
#7662=EDGE_CURVE('',#241,#249,#7665,.T.);
#7663=LINE('',#248,#7666);
#7664=LINE('',#396,#7667);
#7665=LINE('',#240,#7668);
#7666=VECTOR('',#7669,1.0);
#7667=VECTOR('',#7670,1.0);
#7668=VECTOR('',#7671,1.0);
#7669=DIRECTION('',(0,-0.6507912030835118,0.7592567483987978));
#7670=DIRECTION('',(0,0,-1));
#7671=DIRECTION('',(0,1,0));
#7672=FACE_SURFACE('',(#7677),#7673,.T.);
#7673=PLANE('',#7674);
#7674=AXIS2_PLACEMENT_3D('',#252,#7675,#7676);
#7675=DIRECTION('',(-1,0,-0));
#7676=DIRECTION('',(0,0,-1));
#7677=FACE_BOUND('',#7678,.T.);
#7678=EDGE_LOOP('',(#7679,#7680,#7681));
#7679=ORIENTED_EDGE('',*,*,#7682,.T.);
#7680=ORIENTED_EDGE('',*,*,#7683,.T.);
#7681=ORIENTED_EDGE('',*,*,#7684,.T.);
#7682=EDGE_CURVE('',#253,#401,#7685,.F.);
#7683=EDGE_CURVE('',#401,#393,#7686,.T.);
#7684=EDGE_CURVE('',#393,#253,#7687,.T.);
#7685=LINE('',#252,#7688);
#7686=LINE('',#400,#7689);
#7687=LINE('',#392,#7690);
#7688=VECTOR('',#7691,1.0);
#7689=VECTOR('',#7692,1.0);
#7690=VECTOR('',#7693,1.0);
#7691=DIRECTION('',(0,0,-1));
#7692=DIRECTION('',(0,-1,0));
#7693=DIRECTION('',(0,0.6097109856542536,0.7926238161779638));
#7694=FACE_SURFACE('',(#7699),#7695,.T.);
#7695=PLANE('',#7696);
#7696=AXIS2_PLACEMENT_3D('',#252,#7697,#7698);
#7697=DIRECTION('',(-1,-0,0));
#7698=DIRECTION('',(0,-0.6097109856542536,-0.7926238161779638));
#7699=FACE_BOUND('',#7700,.T.);
#7700=EDGE_LOOP('',(#7701,#7702,#7703));
#7701=ORIENTED_EDGE('',*,*,#7704,.T.);
#7702=ORIENTED_EDGE('',*,*,#7705,.T.);
#7703=ORIENTED_EDGE('',*,*,#7706,.T.);
#7704=EDGE_CURVE('',#253,#393,#7707,.F.);
#7705=EDGE_CURVE('',#393,#227,#7708,.T.);
#7706=EDGE_CURVE('',#227,#253,#7709,.T.);
#7707=LINE('',#252,#7710);
#7708=LINE('',#392,#7711);
#7709=LINE('',#226,#7712);
#7710=VECTOR('',#7713,1.0);
#7711=VECTOR('',#7714,1.0);
#7712=VECTOR('',#7715,1.0);
#7713=DIRECTION('',(0,-0.6097109856542536,-0.7926238161779638));
#7714=DIRECTION('',(0,0,1));
#7715=DIRECTION('',(0,1,0));
#7716=FACE_SURFACE('',(#7721),#7717,.T.);
#7717=PLANE('',#7718);
#7718=AXIS2_PLACEMENT_3D('',#200,#7719,#7720);
#7719=DIRECTION('',(-0,-1,0));
#7720=DIRECTION('',(-1,0,0));
#7721=FACE_BOUND('',#7722,.T.);
#7722=EDGE_LOOP('',(#7723,#7724,#7725));
#7723=ORIENTED_EDGE('',*,*,#7726,.T.);
#7724=ORIENTED_EDGE('',*,*,#7727,.T.);
#7725=ORIENTED_EDGE('',*,*,#7728,.T.);
#7726=EDGE_CURVE('',#201,#199,#7729,.F.);
#7727=EDGE_CURVE('',#199,#257,#7730,.T.);
#7728=EDGE_CURVE('',#257,#201,#7731,.T.);
#7729=LINE('',#200,#7732);
#7730=LINE('',#198,#7733);
#7731=LINE('',#256,#7734);
#7732=VECTOR('',#7735,1.0);
#7733=VECTOR('',#7736,1.0);
#7734=VECTOR('',#7737,1.0);
#7735=DIRECTION('',(-1,0,0));
#7736=DIRECTION('',(0,0,-1));
#7737=DIRECTION('',(0.9805806978247512,0,0.1961160244689962));
#7738=FACE_SURFACE('',(#7743),#7739,.T.);
#7739=PLANE('',#7740);
#7740=AXIS2_PLACEMENT_3D('',#256,#7741,#7742);
#7741=DIRECTION('',(0,-1,0));
#7742=DIRECTION('',(1,0,0));
#7743=FACE_BOUND('',#7744,.T.);
#7744=EDGE_LOOP('',(#7745,#7746,#7747));
#7745=ORIENTED_EDGE('',*,*,#7748,.T.);
#7746=ORIENTED_EDGE('',*,*,#7749,.T.);
#7747=ORIENTED_EDGE('',*,*,#7750,.T.);
#7748=EDGE_CURVE('',#257,#255,#7751,.F.);
#7749=EDGE_CURVE('',#255,#201,#7752,.T.);
#7750=EDGE_CURVE('',#201,#257,#7753,.T.);
#7751=LINE('',#256,#7754);
#7752=LINE('',#254,#7755);
#7753=LINE('',#200,#7756);
#7754=VECTOR('',#7757,1.0);
#7755=VECTOR('',#7758,1.0);
#7756=VECTOR('',#7759,1.0);
#7757=DIRECTION('',(1,0,0));
#7758=DIRECTION('',(0,0,1));
#7759=DIRECTION('',(-0.9805806978247512,0,-0.1961160244689962));
#7760=FACE_SURFACE('',(#7765),#7761,.T.);
#7761=PLANE('',#7762);
#7762=AXIS2_PLACEMENT_3D('',#216,#7763,#7764);
#7763=DIRECTION('',(-0,1,0));
#7764=DIRECTION('',(1,0,0));
#7765=FACE_BOUND('',#7766,.T.);
#7766=EDGE_LOOP('',(#7767,#7768,#7769));
#7767=ORIENTED_EDGE('',*,*,#7770,.T.);
#7768=ORIENTED_EDGE('',*,*,#7771,.T.);
#7769=ORIENTED_EDGE('',*,*,#7772,.T.);
#7770=EDGE_CURVE('',#217,#215,#7773,.F.);
#7771=EDGE_CURVE('',#215,#261,#7774,.T.);
#7772=EDGE_CURVE('',#261,#217,#7775,.T.);
#7773=LINE('',#216,#7776);
#7774=LINE('',#214,#7777);
#7775=LINE('',#260,#7778);
#7776=VECTOR('',#7779,1.0);
#7777=VECTOR('',#7780,1.0);
#7778=VECTOR('',#7781,1.0);
#7779=DIRECTION('',(1,0,0));
#7780=DIRECTION('',(0,0,-1));
#7781=DIRECTION('',(-0.9805806978247512,0,0.1961160244689962));
#7782=FACE_SURFACE('',(#7787),#7783,.T.);
#7783=PLANE('',#7784);
#7784=AXIS2_PLACEMENT_3D('',#260,#7785,#7786);
#7785=DIRECTION('',(0,1,0));
#7786=DIRECTION('',(-1,0,0));
#7787=FACE_BOUND('',#7788,.T.);
#7788=EDGE_LOOP('',(#7789,#7790,#7791));
#7789=ORIENTED_EDGE('',*,*,#7792,.T.);
#7790=ORIENTED_EDGE('',*,*,#7793,.T.);
#7791=ORIENTED_EDGE('',*,*,#7794,.T.);
#7792=EDGE_CURVE('',#261,#259,#7795,.F.);
#7793=EDGE_CURVE('',#259,#217,#7796,.T.);
#7794=EDGE_CURVE('',#217,#261,#7797,.T.);
#7795=LINE('',#260,#7798);
#7796=LINE('',#258,#7799);
#7797=LINE('',#216,#7800);
#7798=VECTOR('',#7801,1.0);
#7799=VECTOR('',#7802,1.0);
#7800=VECTOR('',#7803,1.0);
#7801=DIRECTION('',(-1,0,0));
#7802=DIRECTION('',(0,0,1));
#7803=DIRECTION('',(0.9805806978247512,0,-0.1961160244689962));
#7804=FACE_SURFACE('',(#7809),#7805,.T.);
#7805=PLANE('',#7806);
#7806=AXIS2_PLACEMENT_3D('',#206,#7807,#7808);
#7807=DIRECTION('',(-0,-1,0));
#7808=DIRECTION('',(-1,0,0));
#7809=FACE_BOUND('',#7810,.T.);
#7810=EDGE_LOOP('',(#7811,#7812,#7813));
#7811=ORIENTED_EDGE('',*,*,#7814,.T.);
#7812=ORIENTED_EDGE('',*,*,#7815,.T.);
#7813=ORIENTED_EDGE('',*,*,#7816,.T.);
#7814=EDGE_CURVE('',#207,#205,#7817,.F.);
#7815=EDGE_CURVE('',#205,#415,#7818,.T.);
#7816=EDGE_CURVE('',#415,#207,#7819,.T.);
#7817=LINE('',#206,#7820);
#7818=LINE('',#204,#7821);
#7819=LINE('',#414,#7822);
#7820=VECTOR('',#7823,1.0);
#7821=VECTOR('',#7824,1.0);
#7822=VECTOR('',#7825,1.0);
#7823=DIRECTION('',(-1,0,0));
#7824=DIRECTION('',(0,0,-1));
#7825=DIRECTION('',(0.9805806978247512,0,0.1961160244689962));
#7826=FACE_SURFACE('',(#7831),#7827,.T.);
#7827=PLANE('',#7828);
#7828=AXIS2_PLACEMENT_3D('',#414,#7829,#7830);
#7829=DIRECTION('',(0,-1,0));
#7830=DIRECTION('',(1,0,0));
#7831=FACE_BOUND('',#7832,.T.);
#7832=EDGE_LOOP('',(#7833,#7834,#7835));
#7833=ORIENTED_EDGE('',*,*,#7836,.T.);
#7834=ORIENTED_EDGE('',*,*,#7837,.T.);
#7835=ORIENTED_EDGE('',*,*,#7838,.T.);
#7836=EDGE_CURVE('',#415,#417,#7839,.F.);
#7837=EDGE_CURVE('',#417,#207,#7840,.T.);
#7838=EDGE_CURVE('',#207,#415,#7841,.T.);
#7839=LINE('',#414,#7842);
#7840=LINE('',#416,#7843);
#7841=LINE('',#206,#7844);
#7842=VECTOR('',#7845,1.0);
#7843=VECTOR('',#7846,1.0);
#7844=VECTOR('',#7847,1.0);
#7845=DIRECTION('',(1,0,0));
#7846=DIRECTION('',(0,0,1));
#7847=DIRECTION('',(-0.9805806978247512,0,-0.1961160244689962));
#7848=FACE_SURFACE('',(#7853),#7849,.T.);
#7849=PLANE('',#7850);
#7850=AXIS2_PLACEMENT_3D('',#208,#7851,#7852);
#7851=DIRECTION('',(1,0,0));
#7852=DIRECTION('',(0,-0.6097109856542536,-0.7926238161779638));
#7853=FACE_BOUND('',#7854,.T.);
#7854=EDGE_LOOP('',(#7855,#7856,#7857));
#7855=ORIENTED_EDGE('',*,*,#7858,.T.);
#7856=ORIENTED_EDGE('',*,*,#7859,.T.);
#7857=ORIENTED_EDGE('',*,*,#7860,.T.);
#7858=EDGE_CURVE('',#209,#417,#7861,.F.);
#7859=EDGE_CURVE('',#417,#419,#7862,.T.);
#7860=EDGE_CURVE('',#419,#209,#7863,.T.);
#7861=LINE('',#208,#7864);
#7862=LINE('',#416,#7865);
#7863=LINE('',#418,#7866);
#7864=VECTOR('',#7867,1.0);
#7865=VECTOR('',#7868,1.0);
#7866=VECTOR('',#7869,1.0);
#7867=DIRECTION('',(0,-0.6097109856542536,-0.7926238161779638));
#7868=DIRECTION('',(0,1,0));
#7869=DIRECTION('',(0,0,1));
#7870=FACE_SURFACE('',(#7875),#7871,.T.);
#7871=PLANE('',#7872);
#7872=AXIS2_PLACEMENT_3D('',#208,#7873,#7874);
#7873=DIRECTION('',(1,0,0));
#7874=DIRECTION('',(0,-1,0));
#7875=FACE_BOUND('',#7876,.T.);
#7876=EDGE_LOOP('',(#7877,#7878,#7879));
#7877=ORIENTED_EDGE('',*,*,#7880,.T.);
#7878=ORIENTED_EDGE('',*,*,#7881,.T.);
#7879=ORIENTED_EDGE('',*,*,#7882,.T.);
#7880=EDGE_CURVE('',#209,#207,#7883,.F.);
#7881=EDGE_CURVE('',#207,#417,#7884,.T.);
#7882=EDGE_CURVE('',#417,#209,#7885,.T.);
#7883=LINE('',#208,#7886);
#7884=LINE('',#206,#7887);
#7885=LINE('',#416,#7888);
#7886=VECTOR('',#7889,1.0);
#7887=VECTOR('',#7890,1.0);
#7888=VECTOR('',#7891,1.0);
#7889=DIRECTION('',(0,-1,0));
#7890=DIRECTION('',(0,0,-1));
#7891=DIRECTION('',(0,0.6097109856542536,0.7926238161779638));
#7892=FACE_SURFACE('',(#7897),#7893,.T.);
#7893=PLANE('',#7894);
#7894=AXIS2_PLACEMENT_3D('',#224,#7895,#7896);
#7895=DIRECTION('',(0,1,0));
#7896=DIRECTION('',(-1,0,0));
#7897=FACE_BOUND('',#7898,.T.);
#7898=EDGE_LOOP('',(#7899,#7900,#7901));
#7899=ORIENTED_EDGE('',*,*,#7902,.T.);
#7900=ORIENTED_EDGE('',*,*,#7903,.T.);
#7901=ORIENTED_EDGE('',*,*,#7904,.T.);
#7902=EDGE_CURVE('',#225,#223,#7905,.F.);
#7903=EDGE_CURVE('',#223,#421,#7906,.T.);
#7904=EDGE_CURVE('',#421,#225,#7907,.T.);
#7905=LINE('',#224,#7908);
#7906=LINE('',#222,#7909);
#7907=LINE('',#420,#7910);
#7908=VECTOR('',#7911,1.0);
#7909=VECTOR('',#7912,1.0);
#7910=VECTOR('',#7913,1.0);
#7911=DIRECTION('',(-1,0,0));
#7912=DIRECTION('',(0,0,1));
#7913=DIRECTION('',(0.3363360718889215,0,-0.9417420277052152));
#7914=FACE_SURFACE('',(#7919),#7915,.T.);
#7915=PLANE('',#7916);
#7916=AXIS2_PLACEMENT_3D('',#210,#7917,#7918);
#7917=DIRECTION('',(0,1,-0));
#7918=DIRECTION('',(-1,0,0));
#7919=FACE_BOUND('',#7920,.T.);
#7920=EDGE_LOOP('',(#7921,#7922,#7923));
#7921=ORIENTED_EDGE('',*,*,#7924,.T.);
#7922=ORIENTED_EDGE('',*,*,#7925,.T.);
#7923=ORIENTED_EDGE('',*,*,#7926,.T.);
#7924=EDGE_CURVE('',#211,#209,#7927,.F.);
#7925=EDGE_CURVE('',#209,#423,#7928,.T.);
#7926=EDGE_CURVE('',#423,#211,#7929,.T.);
#7927=LINE('',#210,#7930);
#7928=LINE('',#208,#7931);
#7929=LINE('',#422,#7932);
#7930=VECTOR('',#7933,1.0);
#7931=VECTOR('',#7934,1.0);
#7932=VECTOR('',#7935,1.0);
#7933=DIRECTION('',(-1,0,0));
#7934=DIRECTION('',(0.3363360718889215,0,0.9417420277052152));
#7935=DIRECTION('',(0,0,-1));
#7936=FACE_SURFACE('',(#7941),#7937,.T.);
#7937=PLANE('',#7938);
#7938=AXIS2_PLACEMENT_3D('',#224,#7939,#7940);
#7939=DIRECTION('',(-0,1,0));
#7940=DIRECTION('',(1,0,0));
#7941=FACE_BOUND('',#7942,.T.);
#7942=EDGE_LOOP('',(#7943,#7944,#7945));
#7943=ORIENTED_EDGE('',*,*,#7946,.T.);
#7944=ORIENTED_EDGE('',*,*,#7947,.T.);
#7945=ORIENTED_EDGE('',*,*,#7948,.T.);
#7946=EDGE_CURVE('',#225,#209,#7949,.F.);
#7947=EDGE_CURVE('',#209,#425,#7950,.T.);
#7948=EDGE_CURVE('',#425,#225,#7951,.T.);
#7949=LINE('',#224,#7952);
#7950=LINE('',#208,#7953);
#7951=LINE('',#424,#7954);
#7952=VECTOR('',#7955,1.0);
#7953=VECTOR('',#7956,1.0);
#7954=VECTOR('',#7957,1.0);
#7955=DIRECTION('',(1,0,0));
#7956=DIRECTION('',(-0.9805806978247512,0,-0.1961160244689962));
#7957=DIRECTION('',(0,0,1));
#7958=FACE_SURFACE('',(#7963),#7959,.T.);
#7959=PLANE('',#7960);
#7960=AXIS2_PLACEMENT_3D('',#420,#7961,#7962);
#7961=DIRECTION('',(-0,1,0));
#7962=DIRECTION('',(1,0,0));
#7963=FACE_BOUND('',#7964,.T.);
#7964=EDGE_LOOP('',(#7965,#7966,#7967));
#7965=ORIENTED_EDGE('',*,*,#7968,.T.);
#7966=ORIENTED_EDGE('',*,*,#7969,.T.);
#7967=ORIENTED_EDGE('',*,*,#7970,.T.);
#7968=EDGE_CURVE('',#421,#423,#7971,.F.);
#7969=EDGE_CURVE('',#423,#225,#7972,.T.);
#7970=EDGE_CURVE('',#225,#421,#7973,.T.);
#7971=LINE('',#420,#7974);
#7972=LINE('',#422,#7975);
#7973=LINE('',#224,#7976);
#7974=VECTOR('',#7977,1.0);
#7975=VECTOR('',#7978,1.0);
#7976=VECTOR('',#7979,1.0);
#7977=DIRECTION('',(1,0,0));
#7978=DIRECTION('',(-0.9946657461947981,0,-0.10315063425275542));
#7979=DIRECTION('',(-0.3363360718889215,0,0.9417420277052152));
#7980=FACE_SURFACE('',(#7985),#7981,.T.);
#7981=PLANE('',#7982);
#7982=AXIS2_PLACEMENT_3D('',#224,#7983,#7984);
#7983=DIRECTION('',(0,1,0));
#7984=DIRECTION('',(0.9946657461947981,0,0.10315063425275542));
#7985=FACE_BOUND('',#7986,.T.);
#7986=EDGE_LOOP('',(#7987,#7988,#7989));
#7987=ORIENTED_EDGE('',*,*,#7990,.T.);
#7988=ORIENTED_EDGE('',*,*,#7991,.T.);
#7989=ORIENTED_EDGE('',*,*,#7992,.T.);
#7990=EDGE_CURVE('',#225,#423,#7993,.F.);
#7991=EDGE_CURVE('',#423,#209,#7994,.T.);
#7992=EDGE_CURVE('',#209,#225,#7995,.T.);
#7993=LINE('',#224,#7996);
#7994=LINE('',#422,#7997);
#7995=LINE('',#208,#7998);
#7996=VECTOR('',#7999,1.0);
#7997=VECTOR('',#8000,1.0);
#7998=VECTOR('',#8001,1.0);
#7999=DIRECTION('',(0.9946657461947981,0,0.10315063425275542));
#8000=DIRECTION('',(-0.3363360718889215,0,-0.9417420277052152));
#8001=DIRECTION('',(-1,0,0));
#8002=FACE_SURFACE('',(#8007),#8003,.T.);
#8003=PLANE('',#8004);
#8004=AXIS2_PLACEMENT_3D('',#208,#8005,#8006);
#8005=DIRECTION('',(0,1,0));
#8006=DIRECTION('',(0,0,-1));
#8007=FACE_BOUND('',#8008,.T.);
#8008=EDGE_LOOP('',(#8009,#8010,#8011));
#8009=ORIENTED_EDGE('',*,*,#8012,.T.);
#8010=ORIENTED_EDGE('',*,*,#8013,.T.);
#8011=ORIENTED_EDGE('',*,*,#8014,.T.);
#8012=EDGE_CURVE('',#209,#419,#8015,.F.);
#8013=EDGE_CURVE('',#419,#425,#8016,.T.);
#8014=EDGE_CURVE('',#425,#209,#8017,.T.);
#8015=LINE('',#208,#8018);
#8016=LINE('',#418,#8019);
#8017=LINE('',#424,#8020);
#8018=VECTOR('',#8021,1.0);
#8019=VECTOR('',#8022,1.0);
#8020=VECTOR('',#8023,1.0);
#8021=DIRECTION('',(0,0,-1));
#8022=DIRECTION('',(-1,0,0));
#8023=DIRECTION('',(0.9805806978247512,0,0.1961160244689962));
#8024=FACE_SURFACE('',(#8029),#8025,.T.);
#8025=PLANE('',#8026);
#8026=AXIS2_PLACEMENT_3D('',#210,#8027,#8028);
#8027=DIRECTION('',(-1,0,0));
#8028=DIRECTION('',(0,0,1));
#8029=FACE_BOUND('',#8030,.T.);
#8030=EDGE_LOOP('',(#8031,#8032,#8033));
#8031=ORIENTED_EDGE('',*,*,#8034,.T.);
#8032=ORIENTED_EDGE('',*,*,#8035,.T.);
#8033=ORIENTED_EDGE('',*,*,#8036,.T.);
#8034=EDGE_CURVE('',#211,#423,#8037,.F.);
#8035=EDGE_CURVE('',#423,#427,#8038,.T.);
#8036=EDGE_CURVE('',#427,#211,#8039,.T.);
#8037=LINE('',#210,#8040);
#8038=LINE('',#422,#8041);
#8039=LINE('',#426,#8042);
#8040=VECTOR('',#8043,1.0);
#8041=VECTOR('',#8044,1.0);
#8042=VECTOR('',#8045,1.0);
#8043=DIRECTION('',(0,0,1));
#8044=DIRECTION('',(0,1,0));
#8045=DIRECTION('',(0,-0.6507912030835118,-0.7592567483987978));
#8046=FACE_SURFACE('',(#8051),#8047,.T.);
#8047=PLANE('',#8048);
#8048=AXIS2_PLACEMENT_3D('',#210,#8049,#8050);
#8049=DIRECTION('',(-1,0,0));
#8050=DIRECTION('',(0,0.6507912030835118,0.7592567483987978));
#8051=FACE_BOUND('',#8052,.T.);
#8052=EDGE_LOOP('',(#8053,#8054,#8055));
#8053=ORIENTED_EDGE('',*,*,#8056,.T.);
#8054=ORIENTED_EDGE('',*,*,#8057,.T.);
#8055=ORIENTED_EDGE('',*,*,#8058,.T.);
#8056=EDGE_CURVE('',#211,#427,#8059,.F.);
#8057=EDGE_CURVE('',#427,#193,#8060,.T.);
#8058=EDGE_CURVE('',#193,#211,#8061,.T.);
#8059=LINE('',#210,#8062);
#8060=LINE('',#426,#8063);
#8061=LINE('',#192,#8064);
#8062=VECTOR('',#8065,1.0);
#8063=VECTOR('',#8066,1.0);
#8064=VECTOR('',#8067,1.0);
#8065=DIRECTION('',(0,0.6507912030835118,0.7592567483987978));
#8066=DIRECTION('',(0,0,-1));
#8067=DIRECTION('',(0,-1,0));
#8068=FACE_SURFACE('',(#8073),#8069,.T.);
#8069=PLANE('',#8070);
#8070=AXIS2_PLACEMENT_3D('',#194,#8071,#8072);
#8071=DIRECTION('',(0,-1,0));
#8072=DIRECTION('',(1,0,0));
#8073=FACE_BOUND('',#8074,.T.);
#8074=EDGE_LOOP('',(#8075,#8076,#8077));
#8075=ORIENTED_EDGE('',*,*,#8078,.T.);
#8076=ORIENTED_EDGE('',*,*,#8079,.T.);
#8077=ORIENTED_EDGE('',*,*,#8080,.T.);
#8078=EDGE_CURVE('',#195,#193,#8081,.F.);
#8079=EDGE_CURVE('',#193,#427,#8082,.T.);
#8080=EDGE_CURVE('',#427,#195,#8083,.T.);
#8081=LINE('',#194,#8084);
#8082=LINE('',#192,#8085);
#8083=LINE('',#426,#8086);
#8084=VECTOR('',#8087,1.0);
#8085=VECTOR('',#8088,1.0);
#8086=VECTOR('',#8089,1.0);
#8087=DIRECTION('',(1,0,0));
#8088=DIRECTION('',(0,0,1));
#8089=DIRECTION('',(-0.3363360718889215,0,-0.9417420277052152));
#8090=FACE_SURFACE('',(#8095),#8091,.T.);
#8091=PLANE('',#8092);
#8092=AXIS2_PLACEMENT_3D('',#220,#8093,#8094);
#8093=DIRECTION('',(0,-1,0));
#8094=DIRECTION('',(1,0,0));
#8095=FACE_BOUND('',#8096,.T.);
#8096=EDGE_LOOP('',(#8097,#8098,#8099));
#8097=ORIENTED_EDGE('',*,*,#8100,.T.);
#8098=ORIENTED_EDGE('',*,*,#8101,.T.);
#8099=ORIENTED_EDGE('',*,*,#8102,.T.);
#8100=EDGE_CURVE('',#221,#219,#8103,.F.);
#8101=EDGE_CURVE('',#219,#429,#8104,.T.);
#8102=EDGE_CURVE('',#429,#221,#8105,.T.);
#8103=LINE('',#220,#8106);
#8104=LINE('',#218,#8107);
#8105=LINE('',#428,#8108);
#8106=VECTOR('',#8109,1.0);
#8107=VECTOR('',#8110,1.0);
#8108=VECTOR('',#8111,1.0);
#8109=DIRECTION('',(1,0,0));
#8110=DIRECTION('',(-0.3363360718889215,0,0.9417420277052152));
#8111=DIRECTION('',(0,0,-1));
#8112=FACE_SURFACE('',(#8117),#8113,.T.);
#8113=PLANE('',#8114);
#8114=AXIS2_PLACEMENT_3D('',#194,#8115,#8116);
#8115=DIRECTION('',(-0,-1,-0));
#8116=DIRECTION('',(-1,0,0));
#8117=FACE_BOUND('',#8118,.T.);
#8118=EDGE_LOOP('',(#8119,#8120,#8121));
#8119=ORIENTED_EDGE('',*,*,#8122,.T.);
#8120=ORIENTED_EDGE('',*,*,#8123,.T.);
#8121=ORIENTED_EDGE('',*,*,#8124,.T.);
#8122=EDGE_CURVE('',#195,#219,#8125,.F.);
#8123=EDGE_CURVE('',#219,#431,#8126,.T.);
#8124=EDGE_CURVE('',#431,#195,#8127,.T.);
#8125=LINE('',#194,#8128);
#8126=LINE('',#218,#8129);
#8127=LINE('',#430,#8130);
#8128=VECTOR('',#8131,1.0);
#8129=VECTOR('',#8132,1.0);
#8130=VECTOR('',#8133,1.0);
#8131=DIRECTION('',(-1,0,0));
#8132=DIRECTION('',(0.9805806978247512,0,-0.1961160244689962));
#8133=DIRECTION('',(0,0,1));
#8134=FACE_SURFACE('',(#8139),#8135,.T.);
#8135=PLANE('',#8136);
#8136=AXIS2_PLACEMENT_3D('',#426,#8137,#8138);
#8137=DIRECTION('',(-0,-1,0));
#8138=DIRECTION('',(-1,0,0));
#8139=FACE_BOUND('',#8140,.T.);
#8140=EDGE_LOOP('',(#8141,#8142,#8143));
#8141=ORIENTED_EDGE('',*,*,#8144,.T.);
#8142=ORIENTED_EDGE('',*,*,#8145,.T.);
#8143=ORIENTED_EDGE('',*,*,#8146,.T.);
#8144=EDGE_CURVE('',#427,#429,#8147,.F.);
#8145=EDGE_CURVE('',#429,#195,#8148,.T.);
#8146=EDGE_CURVE('',#195,#427,#8149,.T.);
#8147=LINE('',#426,#8150);
#8148=LINE('',#428,#8151);
#8149=LINE('',#194,#8152);
#8150=VECTOR('',#8153,1.0);
#8151=VECTOR('',#8154,1.0);
#8152=VECTOR('',#8155,1.0);
#8153=DIRECTION('',(-1,0,0));
#8154=DIRECTION('',(0.9946657461947981,0,-0.10315063425275542));
#8155=DIRECTION('',(0.3363360718889215,0,0.9417420277052152));
#8156=FACE_SURFACE('',(#8161),#8157,.T.);
#8157=PLANE('',#8158);
#8158=AXIS2_PLACEMENT_3D('',#194,#8159,#8160);
#8159=DIRECTION('',(0,-1,0));
#8160=DIRECTION('',(-0.9946657461947981,0,0.10315063425275542));
#8161=FACE_BOUND('',#8162,.T.);
#8162=EDGE_LOOP('',(#8163,#8164,#8165));
#8163=ORIENTED_EDGE('',*,*,#8166,.T.);
#8164=ORIENTED_EDGE('',*,*,#8167,.T.);
#8165=ORIENTED_EDGE('',*,*,#8168,.T.);
#8166=EDGE_CURVE('',#195,#429,#8169,.F.);
#8167=EDGE_CURVE('',#429,#219,#8170,.T.);
#8168=EDGE_CURVE('',#219,#195,#8171,.T.);
#8169=LINE('',#194,#8172);
#8170=LINE('',#428,#8173);
#8171=LINE('',#218,#8174);
#8172=VECTOR('',#8175,1.0);
#8173=VECTOR('',#8176,1.0);
#8174=VECTOR('',#8177,1.0);
#8175=DIRECTION('',(-0.9946657461947981,0,0.10315063425275542));
#8176=DIRECTION('',(0.3363360718889215,0,-0.9417420277052152));
#8177=DIRECTION('',(1,0,0));
#8178=FACE_SURFACE('',(#8183),#8179,.T.);
#8179=PLANE('',#8180);
#8180=AXIS2_PLACEMENT_3D('',#218,#8181,#8182);
#8181=DIRECTION('',(0,-1,0));
#8182=DIRECTION('',(0,0,-1));
#8183=FACE_BOUND('',#8184,.T.);
#8184=EDGE_LOOP('',(#8185,#8186,#8187));
#8185=ORIENTED_EDGE('',*,*,#8188,.T.);
#8186=ORIENTED_EDGE('',*,*,#8189,.T.);
#8187=ORIENTED_EDGE('',*,*,#8190,.T.);
#8188=EDGE_CURVE('',#219,#433,#8191,.F.);
#8189=EDGE_CURVE('',#433,#431,#8192,.T.);
#8190=EDGE_CURVE('',#431,#219,#8193,.T.);
#8191=LINE('',#218,#8194);
#8192=LINE('',#432,#8195);
#8193=LINE('',#430,#8196);
#8194=VECTOR('',#8197,1.0);
#8195=VECTOR('',#8198,1.0);
#8196=VECTOR('',#8199,1.0);
#8197=DIRECTION('',(0,0,-1));
#8198=DIRECTION('',(1,0,0));
#8199=DIRECTION('',(-0.9805806978247512,0,0.1961160244689962));
#8200=FACE_SURFACE('',(#8205),#8201,.T.);
#8201=PLANE('',#8202);
#8202=AXIS2_PLACEMENT_3D('',#190,#8203,#8204);
#8203=DIRECTION('',(1,0,0));
#8204=DIRECTION('',(0,-0.6097109856542536,-0.7926238161779638));
#8205=FACE_BOUND('',#8206,.T.);
#8206=EDGE_LOOP('',(#8207,#8208,#8209));
#8207=ORIENTED_EDGE('',*,*,#8210,.T.);
#8208=ORIENTED_EDGE('',*,*,#8211,.T.);
#8209=ORIENTED_EDGE('',*,*,#8212,.T.);
#8210=EDGE_CURVE('',#191,#431,#8213,.F.);
#8211=EDGE_CURVE('',#431,#435,#8214,.T.);
#8212=EDGE_CURVE('',#435,#191,#8215,.T.);
#8213=LINE('',#190,#8216);
#8214=LINE('',#430,#8217);
#8215=LINE('',#434,#8218);
#8216=VECTOR('',#8219,1.0);
#8217=VECTOR('',#8220,1.0);
#8218=VECTOR('',#8221,1.0);
#8219=DIRECTION('',(0,-0.6097109856542536,-0.7926238161779638));
#8220=DIRECTION('',(0,1,0));
#8221=DIRECTION('',(0,0,1));
#8222=FACE_SURFACE('',(#8227),#8223,.T.);
#8223=PLANE('',#8224);
#8224=AXIS2_PLACEMENT_3D('',#190,#8225,#8226);
#8225=DIRECTION('',(1,0,0));
#8226=DIRECTION('',(0,-1,0));
#8227=FACE_BOUND('',#8228,.T.);
#8228=EDGE_LOOP('',(#8229,#8230,#8231));
#8229=ORIENTED_EDGE('',*,*,#8232,.T.);
#8230=ORIENTED_EDGE('',*,*,#8233,.T.);
#8231=ORIENTED_EDGE('',*,*,#8234,.T.);
#8232=EDGE_CURVE('',#191,#195,#8235,.F.);
#8233=EDGE_CURVE('',#195,#431,#8236,.T.);
#8234=EDGE_CURVE('',#431,#191,#8237,.T.);
#8235=LINE('',#190,#8238);
#8236=LINE('',#194,#8239);
#8237=LINE('',#430,#8240);
#8238=VECTOR('',#8241,1.0);
#8239=VECTOR('',#8242,1.0);
#8240=VECTOR('',#8243,1.0);
#8241=DIRECTION('',(0,-1,0));
#8242=DIRECTION('',(0,0,-1));
#8243=DIRECTION('',(0,0.6097109856542536,0.7926238161779638));
#8244=FACE_SURFACE('',(#8249),#8245,.T.);
#8245=PLANE('',#8246);
#8246=AXIS2_PLACEMENT_3D('',#196,#8247,#8248);
#8247=DIRECTION('',(-0,1,0));
#8248=DIRECTION('',(1,0,0));
#8249=FACE_BOUND('',#8250,.T.);
#8250=EDGE_LOOP('',(#8251,#8252,#8253));
#8251=ORIENTED_EDGE('',*,*,#8254,.T.);
#8252=ORIENTED_EDGE('',*,*,#8255,.T.);
#8253=ORIENTED_EDGE('',*,*,#8256,.T.);
#8254=EDGE_CURVE('',#197,#191,#8257,.F.);
#8255=EDGE_CURVE('',#191,#435,#8258,.T.);
#8256=EDGE_CURVE('',#435,#197,#8259,.T.);
#8257=LINE('',#196,#8260);
#8258=LINE('',#190,#8261);
#8259=LINE('',#434,#8262);
#8260=VECTOR('',#8263,1.0);
#8261=VECTOR('',#8264,1.0);
#8262=VECTOR('',#8265,1.0);
#8263=DIRECTION('',(1,0,0));
#8264=DIRECTION('',(0,0,-1));
#8265=DIRECTION('',(-0.9805806978247512,0,0.1961160244689962));
#8266=FACE_SURFACE('',(#8271),#8267,.T.);
#8267=PLANE('',#8268);
#8268=AXIS2_PLACEMENT_3D('',#434,#8269,#8270);
#8269=DIRECTION('',(0,1,0));
#8270=DIRECTION('',(-1,0,0));
#8271=FACE_BOUND('',#8272,.T.);
#8272=EDGE_LOOP('',(#8273,#8274,#8275));
#8273=ORIENTED_EDGE('',*,*,#8276,.T.);
#8274=ORIENTED_EDGE('',*,*,#8277,.T.);
#8275=ORIENTED_EDGE('',*,*,#8278,.T.);
#8276=EDGE_CURVE('',#435,#437,#8279,.F.);
#8277=EDGE_CURVE('',#437,#197,#8280,.T.);
#8278=EDGE_CURVE('',#197,#435,#8281,.T.);
#8279=LINE('',#434,#8282);
#8280=LINE('',#436,#8283);
#8281=LINE('',#196,#8284);
#8282=VECTOR('',#8285,1.0);
#8283=VECTOR('',#8286,1.0);
#8284=VECTOR('',#8287,1.0);
#8285=DIRECTION('',(-1,0,0));
#8286=DIRECTION('',(0,0,1));
#8287=DIRECTION('',(0.9805806978247512,0,-0.1961160244689962));
#8288=FACE_SURFACE('',(#8293),#8289,.T.);
#8289=PLANE('',#8290);
#8290=AXIS2_PLACEMENT_3D('',#218,#8291,#8292);
#8291=DIRECTION('',(-1,0,0));
#8292=DIRECTION('',(0,0.6097109856542536,-0.7926238161779638));
#8293=FACE_BOUND('',#8294,.T.);
#8294=EDGE_LOOP('',(#8295,#8296,#8297));
#8295=ORIENTED_EDGE('',*,*,#8298,.T.);
#8296=ORIENTED_EDGE('',*,*,#8299,.T.);
#8297=ORIENTED_EDGE('',*,*,#8300,.T.);
#8298=EDGE_CURVE('',#219,#437,#8301,.F.);
#8299=EDGE_CURVE('',#437,#433,#8302,.T.);
#8300=EDGE_CURVE('',#433,#219,#8303,.T.);
#8301=LINE('',#218,#8304);
#8302=LINE('',#436,#8305);
#8303=LINE('',#432,#8306);
#8304=VECTOR('',#8307,1.0);
#8305=VECTOR('',#8308,1.0);
#8306=VECTOR('',#8309,1.0);
#8307=DIRECTION('',(0,0.6097109856542536,-0.7926238161779638));
#8308=DIRECTION('',(0,-1,0));
#8309=DIRECTION('',(0,0,1));
#8310=FACE_SURFACE('',(#8315),#8311,.T.);
#8311=PLANE('',#8312);
#8312=AXIS2_PLACEMENT_3D('',#218,#8313,#8314);
#8313=DIRECTION('',(-1,0,0));
#8314=DIRECTION('',(0,1,0));
#8315=FACE_BOUND('',#8316,.T.);
#8316=EDGE_LOOP('',(#8317,#8318,#8319));
#8317=ORIENTED_EDGE('',*,*,#8320,.T.);
#8318=ORIENTED_EDGE('',*,*,#8321,.T.);
#8319=ORIENTED_EDGE('',*,*,#8322,.T.);
#8320=EDGE_CURVE('',#219,#197,#8323,.F.);
#8321=EDGE_CURVE('',#197,#437,#8324,.T.);
#8322=EDGE_CURVE('',#437,#219,#8325,.T.);
#8323=LINE('',#218,#8326);
#8324=LINE('',#196,#8327);
#8325=LINE('',#436,#8328);
#8326=VECTOR('',#8329,1.0);
#8327=VECTOR('',#8330,1.0);
#8328=VECTOR('',#8331,1.0);
#8329=DIRECTION('',(0,1,0));
#8330=DIRECTION('',(0,0,-1));
#8331=DIRECTION('',(0,-0.6097109856542536,0.7926238161779638));
#8332=FACE_SURFACE('',(#8337),#8333,.T.);
#8333=PLANE('',#8334);
#8334=AXIS2_PLACEMENT_3D('',#220,#8335,#8336);
#8335=DIRECTION('',(1,0,-0));
#8336=DIRECTION('',(0,0,1));
#8337=FACE_BOUND('',#8338,.T.);
#8338=EDGE_LOOP('',(#8339,#8340,#8341));
#8339=ORIENTED_EDGE('',*,*,#8342,.T.);
#8340=ORIENTED_EDGE('',*,*,#8343,.T.);
#8341=ORIENTED_EDGE('',*,*,#8344,.T.);
#8342=EDGE_CURVE('',#221,#429,#8345,.F.);
#8343=EDGE_CURVE('',#429,#421,#8346,.T.);
#8344=EDGE_CURVE('',#421,#221,#8347,.T.);
#8345=LINE('',#220,#8348);
#8346=LINE('',#428,#8349);
#8347=LINE('',#420,#8350);
#8348=VECTOR('',#8351,1.0);
#8349=VECTOR('',#8352,1.0);
#8350=VECTOR('',#8353,1.0);
#8351=DIRECTION('',(0,0,1));
#8352=DIRECTION('',(0,-1,0));
#8353=DIRECTION('',(0,0.6507912030835118,-0.7592567483987978));
#8354=FACE_SURFACE('',(#8359),#8355,.T.);
#8355=PLANE('',#8356);
#8356=AXIS2_PLACEMENT_3D('',#220,#8357,#8358);
#8357=DIRECTION('',(1,0,0));
#8358=DIRECTION('',(0,-0.6507912030835118,0.7592567483987978));
#8359=FACE_BOUND('',#8360,.T.);
#8360=EDGE_LOOP('',(#8361,#8362,#8363));
#8361=ORIENTED_EDGE('',*,*,#8364,.T.);
#8362=ORIENTED_EDGE('',*,*,#8365,.T.);
#8363=ORIENTED_EDGE('',*,*,#8366,.T.);
#8364=EDGE_CURVE('',#221,#421,#8367,.F.);
#8365=EDGE_CURVE('',#421,#223,#8368,.T.);
#8366=EDGE_CURVE('',#223,#221,#8369,.T.);
#8367=LINE('',#220,#8370);
#8368=LINE('',#420,#8371);
#8369=LINE('',#222,#8372);
#8370=VECTOR('',#8373,1.0);
#8371=VECTOR('',#8374,1.0);
#8372=VECTOR('',#8375,1.0);
#8373=DIRECTION('',(0,-0.6507912030835118,0.7592567483987978));
#8374=DIRECTION('',(0,0,-1));
#8375=DIRECTION('',(0,1,0));
#8376=FACE_SURFACE('',(#8381),#8377,.T.);
#8377=PLANE('',#8378);
#8378=AXIS2_PLACEMENT_3D('',#204,#8379,#8380);
#8379=DIRECTION('',(-1,0,0));
#8380=DIRECTION('',(0,0.6097109856542536,-0.7926238161779638));
#8381=FACE_BOUND('',#8382,.T.);
#8382=EDGE_LOOP('',(#8383,#8384,#8385));
#8383=ORIENTED_EDGE('',*,*,#8386,.T.);
#8384=ORIENTED_EDGE('',*,*,#8387,.T.);
#8385=ORIENTED_EDGE('',*,*,#8388,.T.);
#8386=EDGE_CURVE('',#205,#425,#8389,.F.);
#8387=EDGE_CURVE('',#425,#415,#8390,.T.);
#8388=EDGE_CURVE('',#415,#205,#8391,.T.);
#8389=LINE('',#204,#8392);
#8390=LINE('',#424,#8393);
#8391=LINE('',#414,#8394);
#8392=VECTOR('',#8395,1.0);
#8393=VECTOR('',#8396,1.0);
#8394=VECTOR('',#8397,1.0);
#8395=DIRECTION('',(0,0.6097109856542536,-0.7926238161779638));
#8396=DIRECTION('',(0,-1,0));
#8397=DIRECTION('',(0,0,1));
#8398=FACE_SURFACE('',(#8403),#8399,.T.);
#8399=PLANE('',#8400);
#8400=AXIS2_PLACEMENT_3D('',#204,#8401,#8402);
#8401=DIRECTION('',(-1,0,0));
#8402=DIRECTION('',(0,1,0));
#8403=FACE_BOUND('',#8404,.T.);
#8404=EDGE_LOOP('',(#8405,#8406,#8407));
#8405=ORIENTED_EDGE('',*,*,#8408,.T.);
#8406=ORIENTED_EDGE('',*,*,#8409,.T.);
#8407=ORIENTED_EDGE('',*,*,#8410,.T.);
#8408=EDGE_CURVE('',#205,#225,#8411,.F.);
#8409=EDGE_CURVE('',#225,#425,#8412,.T.);
#8410=EDGE_CURVE('',#425,#205,#8413,.T.);
#8411=LINE('',#204,#8414);
#8412=LINE('',#224,#8415);
#8413=LINE('',#424,#8416);
#8414=VECTOR('',#8417,1.0);
#8415=VECTOR('',#8418,1.0);
#8416=VECTOR('',#8419,1.0);
#8417=DIRECTION('',(0,1,0));
#8418=DIRECTION('',(0,0,-1));
#8419=DIRECTION('',(0,-0.6097109856542536,0.7926238161779638));
#8420=FACE_SURFACE('',(#8425),#8421,.T.);
#8421=PLANE('',#8422);
#8422=AXIS2_PLACEMENT_3D('',#262,#8423,#8424);
#8423=DIRECTION('',(0,0,1));
#8424=DIRECTION('',(-0.9899496015565087,0.14142060096785583,0));
#8425=FACE_BOUND('',#8426,.T.);
#8426=EDGE_LOOP('',(#8427,#8428,#8429));
#8427=ORIENTED_EDGE('',*,*,#8430,.T.);
#8428=ORIENTED_EDGE('',*,*,#8431,.T.);
#8429=ORIENTED_EDGE('',*,*,#8432,.T.);
#8430=EDGE_CURVE('',#263,#439,#8433,.F.);
#8431=EDGE_CURVE('',#439,#265,#8434,.T.);
#8432=EDGE_CURVE('',#265,#263,#8435,.T.);
#8433=LINE('',#262,#8436);
#8434=LINE('',#438,#8437);
#8435=LINE('',#264,#8438);
#8436=VECTOR('',#8439,1.0);
#8437=VECTOR('',#8440,1.0);
#8438=VECTOR('',#8441,1.0);
#8439=DIRECTION('',(-0.9899496015565087,0.14142060096785583,0));
#8440=DIRECTION('',(0,-1,0));
#8441=DIRECTION('',(1,0,0));
#8442=FACE_SURFACE('',(#8447),#8443,.T.);
#8443=PLANE('',#8444);
#8444=AXIS2_PLACEMENT_3D('',#262,#8445,#8446);
#8445=DIRECTION('',(0,-0,1));
#8446=DIRECTION('',(0,1,0));
#8447=FACE_BOUND('',#8448,.T.);
#8448=EDGE_LOOP('',(#8449,#8450,#8451));
#8449=ORIENTED_EDGE('',*,*,#8452,.T.);
#8450=ORIENTED_EDGE('',*,*,#8453,.T.);
#8451=ORIENTED_EDGE('',*,*,#8454,.T.);
#8452=EDGE_CURVE('',#263,#337,#8455,.F.);
#8453=EDGE_CURVE('',#337,#439,#8456,.T.);
#8454=EDGE_CURVE('',#439,#263,#8457,.T.);
#8455=LINE('',#262,#8458);
#8456=LINE('',#336,#8459);
#8457=LINE('',#438,#8460);
#8458=VECTOR('',#8461,1.0);
#8459=VECTOR('',#8462,1.0);
#8460=VECTOR('',#8463,1.0);
#8461=DIRECTION('',(0,1,0));
#8462=DIRECTION('',(-0.9954954644666016,-0.09480917796513641,0));
#8463=DIRECTION('',(0.9899496015565087,-0.14142060096785583,0));
#8464=FACE_SURFACE('',(#8469),#8465,.T.);
#8465=PLANE('',#8466);
#8466=AXIS2_PLACEMENT_3D('',#270,#8467,#8468);
#8467=DIRECTION('',(-0,0,1));
#8468=DIRECTION('',(0.9995120714372634,-0.031234901171461438,0));
#8469=FACE_BOUND('',#8470,.T.);
#8470=EDGE_LOOP('',(#8471,#8472,#8473));
#8471=ORIENTED_EDGE('',*,*,#8474,.T.);
#8472=ORIENTED_EDGE('',*,*,#8475,.T.);
#8473=ORIENTED_EDGE('',*,*,#8476,.T.);
#8474=EDGE_CURVE('',#271,#439,#8477,.F.);
#8475=EDGE_CURVE('',#439,#337,#8478,.T.);
#8476=EDGE_CURVE('',#337,#271,#8479,.T.);
#8477=LINE('',#270,#8480);
#8478=LINE('',#438,#8481);
#8479=LINE('',#336,#8482);
#8480=VECTOR('',#8483,1.0);
#8481=VECTOR('',#8484,1.0);
#8482=VECTOR('',#8485,1.0);
#8483=DIRECTION('',(0.9995120714372634,-0.031234901171461438,0));
#8484=DIRECTION('',(0.9954954644666016,0.09480917796513641,0));
#8485=DIRECTION('',(-1,0,0));
#8486=FACE_SURFACE('',(#8491),#8487,.T.);
#8487=PLANE('',#8488);
#8488=AXIS2_PLACEMENT_3D('',#268,#8489,#8490);
#8489=DIRECTION('',(0,0,1));
#8490=DIRECTION('',(0.9899496015565087,0.14142060096785583,0));
#8491=FACE_BOUND('',#8492,.T.);
#8492=EDGE_LOOP('',(#8493,#8494,#8495));
#8493=ORIENTED_EDGE('',*,*,#8496,.T.);
#8494=ORIENTED_EDGE('',*,*,#8497,.T.);
#8495=ORIENTED_EDGE('',*,*,#8498,.T.);
#8496=EDGE_CURVE('',#269,#441,#8499,.F.);
#8497=EDGE_CURVE('',#441,#271,#8500,.T.);
#8498=EDGE_CURVE('',#271,#269,#8501,.T.);
#8499=LINE('',#268,#8502);
#8500=LINE('',#440,#8503);
#8501=LINE('',#270,#8504);
#8502=VECTOR('',#8505,1.0);
#8503=VECTOR('',#8506,1.0);
#8504=VECTOR('',#8507,1.0);
#8505=DIRECTION('',(0.9899496015565087,0.14142060096785583,0));
#8506=DIRECTION('',(-0.9954954644666016,0.09480917796513641,0));
#8507=DIRECTION('',(0,-1,0));
#8508=FACE_SURFACE('',(#8513),#8509,.T.);
#8509=PLANE('',#8510);
#8510=AXIS2_PLACEMENT_3D('',#270,#8511,#8512);
#8511=DIRECTION('',(0,0,1));
#8512=DIRECTION('',(0.9954954644666016,-0.09480917796513641,0));
#8513=FACE_BOUND('',#8514,.T.);
#8514=EDGE_LOOP('',(#8515,#8516,#8517));
#8515=ORIENTED_EDGE('',*,*,#8518,.T.);
#8516=ORIENTED_EDGE('',*,*,#8519,.T.);
#8517=ORIENTED_EDGE('',*,*,#8520,.T.);
#8518=EDGE_CURVE('',#271,#441,#8521,.F.);
#8519=EDGE_CURVE('',#441,#439,#8522,.T.);
#8520=EDGE_CURVE('',#439,#271,#8523,.T.);
#8521=LINE('',#270,#8524);
#8522=LINE('',#440,#8525);
#8523=LINE('',#438,#8526);
#8524=VECTOR('',#8527,1.0);
#8525=VECTOR('',#8528,1.0);
#8526=VECTOR('',#8529,1.0);
#8527=DIRECTION('',(0.9954954644666016,-0.09480917796513641,0));
#8528=DIRECTION('',(1,0,0));
#8529=DIRECTION('',(-0.9995120714372634,0.031234901171461438,0));
#8530=FACE_SURFACE('',(#8535),#8531,.T.);
#8531=PLANE('',#8532);
#8532=AXIS2_PLACEMENT_3D('',#268,#8533,#8534);
#8533=DIRECTION('',(0,0,1));
#8534=DIRECTION('',(1,0,0));
#8535=FACE_BOUND('',#8536,.T.);
#8536=EDGE_LOOP('',(#8537,#8538,#8539));
#8537=ORIENTED_EDGE('',*,*,#8540,.T.);
#8538=ORIENTED_EDGE('',*,*,#8541,.T.);
#8539=ORIENTED_EDGE('',*,*,#8542,.T.);
#8540=EDGE_CURVE('',#269,#267,#8543,.F.);
#8541=EDGE_CURVE('',#267,#441,#8544,.T.);
#8542=EDGE_CURVE('',#441,#269,#8545,.T.);
#8543=LINE('',#268,#8546);
#8544=LINE('',#266,#8547);
#8545=LINE('',#440,#8548);
#8546=VECTOR('',#8549,1.0);
#8547=VECTOR('',#8550,1.0);
#8548=VECTOR('',#8551,1.0);
#8549=DIRECTION('',(1,0,0));
#8550=DIRECTION('',(0,1,0));
#8551=DIRECTION('',(-0.9899496015565087,-0.14142060096785583,0));
#8552=FACE_SURFACE('',(#8557),#8553,.T.);
#8553=PLANE('',#8554);
#8554=AXIS2_PLACEMENT_3D('',#264,#8555,#8556);
#8555=DIRECTION('',(-0,-0.9510142531354137,-0.3091470367532114));
#8556=DIRECTION('',(-0.8568088309657934,-0.15940678466966324,0.4903754726536698));
#8557=FACE_BOUND('',#8558,.T.);
#8558=EDGE_LOOP('',(#8559,#8560,#8561));
#8559=ORIENTED_EDGE('',*,*,#8562,.T.);
#8560=ORIENTED_EDGE('',*,*,#8563,.T.);
#8561=ORIENTED_EDGE('',*,*,#8564,.T.);
#8562=EDGE_CURVE('',#265,#443,#8565,.F.);
#8563=EDGE_CURVE('',#443,#267,#8566,.T.);
#8564=EDGE_CURVE('',#267,#265,#8567,.T.);
#8565=LINE('',#264,#8568);
#8566=LINE('',#442,#8569);
#8567=LINE('',#266,#8570);
#8568=VECTOR('',#8571,1.0);
#8569=VECTOR('',#8572,1.0);
#8570=VECTOR('',#8573,1.0);
#8571=DIRECTION('',(-0.8568088309657934,-0.15940678466966324,0.4903754726536698));
#8572=DIRECTION('',(0,0.3091470367532114,-0.9510142531354137));
#8573=DIRECTION('',(1,0,0));
#8574=FACE_SURFACE('',(#8579),#8575,.T.);
#8575=PLANE('',#8576);
#8576=AXIS2_PLACEMENT_3D('',#264,#8577,#8578);
#8577=DIRECTION('',(0,-0.9510142531354137,-0.3091470367532114));
#8578=DIRECTION('',(0,-0.3091470367532114,0.9510142531354137));
#8579=FACE_BOUND('',#8580,.T.);
#8580=EDGE_LOOP('',(#8581,#8582,#8583));
#8581=ORIENTED_EDGE('',*,*,#8584,.T.);
#8582=ORIENTED_EDGE('',*,*,#8585,.T.);
#8583=ORIENTED_EDGE('',*,*,#8586,.T.);
#8584=EDGE_CURVE('',#265,#445,#8587,.F.);
#8585=EDGE_CURVE('',#445,#443,#8588,.T.);
#8586=EDGE_CURVE('',#443,#265,#8589,.T.);
#8587=LINE('',#264,#8590);
#8588=LINE('',#444,#8591);
#8589=LINE('',#442,#8592);
#8590=VECTOR('',#8593,1.0);
#8591=VECTOR('',#8594,1.0);
#8592=VECTOR('',#8595,1.0);
#8593=DIRECTION('',(0,-0.3091470367532114,0.9510142531354137));
#8594=DIRECTION('',(-1,0,0));
#8595=DIRECTION('',(0.8568088309657934,0.15940678466966324,-0.4903754726536698));
#8596=FACE_SURFACE('',(#8601),#8597,.T.);
#8597=PLANE('',#8598);
#8598=AXIS2_PLACEMENT_3D('',#276,#8599,#8600);
#8599=DIRECTION('',(0,-1,0));
#8600=DIRECTION('',(0.8169678632647616,0,-0.5766831975986553));
#8601=FACE_BOUND('',#8602,.T.);
#8602=EDGE_LOOP('',(#8603,#8604,#8605));
#8603=ORIENTED_EDGE('',*,*,#8606,.T.);
#8604=ORIENTED_EDGE('',*,*,#8607,.T.);
#8605=ORIENTED_EDGE('',*,*,#8608,.T.);
#8606=EDGE_CURVE('',#277,#337,#8609,.F.);
#8607=EDGE_CURVE('',#337,#343,#8610,.T.);
#8608=EDGE_CURVE('',#343,#277,#8611,.T.);
#8609=LINE('',#276,#8612);
#8610=LINE('',#336,#8613);
#8611=LINE('',#342,#8614);
#8612=VECTOR('',#8615,1.0);
#8613=VECTOR('',#8616,1.0);
#8614=VECTOR('',#8617,1.0);
#8615=DIRECTION('',(0.8169678632647616,0,-0.5766831975986553));
#8616=DIRECTION('',(0,0,1));
#8617=DIRECTION('',(-1,0,0));
#8618=FACE_SURFACE('',(#8623),#8619,.T.);
#8619=PLANE('',#8620);
#8620=AXIS2_PLACEMENT_3D('',#276,#8621,#8622);
#8621=DIRECTION('',(0,-1,0));
#8622=DIRECTION('',(0,0,-1));
#8623=FACE_BOUND('',#8624,.T.);
#8624=EDGE_LOOP('',(#8625,#8626,#8627));
#8625=ORIENTED_EDGE('',*,*,#8628,.T.);
#8626=ORIENTED_EDGE('',*,*,#8629,.T.);
#8627=ORIENTED_EDGE('',*,*,#8630,.T.);
#8628=EDGE_CURVE('',#277,#271,#8631,.F.);
#8629=EDGE_CURVE('',#271,#337,#8632,.T.);
#8630=EDGE_CURVE('',#337,#277,#8633,.T.);
#8631=LINE('',#276,#8634);
#8632=LINE('',#270,#8635);
#8633=LINE('',#336,#8636);
#8634=VECTOR('',#8637,1.0);
#8635=VECTOR('',#8638,1.0);
#8636=VECTOR('',#8639,1.0);
#8637=DIRECTION('',(0,0,-1));
#8638=DIRECTION('',(1,0,0));
#8639=DIRECTION('',(-0.8169678632647616,0,0.5766831975986553));
#8640=FACE_SURFACE('',(#8645),#8641,.T.);
#8641=PLANE('',#8642);
#8642=AXIS2_PLACEMENT_3D('',#446,#8643,#8644);
#8643=DIRECTION('',(0,0,-1));
#8644=DIRECTION('',(1,0,0));
#8645=FACE_BOUND('',#8646,.T.);
#8646=EDGE_LOOP('',(#8647,#8648,#8649));
#8647=ORIENTED_EDGE('',*,*,#8650,.T.);
#8648=ORIENTED_EDGE('',*,*,#8651,.T.);
#8649=ORIENTED_EDGE('',*,*,#8652,.T.);
#8650=EDGE_CURVE('',#447,#449,#8653,.F.);
#8651=EDGE_CURVE('',#449,#451,#8654,.T.);
#8652=EDGE_CURVE('',#451,#447,#8655,.T.);
#8653=LINE('',#446,#8656);
#8654=LINE('',#448,#8657);
#8655=LINE('',#450,#8658);
#8656=VECTOR('',#8659,1.0);
#8657=VECTOR('',#8660,1.0);
#8658=VECTOR('',#8661,1.0);
#8659=DIRECTION('',(1,0,0));
#8660=DIRECTION('',(-0.9615240639532688,-0.27472072080349186,0));
#8661=DIRECTION('',(-0.9932434645756952,0.11604921403296838,0));
#8662=FACE_SURFACE('',(#8667),#8663,.T.);
#8663=PLANE('',#8664);
#8664=AXIS2_PLACEMENT_3D('',#278,#8665,#8666);
#8665=DIRECTION('',(0,0,-1));
#8666=DIRECTION('',(-0.4685027144251039,0.8834620572363646,0));
#8667=FACE_BOUND('',#8668,.T.);
#8668=EDGE_LOOP('',(#8669,#8670,#8671));
#8669=ORIENTED_EDGE('',*,*,#8672,.T.);
#8670=ORIENTED_EDGE('',*,*,#8673,.T.);
#8671=ORIENTED_EDGE('',*,*,#8674,.T.);
#8672=EDGE_CURVE('',#279,#447,#8675,.F.);
#8673=EDGE_CURVE('',#447,#453,#8676,.T.);
#8674=EDGE_CURVE('',#453,#279,#8677,.T.);
#8675=LINE('',#278,#8678);
#8676=LINE('',#446,#8679);
#8677=LINE('',#452,#8680);
#8678=VECTOR('',#8681,1.0);
#8679=VECTOR('',#8682,1.0);
#8680=VECTOR('',#8683,1.0);
#8681=DIRECTION('',(-0.4685027144251039,0.8834620572363646,0));
#8682=DIRECTION('',(0.9615240639532688,-0.27472072080349186,0));
#8683=DIRECTION('',(-0.9344881920804557,-0.35599412756701637,0));
#8684=FACE_SURFACE('',(#8689),#8685,.T.);
#8685=PLANE('',#8686);
#8686=AXIS2_PLACEMENT_3D('',#452,#8687,#8688);
#8687=DIRECTION('',(0,0,-1));
#8688=DIRECTION('',(-0.9615240639532688,0.27472072080349186,0));
#8689=FACE_BOUND('',#8690,.T.);
#8690=EDGE_LOOP('',(#8691,#8692,#8693));
#8691=ORIENTED_EDGE('',*,*,#8694,.T.);
#8692=ORIENTED_EDGE('',*,*,#8695,.T.);
#8693=ORIENTED_EDGE('',*,*,#8696,.T.);
#8694=EDGE_CURVE('',#453,#447,#8697,.F.);
#8695=EDGE_CURVE('',#447,#451,#8698,.T.);
#8696=EDGE_CURVE('',#451,#453,#8699,.T.);
#8697=LINE('',#452,#8700);
#8698=LINE('',#446,#8701);
#8699=LINE('',#450,#8702);
#8700=VECTOR('',#8703,1.0);
#8701=VECTOR('',#8704,1.0);
#8702=VECTOR('',#8705,1.0);
#8703=DIRECTION('',(-0.9615240639532688,0.27472072080349186,0));
#8704=DIRECTION('',(0.9932434645756952,-0.11604921403296838,0));
#8705=DIRECTION('',(-1,0,0));
#8706=FACE_SURFACE('',(#8711),#8707,.T.);
#8707=PLANE('',#8708);
#8708=AXIS2_PLACEMENT_3D('',#454,#8709,#8710);
#8709=DIRECTION('',(0,-0,-1));
#8710=DIRECTION('',(0.9969621355813562,-0.07788774112183172,0));
#8711=FACE_BOUND('',#8712,.T.);
#8712=EDGE_LOOP('',(#8713,#8714,#8715));
#8713=ORIENTED_EDGE('',*,*,#8716,.T.);
#8714=ORIENTED_EDGE('',*,*,#8717,.T.);
#8715=ORIENTED_EDGE('',*,*,#8718,.T.);
#8716=EDGE_CURVE('',#455,#359,#8719,.F.);
#8717=EDGE_CURVE('',#359,#279,#8720,.T.);
#8718=EDGE_CURVE('',#279,#455,#8721,.T.);
#8719=LINE('',#454,#8722);
#8720=LINE('',#358,#8723);
#8721=LINE('',#278,#8724);
#8722=VECTOR('',#8725,1.0);
#8723=VECTOR('',#8726,1.0);
#8724=VECTOR('',#8727,1.0);
#8725=DIRECTION('',(0.9969621355813562,-0.07788774112183172,0));
#8726=DIRECTION('',(-1,0,0));
#8727=DIRECTION('',(0.9728063663692376,0.23161989023285698,0));
#8728=FACE_SURFACE('',(#8733),#8729,.T.);
#8729=PLANE('',#8730);
#8730=AXIS2_PLACEMENT_3D('',#342,#8731,#8732);
#8731=DIRECTION('',(0,0,-1));
#8732=DIRECTION('',(0,1,0));
#8733=FACE_BOUND('',#8734,.T.);
#8734=EDGE_LOOP('',(#8735,#8736,#8737));
#8735=ORIENTED_EDGE('',*,*,#8738,.T.);
#8736=ORIENTED_EDGE('',*,*,#8739,.T.);
#8737=ORIENTED_EDGE('',*,*,#8740,.T.);
#8738=EDGE_CURVE('',#343,#359,#8741,.F.);
#8739=EDGE_CURVE('',#359,#457,#8742,.T.);
#8740=EDGE_CURVE('',#457,#343,#8743,.T.);
#8741=LINE('',#342,#8744);
#8742=LINE('',#358,#8745);
#8743=LINE('',#456,#8746);
#8744=VECTOR('',#8747,1.0);
#8745=VECTOR('',#8748,1.0);
#8746=VECTOR('',#8749,1.0);
#8747=DIRECTION('',(0,1,0));
#8748=DIRECTION('',(0.0639712627726579,-0.9979517410873491,0));
#8749=DIRECTION('',(-0.46850250307425795,0.8834621693163522,0));
#8750=FACE_SURFACE('',(#8755),#8751,.T.);
#8751=PLANE('',#8752);
#8752=AXIS2_PLACEMENT_3D('',#450,#8753,#8754);
#8753=DIRECTION('',(0,0,-1));
#8754=DIRECTION('',(0.9344881920804557,-0.35599412756701637,0));
#8755=FACE_BOUND('',#8756,.T.);
#8756=EDGE_LOOP('',(#8757,#8758,#8759));
#8757=ORIENTED_EDGE('',*,*,#8760,.T.);
#8758=ORIENTED_EDGE('',*,*,#8761,.T.);
#8759=ORIENTED_EDGE('',*,*,#8762,.T.);
#8760=EDGE_CURVE('',#451,#359,#8763,.F.);
#8761=EDGE_CURVE('',#359,#459,#8764,.T.);
#8762=EDGE_CURVE('',#459,#451,#8765,.T.);
#8763=LINE('',#450,#8766);
#8764=LINE('',#358,#8767);
#8765=LINE('',#458,#8768);
#8766=VECTOR('',#8769,1.0);
#8767=VECTOR('',#8770,1.0);
#8768=VECTOR('',#8771,1.0);
#8769=DIRECTION('',(0.9344881920804557,-0.35599412756701637,0));
#8770=DIRECTION('',(-0.9728063663692376,0.23161989023285698,0));
#8771=DIRECTION('',(0,1,0));
#8772=FACE_SURFACE('',(#8777),#8773,.T.);
#8773=PLANE('',#8774);
#8774=AXIS2_PLACEMENT_3D('',#358,#8775,#8776);
#8775=DIRECTION('',(0,0,-1));
#8776=DIRECTION('',(-0.9344881920804557,0.35599412756701637,0));
#8777=FACE_BOUND('',#8778,.T.);
#8778=EDGE_LOOP('',(#8779,#8780,#8781));
#8779=ORIENTED_EDGE('',*,*,#8782,.T.);
#8780=ORIENTED_EDGE('',*,*,#8783,.T.);
#8781=ORIENTED_EDGE('',*,*,#8784,.T.);
#8782=EDGE_CURVE('',#359,#451,#8785,.F.);
#8783=EDGE_CURVE('',#451,#449,#8786,.T.);
#8784=EDGE_CURVE('',#449,#359,#8787,.T.);
#8785=LINE('',#358,#8788);
#8786=LINE('',#450,#8789);
#8787=LINE('',#448,#8790);
#8788=VECTOR('',#8791,1.0);
#8789=VECTOR('',#8792,1.0);
#8790=VECTOR('',#8793,1.0);
#8791=DIRECTION('',(-0.9344881920804557,0.35599412756701637,0));
#8792=DIRECTION('',(0.9615240639532688,0.27472072080349186,0));
#8793=DIRECTION('',(-0.4685027144251039,-0.8834620572363646,0));
#8794=FACE_SURFACE('',(#8799),#8795,.T.);
#8795=PLANE('',#8796);
#8796=AXIS2_PLACEMENT_3D('',#278,#8797,#8798);
#8797=DIRECTION('',(0,0,-1));
#8798=DIRECTION('',(0.9344881920804557,0.35599412756701637,0));
#8799=FACE_BOUND('',#8800,.T.);
#8800=EDGE_LOOP('',(#8801,#8802,#8803));
#8801=ORIENTED_EDGE('',*,*,#8804,.T.);
#8802=ORIENTED_EDGE('',*,*,#8805,.T.);
#8803=ORIENTED_EDGE('',*,*,#8806,.T.);
#8804=EDGE_CURVE('',#279,#453,#8807,.F.);
#8805=EDGE_CURVE('',#453,#455,#8808,.T.);
#8806=EDGE_CURVE('',#455,#279,#8809,.T.);
#8807=LINE('',#278,#8810);
#8808=LINE('',#452,#8811);
#8809=LINE('',#454,#8812);
#8810=VECTOR('',#8813,1.0);
#8811=VECTOR('',#8814,1.0);
#8812=VECTOR('',#8815,1.0);
#8813=DIRECTION('',(0.9344881920804557,0.35599412756701637,0));
#8814=DIRECTION('',(0,-1,0));
#8815=DIRECTION('',(-0.9728063663692376,-0.23161989023285698,0));
#8816=FACE_SURFACE('',(#8821),#8817,.T.);
#8817=PLANE('',#8818);
#8818=AXIS2_PLACEMENT_3D('',#458,#8819,#8820);
#8819=DIRECTION('',(-0,-0,-1));
#8820=DIRECTION('',(0.9728063663692376,-0.23161989023285698,0));
#8821=FACE_BOUND('',#8822,.T.);
#8822=EDGE_LOOP('',(#8823,#8824,#8825));
#8823=ORIENTED_EDGE('',*,*,#8826,.T.);
#8824=ORIENTED_EDGE('',*,*,#8827,.T.);
#8825=ORIENTED_EDGE('',*,*,#8828,.T.);
#8826=EDGE_CURVE('',#459,#359,#8829,.F.);
#8827=EDGE_CURVE('',#359,#455,#8830,.T.);
#8828=EDGE_CURVE('',#455,#459,#8831,.T.);
#8829=LINE('',#458,#8832);
#8830=LINE('',#358,#8833);
#8831=LINE('',#454,#8834);
#8832=VECTOR('',#8835,1.0);
#8833=VECTOR('',#8836,1.0);
#8834=VECTOR('',#8837,1.0);
#8835=DIRECTION('',(0.9728063663692376,-0.23161989023285698,0));
#8836=DIRECTION('',(-0.9969621355813562,0.07788774112183172,0));
#8837=DIRECTION('',(1,0,0));
#8838=FACE_SURFACE('',(#8843),#8839,.T.);
#8839=PLANE('',#8840);
#8840=AXIS2_PLACEMENT_3D('',#446,#8841,#8842);
#8841=DIRECTION('',(0,0,-1));
#8842=DIRECTION('',(0.4685027144251039,-0.8834620572363646,0));
#8843=FACE_BOUND('',#8844,.T.);
#8844=EDGE_LOOP('',(#8845,#8846,#8847));
#8845=ORIENTED_EDGE('',*,*,#8848,.T.);
#8846=ORIENTED_EDGE('',*,*,#8849,.T.);
#8847=ORIENTED_EDGE('',*,*,#8850,.T.);
#8848=EDGE_CURVE('',#447,#279,#8851,.F.);
#8849=EDGE_CURVE('',#279,#277,#8852,.T.);
#8850=EDGE_CURVE('',#277,#447,#8853,.T.);
#8851=LINE('',#446,#8854);
#8852=LINE('',#278,#8855);
#8853=LINE('',#276,#8856);
#8854=VECTOR('',#8857,1.0);
#8855=VECTOR('',#8858,1.0);
#8856=VECTOR('',#8859,1.0);
#8857=DIRECTION('',(0.4685027144251039,-0.8834620572363646,0));
#8858=DIRECTION('',(0,-1,0));
#8859=DIRECTION('',(-0.06397126722379992,0.9979517408020195,0));
#8860=FACE_SURFACE('',(#8865),#8861,.T.);
#8861=PLANE('',#8862);
#8862=AXIS2_PLACEMENT_3D('',#276,#8863,#8864);
#8863=DIRECTION('',(0,0,-1));
#8864=DIRECTION('',(0.9969621355813562,-0.07788774112183172,0));
#8865=FACE_BOUND('',#8866,.T.);
#8866=EDGE_LOOP('',(#8867,#8868,#8869));
#8867=ORIENTED_EDGE('',*,*,#8870,.T.);
#8868=ORIENTED_EDGE('',*,*,#8871,.T.);
#8869=ORIENTED_EDGE('',*,*,#8872,.T.);
#8870=EDGE_CURVE('',#277,#461,#8873,.F.);
#8871=EDGE_CURVE('',#461,#463,#8874,.T.);
#8872=EDGE_CURVE('',#463,#277,#8875,.T.);
#8873=LINE('',#276,#8876);
#8874=LINE('',#460,#8877);
#8875=LINE('',#462,#8878);
#8876=VECTOR('',#8879,1.0);
#8877=VECTOR('',#8880,1.0);
#8878=VECTOR('',#8881,1.0);
#8879=DIRECTION('',(0.9969621355813562,-0.07788774112183172,0));
#8880=DIRECTION('',(-1,0,0));
#8881=DIRECTION('',(-0.9728063663692376,0.23161989023285698,0));
#8882=FACE_SURFACE('',(#8887),#8883,.T.);
#8883=PLANE('',#8884);
#8884=AXIS2_PLACEMENT_3D('',#276,#8885,#8886);
#8885=DIRECTION('',(-0,0,-1));
#8886=DIRECTION('',(-0.46850250307425795,-0.8834621693163522,0));
#8887=FACE_BOUND('',#8888,.T.);
#8888=EDGE_LOOP('',(#8889,#8890,#8891));
#8889=ORIENTED_EDGE('',*,*,#8892,.T.);
#8890=ORIENTED_EDGE('',*,*,#8893,.T.);
#8891=ORIENTED_EDGE('',*,*,#8894,.T.);
#8892=EDGE_CURVE('',#277,#465,#8895,.F.);
#8893=EDGE_CURVE('',#465,#447,#8896,.T.);
#8894=EDGE_CURVE('',#447,#277,#8897,.T.);
#8895=LINE('',#276,#8898);
#8896=LINE('',#464,#8899);
#8897=LINE('',#446,#8900);
#8898=VECTOR('',#8901,1.0);
#8899=VECTOR('',#8902,1.0);
#8900=VECTOR('',#8903,1.0);
#8901=DIRECTION('',(-0.46850250307425795,-0.8834621693163522,0));
#8902=DIRECTION('',(0,1,0));
#8903=DIRECTION('',(0.06397126722379992,-0.9979517408020195,0));
#8904=FACE_SURFACE('',(#8909),#8905,.T.);
#8905=PLANE('',#8906);
#8906=AXIS2_PLACEMENT_3D('',#460,#8907,#8908);
#8907=DIRECTION('',(0,0,-1));
#8908=DIRECTION('',(-0.9969621355813562,0.07788774112183172,0));
#8909=FACE_BOUND('',#8910,.T.);
#8910=EDGE_LOOP('',(#8911,#8912,#8913));
#8911=ORIENTED_EDGE('',*,*,#8914,.T.);
#8912=ORIENTED_EDGE('',*,*,#8915,.T.);
#8913=ORIENTED_EDGE('',*,*,#8916,.T.);
#8914=EDGE_CURVE('',#461,#277,#8917,.F.);
#8915=EDGE_CURVE('',#277,#343,#8918,.T.);
#8916=EDGE_CURVE('',#343,#461,#8919,.T.);
#8917=LINE('',#460,#8920);
#8918=LINE('',#276,#8921);
#8919=LINE('',#342,#8922);
#8920=VECTOR('',#8923,1.0);
#8921=VECTOR('',#8924,1.0);
#8922=VECTOR('',#8925,1.0);
#8923=DIRECTION('',(-0.9969621355813562,0.07788774112183172,0));
#8924=DIRECTION('',(1,0,0));
#8925=DIRECTION('',(-0.9728063663692376,-0.23161989023285698,0));
#8926=FACE_SURFACE('',(#8931),#8927,.T.);
#8927=PLANE('',#8928);
#8928=AXIS2_PLACEMENT_3D('',#456,#8929,#8930);
#8929=DIRECTION('',(0,0,-1));
#8930=DIRECTION('',(-0.0639712627726579,0.9979517410873491,0));
#8931=FACE_BOUND('',#8932,.T.);
#8932=EDGE_LOOP('',(#8933,#8934,#8935));
#8933=ORIENTED_EDGE('',*,*,#8936,.T.);
#8934=ORIENTED_EDGE('',*,*,#8937,.T.);
#8935=ORIENTED_EDGE('',*,*,#8938,.T.);
#8936=EDGE_CURVE('',#457,#359,#8939,.F.);
#8937=EDGE_CURVE('',#359,#449,#8940,.T.);
#8938=EDGE_CURVE('',#449,#457,#8941,.T.);
#8939=LINE('',#456,#8942);
#8940=LINE('',#358,#8943);
#8941=LINE('',#448,#8944);
#8942=VECTOR('',#8945,1.0);
#8943=VECTOR('',#8946,1.0);
#8944=VECTOR('',#8947,1.0);
#8945=DIRECTION('',(-0.0639712627726579,0.9979517410873491,0));
#8946=DIRECTION('',(0.4685027144251039,0.8834620572363646,0));
#8947=DIRECTION('',(0,-1,0));
#8948=FACE_SURFACE('',(#8953),#8949,.T.);
#8949=PLANE('',#8950);
#8950=AXIS2_PLACEMENT_3D('',#342,#8951,#8952);
#8951=DIRECTION('',(0,-0,-1));
#8952=DIRECTION('',(0.46850250307425795,-0.8834621693163522,0));
#8953=FACE_BOUND('',#8954,.T.);
#8954=EDGE_LOOP('',(#8955,#8956,#8957));
#8955=ORIENTED_EDGE('',*,*,#8958,.T.);
#8956=ORIENTED_EDGE('',*,*,#8959,.T.);
#8957=ORIENTED_EDGE('',*,*,#8960,.T.);
#8958=EDGE_CURVE('',#343,#457,#8961,.F.);
#8959=EDGE_CURVE('',#457,#467,#8962,.T.);
#8960=EDGE_CURVE('',#467,#343,#8963,.T.);
#8961=LINE('',#342,#8964);
#8962=LINE('',#456,#8965);
#8963=LINE('',#466,#8966);
#8964=VECTOR('',#8967,1.0);
#8965=VECTOR('',#8968,1.0);
#8966=VECTOR('',#8969,1.0);
#8967=DIRECTION('',(0.46850250307425795,-0.8834621693163522,0));
#8968=DIRECTION('',(-0.9615240639532688,0.27472072080349186,0));
#8969=DIRECTION('',(0.9344880509014366,0.35599449816315143,0));
#8970=FACE_SURFACE('',(#8975),#8971,.T.);
#8971=PLANE('',#8972);
#8972=AXIS2_PLACEMENT_3D('',#468,#8973,#8974);
#8973=DIRECTION('',(0,-0,-1));
#8974=DIRECTION('',(0.9932434645756952,-0.11604921403296838,0));
#8975=FACE_BOUND('',#8976,.T.);
#8976=EDGE_LOOP('',(#8977,#8978,#8979));
#8977=ORIENTED_EDGE('',*,*,#8980,.T.);
#8978=ORIENTED_EDGE('',*,*,#8981,.T.);
#8979=ORIENTED_EDGE('',*,*,#8982,.T.);
#8980=EDGE_CURVE('',#469,#457,#8983,.F.);
#8981=EDGE_CURVE('',#457,#465,#8984,.T.);
#8982=EDGE_CURVE('',#465,#469,#8985,.T.);
#8983=LINE('',#468,#8986);
#8984=LINE('',#456,#8987);
#8985=LINE('',#464,#8988);
#8986=VECTOR('',#8989,1.0);
#8987=VECTOR('',#8990,1.0);
#8988=VECTOR('',#8991,1.0);
#8989=DIRECTION('',(0.9932434645756952,-0.11604921403296838,0));
#8990=DIRECTION('',(-1,0,0));
#8991=DIRECTION('',(0.9615240639532688,0.27472072080349186,0));
#8992=FACE_SURFACE('',(#8997),#8993,.T.);
#8993=PLANE('',#8994);
#8994=AXIS2_PLACEMENT_3D('',#342,#8995,#8996);
#8995=DIRECTION('',(0,0,-1));
#8996=DIRECTION('',(-0.9344880509014366,-0.35599449816315143,0));
#8997=FACE_BOUND('',#8998,.T.);
#8998=EDGE_LOOP('',(#8999,#9000,#9001));
#8999=ORIENTED_EDGE('',*,*,#9002,.T.);
#9000=ORIENTED_EDGE('',*,*,#9003,.T.);
#9001=ORIENTED_EDGE('',*,*,#9004,.T.);
#9002=EDGE_CURVE('',#343,#467,#9005,.F.);
#9003=EDGE_CURVE('',#467,#461,#9006,.T.);
#9004=EDGE_CURVE('',#461,#343,#9007,.T.);
#9005=LINE('',#342,#9008);
#9006=LINE('',#466,#9009);
#9007=LINE('',#460,#9010);
#9008=VECTOR('',#9011,1.0);
#9009=VECTOR('',#9012,1.0);
#9010=VECTOR('',#9013,1.0);
#9011=DIRECTION('',(-0.9344880509014366,-0.35599449816315143,0));
#9012=DIRECTION('',(0,1,0));
#9013=DIRECTION('',(0.9728063663692376,0.23161989023285698,0));
#9014=FACE_SURFACE('',(#9019),#9015,.T.);
#9015=PLANE('',#9016);
#9016=AXIS2_PLACEMENT_3D('',#276,#9017,#9018);
#9017=DIRECTION('',(0,0,-1));
#9018=DIRECTION('',(0.9728063663692376,-0.23161989023285698,0));
#9019=FACE_BOUND('',#9020,.T.);
#9020=EDGE_LOOP('',(#9021,#9022,#9023));
#9021=ORIENTED_EDGE('',*,*,#9024,.T.);
#9022=ORIENTED_EDGE('',*,*,#9025,.T.);
#9023=ORIENTED_EDGE('',*,*,#9026,.T.);
#9024=EDGE_CURVE('',#277,#463,#9027,.F.);
#9025=EDGE_CURVE('',#463,#469,#9028,.T.);
#9026=EDGE_CURVE('',#469,#277,#9029,.T.);
#9027=LINE('',#276,#9030);
#9028=LINE('',#462,#9031);
#9029=LINE('',#468,#9032);
#9030=VECTOR('',#9033,1.0);
#9031=VECTOR('',#9034,1.0);
#9032=VECTOR('',#9035,1.0);
#9033=DIRECTION('',(0.9728063663692376,-0.23161989023285698,0));
#9034=DIRECTION('',(0,-1,0));
#9035=DIRECTION('',(-0.9344880509014366,0.35599449816315143,0));
#9036=FACE_SURFACE('',(#9041),#9037,.T.);
#9037=PLANE('',#9038);
#9038=AXIS2_PLACEMENT_3D('',#456,#9039,#9040);
#9039=DIRECTION('',(0,0,-1));
#9040=DIRECTION('',(-0.9932434645756952,0.11604921403296838,0));
#9041=FACE_BOUND('',#9042,.T.);
#9042=EDGE_LOOP('',(#9043,#9044,#9045));
#9043=ORIENTED_EDGE('',*,*,#9046,.T.);
#9044=ORIENTED_EDGE('',*,*,#9047,.T.);
#9045=ORIENTED_EDGE('',*,*,#9048,.T.);
#9046=EDGE_CURVE('',#457,#469,#9049,.F.);
#9047=EDGE_CURVE('',#469,#467,#9050,.T.);
#9048=EDGE_CURVE('',#467,#457,#9051,.T.);
#9049=LINE('',#456,#9052);
#9050=LINE('',#468,#9053);
#9051=LINE('',#466,#9054);
#9052=VECTOR('',#9055,1.0);
#9053=VECTOR('',#9056,1.0);
#9054=VECTOR('',#9057,1.0);
#9055=DIRECTION('',(-0.9932434645756952,0.11604921403296838,0));
#9056=DIRECTION('',(1,0,0));
#9057=DIRECTION('',(0.9615240639532688,-0.27472072080349186,0));
#9058=FACE_SURFACE('',(#9063),#9059,.T.);
#9059=PLANE('',#9060);
#9060=AXIS2_PLACEMENT_3D('',#276,#9061,#9062);
#9061=DIRECTION('',(0,-0,-1));
#9062=DIRECTION('',(0.9344880509014366,-0.35599449816315143,0));
#9063=FACE_BOUND('',#9064,.T.);
#9064=EDGE_LOOP('',(#9065,#9066,#9067));
#9065=ORIENTED_EDGE('',*,*,#9068,.T.);
#9066=ORIENTED_EDGE('',*,*,#9069,.T.);
#9067=ORIENTED_EDGE('',*,*,#9070,.T.);
#9068=EDGE_CURVE('',#277,#469,#9071,.F.);
#9069=EDGE_CURVE('',#469,#465,#9072,.T.);
#9070=EDGE_CURVE('',#465,#277,#9073,.T.);
#9071=LINE('',#276,#9074);
#9072=LINE('',#468,#9075);
#9073=LINE('',#464,#9076);
#9074=VECTOR('',#9077,1.0);
#9075=VECTOR('',#9078,1.0);
#9076=VECTOR('',#9079,1.0);
#9077=DIRECTION('',(0.9344880509014366,-0.35599449816315143,0));
#9078=DIRECTION('',(-0.9615240639532688,-0.27472072080349186,0));
#9079=DIRECTION('',(0.46850250307425795,0.8834621693163522,0));
#9080=FACE_SURFACE('',(#9085),#9081,.T.);
#9081=PLANE('',#9082);
#9082=AXIS2_PLACEMENT_3D('',#278,#9083,#9084);
#9083=DIRECTION('',(-0,1,0));
#9084=DIRECTION('',(1,0,0));
#9085=FACE_BOUND('',#9086,.T.);
#9086=EDGE_LOOP('',(#9087,#9088,#9089));
#9087=ORIENTED_EDGE('',*,*,#9090,.T.);
#9088=ORIENTED_EDGE('',*,*,#9091,.T.);
#9089=ORIENTED_EDGE('',*,*,#9092,.T.);
#9090=EDGE_CURVE('',#279,#359,#9093,.F.);
#9091=EDGE_CURVE('',#359,#335,#9094,.T.);
#9092=EDGE_CURVE('',#335,#279,#9095,.T.);
#9093=LINE('',#278,#9096);
#9094=LINE('',#358,#9097);
#9095=LINE('',#334,#9098);
#9096=VECTOR('',#9099,1.0);
#9097=VECTOR('',#9100,1.0);
#9098=VECTOR('',#9101,1.0);
#9099=DIRECTION('',(1,0,0));
#9100=DIRECTION('',(0,0,-1));
#9101=DIRECTION('',(-0.8169678632647616,0,0.5766831975986553));
#9102=FACE_SURFACE('',(#9107),#9103,.T.);
#9103=PLANE('',#9104);
#9104=AXIS2_PLACEMENT_3D('',#278,#9105,#9106);
#9105=DIRECTION('',(0,1,0));
#9106=DIRECTION('',(0.8169678632647616,0,-0.5766831975986553));
#9107=FACE_BOUND('',#9108,.T.);
#9108=EDGE_LOOP('',(#9109,#9110,#9111));
#9109=ORIENTED_EDGE('',*,*,#9112,.T.);
#9110=ORIENTED_EDGE('',*,*,#9113,.T.);
#9111=ORIENTED_EDGE('',*,*,#9114,.T.);
#9112=EDGE_CURVE('',#279,#335,#9115,.F.);
#9113=EDGE_CURVE('',#335,#273,#9116,.T.);
#9114=EDGE_CURVE('',#273,#279,#9117,.T.);
#9115=LINE('',#278,#9118);
#9116=LINE('',#334,#9119);
#9117=LINE('',#272,#9120);
#9118=VECTOR('',#9121,1.0);
#9119=VECTOR('',#9122,1.0);
#9120=VECTOR('',#9123,1.0);
#9121=DIRECTION('',(0.8169678632647616,0,-0.5766831975986553));
#9122=DIRECTION('',(-1,0,0));
#9123=DIRECTION('',(0,0,1));
#9124=FACE_SURFACE('',(#9129),#9125,.T.);
#9125=PLANE('',#9126);
#9126=AXIS2_PLACEMENT_3D('',#332,#9127,#9128);
#9127=DIRECTION('',(0,0,1));
#9128=DIRECTION('',(-1,0,0));
#9129=FACE_BOUND('',#9130,.T.);
#9130=EDGE_LOOP('',(#9131,#9132,#9133));
#9131=ORIENTED_EDGE('',*,*,#9134,.T.);
#9132=ORIENTED_EDGE('',*,*,#9135,.T.);
#9133=ORIENTED_EDGE('',*,*,#9136,.T.);
#9134=EDGE_CURVE('',#333,#331,#9137,.F.);
#9135=EDGE_CURVE('',#331,#471,#9138,.T.);
#9136=EDGE_CURVE('',#471,#333,#9139,.T.);
#9137=LINE('',#332,#9140);
#9138=LINE('',#330,#9141);
#9139=LINE('',#470,#9142);
#9140=VECTOR('',#9143,1.0);
#9141=VECTOR('',#9144,1.0);
#9142=VECTOR('',#9145,1.0);
#9143=DIRECTION('',(-1,0,0));
#9144=DIRECTION('',(0,-1,0));
#9145=DIRECTION('',(0.9899494756785557,0.14142148211552777,0));
#9146=FACE_SURFACE('',(#9151),#9147,.T.);
#9147=PLANE('',#9148);
#9148=AXIS2_PLACEMENT_3D('',#332,#9149,#9150);
#9149=DIRECTION('',(0,0,1));
#9150=DIRECTION('',(-0.9899494756785557,-0.14142148211552777,0));
#9151=FACE_BOUND('',#9152,.T.);
#9152=EDGE_LOOP('',(#9153,#9154,#9155));
#9153=ORIENTED_EDGE('',*,*,#9156,.T.);
#9154=ORIENTED_EDGE('',*,*,#9157,.T.);
#9155=ORIENTED_EDGE('',*,*,#9158,.T.);
#9156=EDGE_CURVE('',#333,#471,#9159,.F.);
#9157=EDGE_CURVE('',#471,#335,#9160,.T.);
#9158=EDGE_CURVE('',#335,#333,#9161,.T.);
#9159=LINE('',#332,#9162);
#9160=LINE('',#470,#9163);
#9161=LINE('',#334,#9164);
#9162=VECTOR('',#9165,1.0);
#9163=VECTOR('',#9166,1.0);
#9164=VECTOR('',#9167,1.0);
#9165=DIRECTION('',(-0.9899494756785557,-0.14142148211552777,0));
#9166=DIRECTION('',(0.9954955498034233,-0.0948082819250519,0));
#9167=DIRECTION('',(0,1,0));
#9168=FACE_SURFACE('',(#9173),#9169,.T.);
#9169=PLANE('',#9170);
#9170=AXIS2_PLACEMENT_3D('',#272,#9171,#9172);
#9171=DIRECTION('',(0,0,1));
#9172=DIRECTION('',(1,0,0));
#9173=FACE_BOUND('',#9174,.T.);
#9174=EDGE_LOOP('',(#9175,#9176,#9177));
#9175=ORIENTED_EDGE('',*,*,#9178,.T.);
#9176=ORIENTED_EDGE('',*,*,#9179,.T.);
#9177=ORIENTED_EDGE('',*,*,#9180,.T.);
#9178=EDGE_CURVE('',#273,#335,#9181,.F.);
#9179=EDGE_CURVE('',#335,#471,#9182,.T.);
#9180=EDGE_CURVE('',#471,#273,#9183,.T.);
#9181=LINE('',#272,#9184);
#9182=LINE('',#334,#9185);
#9183=LINE('',#470,#9186);
#9184=VECTOR('',#9187,1.0);
#9185=VECTOR('',#9188,1.0);
#9186=VECTOR('',#9189,1.0);
#9187=DIRECTION('',(1,0,0));
#9188=DIRECTION('',(-0.9954955498034233,0.0948082819250519,0));
#9189=DIRECTION('',(-0.9995120807368721,-0.031234603583978914,0));
#9190=FACE_SURFACE('',(#9195),#9191,.T.);
#9191=PLANE('',#9192);
#9192=AXIS2_PLACEMENT_3D('',#280,#9193,#9194);
#9193=DIRECTION('',(0,0,1));
#9194=DIRECTION('',(0,-1,0));
#9195=FACE_BOUND('',#9196,.T.);
#9196=EDGE_LOOP('',(#9197,#9198,#9199));
#9197=ORIENTED_EDGE('',*,*,#9200,.T.);
#9198=ORIENTED_EDGE('',*,*,#9201,.T.);
#9199=ORIENTED_EDGE('',*,*,#9202,.T.);
#9200=EDGE_CURVE('',#281,#273,#9203,.F.);
#9201=EDGE_CURVE('',#273,#473,#9204,.T.);
#9202=EDGE_CURVE('',#473,#281,#9205,.T.);
#9203=LINE('',#280,#9206);
#9204=LINE('',#272,#9207);
#9205=LINE('',#472,#9208);
#9206=VECTOR('',#9209,1.0);
#9207=VECTOR('',#9210,1.0);
#9208=VECTOR('',#9211,1.0);
#9209=DIRECTION('',(0,-1,0));
#9210=DIRECTION('',(0.9954955498034233,0.0948082819250519,0));
#9211=DIRECTION('',(-0.9899494756785557,0.14142148211552777,0));
#9212=FACE_SURFACE('',(#9217),#9213,.T.);
#9213=PLANE('',#9214);
#9214=AXIS2_PLACEMENT_3D('',#272,#9215,#9216);
#9215=DIRECTION('',(0,0,1));
#9216=DIRECTION('',(0.9995120807368721,0.031234603583978914,0));
#9217=FACE_BOUND('',#9218,.T.);
#9218=EDGE_LOOP('',(#9219,#9220,#9221));
#9219=ORIENTED_EDGE('',*,*,#9222,.T.);
#9220=ORIENTED_EDGE('',*,*,#9223,.T.);
#9221=ORIENTED_EDGE('',*,*,#9224,.T.);
#9222=EDGE_CURVE('',#273,#471,#9225,.F.);
#9223=EDGE_CURVE('',#471,#473,#9226,.T.);
#9224=EDGE_CURVE('',#473,#273,#9227,.T.);
#9225=LINE('',#272,#9228);
#9226=LINE('',#470,#9229);
#9227=LINE('',#472,#9230);
#9228=VECTOR('',#9231,1.0);
#9229=VECTOR('',#9232,1.0);
#9230=VECTOR('',#9233,1.0);
#9231=DIRECTION('',(0.9995120807368721,0.031234603583978914,0));
#9232=DIRECTION('',(-1,0,0));
#9233=DIRECTION('',(-0.9954955498034233,-0.0948082819250519,0));
#9234=FACE_SURFACE('',(#9239),#9235,.T.);
#9235=PLANE('',#9236);
#9236=AXIS2_PLACEMENT_3D('',#280,#9237,#9238);
#9237=DIRECTION('',(-0,0,1));
#9238=DIRECTION('',(0.9899494756785557,-0.14142148211552777,0));
#9239=FACE_BOUND('',#9240,.T.);
#9240=EDGE_LOOP('',(#9241,#9242,#9243));
#9241=ORIENTED_EDGE('',*,*,#9244,.T.);
#9242=ORIENTED_EDGE('',*,*,#9245,.T.);
#9243=ORIENTED_EDGE('',*,*,#9246,.T.);
#9244=EDGE_CURVE('',#281,#473,#9247,.F.);
#9245=EDGE_CURVE('',#473,#329,#9248,.T.);
#9246=EDGE_CURVE('',#329,#281,#9249,.T.);
#9247=LINE('',#280,#9250);
#9248=LINE('',#472,#9251);
#9249=LINE('',#328,#9252);
#9250=VECTOR('',#9253,1.0);
#9251=VECTOR('',#9254,1.0);
#9252=VECTOR('',#9255,1.0);
#9253=DIRECTION('',(0.9899494756785557,-0.14142148211552777,0));
#9254=DIRECTION('',(0,1,0));
#9255=DIRECTION('',(-1,0,0));
#9256=FACE_SURFACE('',(#9261),#9257,.T.);
#9257=PLANE('',#9258);
#9258=AXIS2_PLACEMENT_3D('',#286,#9259,#9260);
#9259=DIRECTION('',(-0.01870773477001564,0.8040519359349072,-0.5942646758634595));
#9260=DIRECTION('',(0.9933656603657949,0.08240026964055713,0.08021758142197995));
#9261=FACE_BOUND('',#9262,.T.);
#9262=EDGE_LOOP('',(#9263,#9264,#9265));
#9263=ORIENTED_EDGE('',*,*,#9266,.T.);
#9264=ORIENTED_EDGE('',*,*,#9267,.T.);
#9265=ORIENTED_EDGE('',*,*,#9268,.T.);
#9266=EDGE_CURVE('',#287,#475,#9269,.F.);
#9267=EDGE_CURVE('',#475,#477,#9270,.T.);
#9268=EDGE_CURVE('',#477,#287,#9271,.T.);
#9269=LINE('',#286,#9272);
#9270=LINE('',#474,#9273);
#9271=LINE('',#476,#9274);
#9272=VECTOR('',#9275,1.0);
#9273=VECTOR('',#9276,1.0);
#9274=VECTOR('',#9277,1.0);
#9275=DIRECTION('',(0.9933656603657949,0.08240026964055713,0.08021758142197995));
#9276=DIRECTION('',(0,-0.5943686933468226,-0.8041926736604798));
#9277=DIRECTION('',(-0.9826418532600977,0.09493403463617414,0.1593816717482227));
#9278=FACE_SURFACE('',(#9283),#9279,.T.);
#9279=PLANE('',#9280);
#9280=AXIS2_PLACEMENT_3D('',#286,#9281,#9282);
#9281=DIRECTION('',(0.014779490034884102,0.8964720629138514,-0.4428537084515521));
#9282=DIRECTION('',(0.9826418532600977,-0.09493403463617414,-0.1593816717482227));
#9283=FACE_BOUND('',#9284,.T.);
#9284=EDGE_LOOP('',(#9285,#9286,#9287));
#9285=ORIENTED_EDGE('',*,*,#9288,.T.);
#9286=ORIENTED_EDGE('',*,*,#9289,.T.);
#9287=ORIENTED_EDGE('',*,*,#9290,.T.);
#9288=EDGE_CURVE('',#287,#477,#9291,.F.);
#9289=EDGE_CURVE('',#477,#289,#9292,.T.);
#9290=EDGE_CURVE('',#289,#287,#9293,.T.);
#9291=LINE('',#286,#9294);
#9292=LINE('',#476,#9295);
#9293=LINE('',#288,#9296);
#9294=VECTOR('',#9297,1.0);
#9295=VECTOR('',#9298,1.0);
#9296=VECTOR('',#9299,1.0);
#9297=DIRECTION('',(0.9826418532600977,-0.09493403463617414,-0.1593816717482227));
#9298=DIRECTION('',(-0.9887532766366374,-0.05281832317116223,-0.13991848583264427));
#9299=DIRECTION('',(0,0.44290208338088477,0.8965699886438715));
#9300=FACE_SURFACE('',(#9305),#9301,.T.);
#9301=PLANE('',#9302);
#9302=AXIS2_PLACEMENT_3D('',#476,#9303,#9304);
#9303=DIRECTION('',(-0.039182657968722195,0.9943675719058026,-0.09847766882225024));
#9304=DIRECTION('',(0,-0.09855335141036765,-0.9951317686245297));
#9305=FACE_BOUND('',#9306,.T.);
#9306=EDGE_LOOP('',(#9307,#9308,#9309));
#9307=ORIENTED_EDGE('',*,*,#9310,.T.);
#9308=ORIENTED_EDGE('',*,*,#9311,.T.);
#9309=ORIENTED_EDGE('',*,*,#9312,.T.);
#9310=EDGE_CURVE('',#477,#479,#9313,.F.);
#9311=EDGE_CURVE('',#479,#289,#9314,.T.);
#9312=EDGE_CURVE('',#289,#477,#9315,.T.);
#9313=LINE('',#476,#9316);
#9314=LINE('',#478,#9317);
#9315=LINE('',#288,#9318);
#9316=VECTOR('',#9319,1.0);
#9317=VECTOR('',#9320,1.0);
#9318=VECTOR('',#9321,1.0);
#9319=DIRECTION('',(0,-0.09855335141036765,-0.9951317686245297));
#9320=DIRECTION('',(-0.9587498308654497,-0.009644406524628415,0.28408756966516374));
#9321=DIRECTION('',(0.9887532766366374,0.05281832317116223,0.13991848583264427));
#9322=FACE_SURFACE('',(#9327),#9323,.T.);
#9323=PLANE('',#9324);
#9324=AXIS2_PLACEMENT_3D('',#478,#9325,#9326);
#9325=DIRECTION('',(-0.06205576883528055,0.982418539089974,-0.17607639139471037));
#9326=DIRECTION('',(-0.9760698786002208,-0.022897116540725928,0.2162482696889634));
#9327=FACE_BOUND('',#9328,.T.);
#9328=EDGE_LOOP('',(#9329,#9330,#9331));
#9329=ORIENTED_EDGE('',*,*,#9332,.T.);
#9330=ORIENTED_EDGE('',*,*,#9333,.T.);
#9331=ORIENTED_EDGE('',*,*,#9334,.T.);
#9332=EDGE_CURVE('',#479,#291,#9335,.F.);
#9333=EDGE_CURVE('',#291,#289,#9336,.T.);
#9334=EDGE_CURVE('',#289,#479,#9337,.T.);
#9335=LINE('',#478,#9338);
#9336=LINE('',#290,#9339);
#9337=LINE('',#288,#9340);
#9338=VECTOR('',#9341,1.0);
#9339=VECTOR('',#9342,1.0);
#9340=VECTOR('',#9343,1.0);
#9341=DIRECTION('',(-0.9760698786002208,-0.022897116540725928,0.2162482696889634));
#9342=DIRECTION('',(0,0.17641640163597935,0.9843156268361347));
#9343=DIRECTION('',(0.9587498308654497,0.009644406524628415,-0.28408756966516374));
#9344=FACE_SURFACE('',(#9349),#9345,.T.);
#9345=PLANE('',#9346);
#9346=AXIS2_PLACEMENT_3D('',#286,#9347,#9348);
#9347=DIRECTION('',(0.011204149289989387,0.6248867398594736,-0.7806350167565417));
#9348=DIRECTION('',(0,0.7806840190828241,0.6249259654940645));
#9349=FACE_BOUND('',#9350,.T.);
#9350=EDGE_LOOP('',(#9351,#9352,#9353));
#9351=ORIENTED_EDGE('',*,*,#9354,.T.);
#9352=ORIENTED_EDGE('',*,*,#9355,.T.);
#9353=ORIENTED_EDGE('',*,*,#9356,.T.);
#9354=EDGE_CURVE('',#287,#285,#9357,.F.);
#9355=EDGE_CURVE('',#285,#475,#9358,.T.);
#9356=EDGE_CURVE('',#475,#287,#9359,.T.);
#9357=LINE('',#286,#9360);
#9358=LINE('',#284,#9361);
#9359=LINE('',#474,#9362);
#9360=VECTOR('',#9363,1.0);
#9361=VECTOR('',#9364,1.0);
#9362=VECTOR('',#9365,1.0);
#9363=DIRECTION('',(0,0.7806840190828241,0.6249259654940645));
#9364=DIRECTION('',(0.9795567948986661,-0.16367361813260622,-0.11695910522586155));
#9365=DIRECTION('',(-0.9933656603657949,-0.08240026964055713,-0.08021758142197995));
#9366=FACE_SURFACE('',(#9371),#9367,.T.);
#9367=PLANE('',#9368);
#9368=AXIS2_PLACEMENT_3D('',#480,#9369,#9370);
#9369=DIRECTION('',(-0.009922122254996227,0.5413837352198863,-0.8407170765063124));
#9370=DIRECTION('',(0,-0.8407584632339588,-0.541410386398776));
#9371=FACE_BOUND('',#9372,.T.);
#9372=EDGE_LOOP('',(#9373,#9374,#9375));
#9373=ORIENTED_EDGE('',*,*,#9376,.T.);
#9374=ORIENTED_EDGE('',*,*,#9377,.T.);
#9375=ORIENTED_EDGE('',*,*,#9378,.T.);
#9376=EDGE_CURVE('',#481,#475,#9379,.F.);
#9377=EDGE_CURVE('',#475,#285,#9380,.T.);
#9378=EDGE_CURVE('',#285,#481,#9381,.T.);
#9379=LINE('',#480,#9382);
#9380=LINE('',#474,#9383);
#9381=LINE('',#284,#9384);
#9382=VECTOR('',#9385,1.0);
#9383=VECTOR('',#9386,1.0);
#9384=VECTOR('',#9387,1.0);
#9385=DIRECTION('',(0,-0.8407584632339588,-0.541410386398776));
#9386=DIRECTION('',(-0.9795567948986661,0.16367361813260622,0.11695910522586155));
#9387=DIRECTION('',(0.9983843258033994,0.052405427257746794,0.021963815333969895));
#9388=FACE_SURFACE('',(#9393),#9389,.T.);
#9389=PLANE('',#9390);
#9390=AXIS2_PLACEMENT_3D('',#284,#9391,#9392);
#9391=DIRECTION('',(0.0021958224369162823,0.3506658884345342,-0.9364980582212888));
#9392=DIRECTION('',(0,0.9365003159559107,0.3506667338292577));
#9393=FACE_BOUND('',#9394,.T.);
#9394=EDGE_LOOP('',(#9395,#9396,#9397));
#9395=ORIENTED_EDGE('',*,*,#9398,.T.);
#9396=ORIENTED_EDGE('',*,*,#9399,.T.);
#9397=ORIENTED_EDGE('',*,*,#9400,.T.);
#9398=EDGE_CURVE('',#285,#283,#9401,.F.);
#9399=EDGE_CURVE('',#283,#481,#9402,.T.);
#9400=EDGE_CURVE('',#481,#285,#9403,.T.);
#9401=LINE('',#284,#9404);
#9402=LINE('',#282,#9405);
#9403=LINE('',#480,#9406);
#9404=VECTOR('',#9407,1.0);
#9405=VECTOR('',#9408,1.0);
#9406=VECTOR('',#9409,1.0);
#9407=DIRECTION('',(0,0.9365003159559107,0.3506667338292577));
#9408=DIRECTION('',(0.9971320866554547,-0.07161333387551211,-0.02447717658091679));
#9409=DIRECTION('',(-0.9983843258033994,-0.052405427257746794,-0.021963815333969895));
#9410=FACE_SURFACE('',(#9415),#9411,.T.);
#9411=PLANE('',#9412);
#9412=AXIS2_PLACEMENT_3D('',#282,#9413,#9414);
#9413=DIRECTION('',(-0.0057093397097327,0.25132407065390167,-0.9678861580527078));
#9414=DIRECTION('',(0.9941198073236467,0.10609243671297584,0.021684177620989273));
#9415=FACE_BOUND('',#9416,.T.);
#9416=EDGE_LOOP('',(#9417,#9418,#9419));
#9417=ORIENTED_EDGE('',*,*,#9420,.T.);
#9418=ORIENTED_EDGE('',*,*,#9421,.T.);
#9419=ORIENTED_EDGE('',*,*,#9422,.T.);
#9420=EDGE_CURVE('',#283,#483,#9423,.F.);
#9421=EDGE_CURVE('',#483,#481,#9424,.T.);
#9422=EDGE_CURVE('',#481,#283,#9425,.T.);
#9423=LINE('',#282,#9426);
#9424=LINE('',#482,#9427);
#9425=LINE('',#480,#9428);
#9426=VECTOR('',#9429,1.0);
#9427=VECTOR('',#9430,1.0);
#9428=VECTOR('',#9431,1.0);
#9429=DIRECTION('',(0.9941198073236467,0.10609243671297584,0.021684177620989273));
#9430=DIRECTION('',(0,-0.9679019333179474,-0.25132816690410903));
#9431=DIRECTION('',(-0.9971320866554547,0.07161333387551211,0.02447717658091679));
#9432=FACE_SURFACE('',(#9437),#9433,.T.);
#9433=PLANE('',#9434);
#9434=AXIS2_PLACEMENT_3D('',#274,#9435,#9436);
#9435=DIRECTION('',(0.006156220489283522,0.14455312800799222,-0.9894778896632266));
#9436=DIRECTION('',(0.9950769726478731,-0.09876217908612199,-0.00823714077242235));
#9437=FACE_BOUND('',#9438,.T.);
#9438=EDGE_LOOP('',(#9439,#9440,#9441));
#9439=ORIENTED_EDGE('',*,*,#9442,.T.);
#9440=ORIENTED_EDGE('',*,*,#9443,.T.);
#9441=ORIENTED_EDGE('',*,*,#9444,.T.);
#9442=EDGE_CURVE('',#275,#483,#9445,.F.);
#9443=EDGE_CURVE('',#483,#283,#9446,.T.);
#9444=EDGE_CURVE('',#283,#275,#9447,.T.);
#9445=LINE('',#274,#9448);
#9446=LINE('',#482,#9449);
#9447=LINE('',#282,#9450);
#9448=VECTOR('',#9451,1.0);
#9449=VECTOR('',#9452,1.0);
#9450=VECTOR('',#9453,1.0);
#9451=DIRECTION('',(0.9950769726478731,-0.09876217908612199,-0.00823714077242235));
#9452=DIRECTION('',(-0.9941198073236467,-0.10609243671297584,-0.021684177620989273));
#9453=DIRECTION('',(0,0.9894966403325623,0.14455586729901937));
#9454=FACE_SURFACE('',(#9459),#9455,.T.);
#9455=PLANE('',#9456);
#9456=AXIS2_PLACEMENT_3D('',#482,#9457,#9458);
#9457=DIRECTION('',(0,0.08311521560120673,-0.9965399444756666));
#9458=DIRECTION('',(-0.9950769726478731,0.09876217908612199,0.00823714077242235));
#9459=FACE_BOUND('',#9460,.T.);
#9460=EDGE_LOOP('',(#9461,#9462,#9463));
#9461=ORIENTED_EDGE('',*,*,#9464,.T.);
#9462=ORIENTED_EDGE('',*,*,#9465,.T.);
#9463=ORIENTED_EDGE('',*,*,#9466,.T.);
#9464=EDGE_CURVE('',#483,#275,#9467,.F.);
#9465=EDGE_CURVE('',#275,#485,#9468,.T.);
#9466=EDGE_CURVE('',#485,#483,#9469,.T.);
#9467=LINE('',#482,#9470);
#9468=LINE('',#274,#9471);
#9469=LINE('',#484,#9472);
#9470=VECTOR('',#9473,1.0);
#9471=VECTOR('',#9474,1.0);
#9472=VECTOR('',#9475,1.0);
#9473=DIRECTION('',(-0.9950769726478731,0.09876217908612199,0.00823714077242235));
#9474=DIRECTION('',(1,0,0));
#9475=DIRECTION('',(0,-0.9965399444756666,-0.08311521560120673));
#9476=FACE_SURFACE('',(#9481),#9477,.T.);
#9477=PLANE('',#9478);
#9478=AXIS2_PLACEMENT_3D('',#484,#9479,#9480);
#9479=DIRECTION('',(-0.03145001000894717,-0.3050866873042179,-0.9518051324195387));
#9480=DIRECTION('',(-0.988676968604972,0.14928930201253857,-0.015184072401442022));
#9481=FACE_BOUND('',#9482,.T.);
#9482=EDGE_LOOP('',(#9483,#9484,#9485));
#9483=ORIENTED_EDGE('',*,*,#9486,.T.);
#9484=ORIENTED_EDGE('',*,*,#9487,.T.);
#9485=ORIENTED_EDGE('',*,*,#9488,.T.);
#9486=EDGE_CURVE('',#485,#327,#9489,.F.);
#9487=EDGE_CURVE('',#327,#487,#9490,.T.);
#9488=EDGE_CURVE('',#487,#485,#9491,.T.);
#9489=LINE('',#484,#9492);
#9490=LINE('',#326,#9493);
#9491=LINE('',#486,#9494);
#9492=VECTOR('',#9495,1.0);
#9493=VECTOR('',#9496,1.0);
#9494=VECTOR('',#9497,1.0);
#9495=DIRECTION('',(-0.988676968604972,0.14928930201253857,-0.015184072401442022));
#9496=DIRECTION('',(0.957463036864313,0.2640872426946858,-0.11628611819338225));
#9497=DIRECTION('',(0,-0.9522761986157482,0.30523768042287996));
#9498=FACE_SURFACE('',(#9503),#9499,.T.);
#9499=PLANE('',#9500);
#9500=AXIS2_PLACEMENT_3D('',#488,#9501,#9502);
#9501=DIRECTION('',(-0.022186200493478612,-0.9989701030658357,-0.03957910671423492));
#9502=DIRECTION('',(0,-0.03958885127401112,0.9992160541418479));
#9503=FACE_BOUND('',#9504,.T.);
#9504=EDGE_LOOP('',(#9505,#9506,#9507));
#9505=ORIENTED_EDGE('',*,*,#9508,.T.);
#9506=ORIENTED_EDGE('',*,*,#9509,.T.);
#9507=ORIENTED_EDGE('',*,*,#9510,.T.);
#9508=EDGE_CURVE('',#489,#491,#9511,.F.);
#9509=EDGE_CURVE('',#491,#317,#9512,.T.);
#9510=EDGE_CURVE('',#317,#489,#9513,.T.);
#9511=LINE('',#488,#9514);
#9512=LINE('',#490,#9515);
#9513=LINE('',#316,#9516);
#9514=VECTOR('',#9517,1.0);
#9515=VECTOR('',#9518,1.0);
#9516=VECTOR('',#9519,1.0);
#9517=DIRECTION('',(0,-0.03958885127401112,0.9992160541418479));
#9518=DIRECTION('',(-0.9825392909708826,0.029102044390653295,-0.18376510199360427));
#9519=DIRECTION('',(0.988751953355491,-0.016067822728326384,-0.14869902423510314));
#9520=FACE_SURFACE('',(#9525),#9521,.T.);
#9521=PLANE('',#9522);
#9522=AXIS2_PLACEMENT_3D('',#310,#9523,#9524);
#9523=DIRECTION('',(0.003525645837998486,-0.7723231835517244,0.6352200169783336));
#9524=DIRECTION('',(0.9971394452565056,0.05067592719814222,0.056079203954378744));
#9525=FACE_BOUND('',#9526,.T.);
#9526=EDGE_LOOP('',(#9527,#9528,#9529));
#9527=ORIENTED_EDGE('',*,*,#9530,.T.);
#9528=ORIENTED_EDGE('',*,*,#9531,.T.);
#9529=ORIENTED_EDGE('',*,*,#9532,.T.);
#9530=EDGE_CURVE('',#311,#493,#9533,.F.);
#9531=EDGE_CURVE('',#493,#313,#9534,.T.);
#9532=EDGE_CURVE('',#313,#311,#9535,.T.);
#9533=LINE('',#310,#9536);
#9534=LINE('',#492,#9537);
#9535=LINE('',#312,#9538);
#9536=VECTOR('',#9539,1.0);
#9537=VECTOR('',#9540,1.0);
#9538=VECTOR('',#9541,1.0);
#9539=DIRECTION('',(0.9971394452565056,0.05067592719814222,0.056079203954378744));
#9540=DIRECTION('',(-0.9887543185178319,0.09227893363837439,0.11768388172941159));
#9541=DIRECTION('',(0,-0.635223964964262,-0.7723279836540186));
#9542=FACE_SURFACE('',(#9547),#9543,.T.);
#9543=PLANE('',#9544);
#9544=AXIS2_PLACEMENT_3D('',#494,#9545,#9546);
#9545=DIRECTION('',(-0.006375242554580647,-0.6448679916062307,0.7642673810153856));
#9546=DIRECTION('',(0,0.7642829128226538,0.6448810969219982));
#9547=FACE_BOUND('',#9548,.T.);
#9548=EDGE_LOOP('',(#9549,#9550,#9551));
#9549=ORIENTED_EDGE('',*,*,#9552,.T.);
#9550=ORIENTED_EDGE('',*,*,#9553,.T.);
#9551=ORIENTED_EDGE('',*,*,#9554,.T.);
#9552=EDGE_CURVE('',#495,#493,#9555,.F.);
#9553=EDGE_CURVE('',#493,#309,#9556,.T.);
#9554=EDGE_CURVE('',#309,#495,#9557,.T.);
#9555=LINE('',#494,#9558);
#9556=LINE('',#492,#9559);
#9557=LINE('',#308,#9560);
#9558=VECTOR('',#9561,1.0);
#9559=VECTOR('',#9562,1.0);
#9560=VECTOR('',#9563,1.0);
#9561=DIRECTION('',(0,0.7642829128226538,0.6448810969219982));
#9562=DIRECTION('',(-0.982614687712054,-0.13777349149398957,-0.1244461350709541));
#9563=DIRECTION('',(0.9992813413741308,-0.032666555232641656,-0.019227505057873216));
#9564=FACE_SURFACE('',(#9569),#9565,.T.);
#9565=PLANE('',#9566);
#9566=AXIS2_PLACEMENT_3D('',#494,#9567,#9568);
#9567=DIRECTION('',(-0.016731892217588955,-0.29934000423755414,0.9539997933154284));
#9568=DIRECTION('',(-0.9711045521173175,-0.22231449864937028,-0.0867883203392201));
#9569=FACE_BOUND('',#9570,.T.);
#9570=EDGE_LOOP('',(#9571,#9572,#9573));
#9571=ORIENTED_EDGE('',*,*,#9574,.T.);
#9572=ORIENTED_EDGE('',*,*,#9575,.T.);
#9573=ORIENTED_EDGE('',*,*,#9576,.T.);
#9574=EDGE_CURVE('',#495,#307,#9577,.F.);
#9575=EDGE_CURVE('',#307,#497,#9578,.T.);
#9576=EDGE_CURVE('',#497,#495,#9579,.T.);
#9577=LINE('',#494,#9580);
#9578=LINE('',#306,#9581);
#9579=LINE('',#496,#9582);
#9580=VECTOR('',#9583,1.0);
#9581=VECTOR('',#9584,1.0);
#9582=VECTOR('',#9585,1.0);
#9583=DIRECTION('',(-0.9711045521173175,-0.22231449864937028,-0.0867883203392201));
#9584=DIRECTION('',(0.9955337390499723,-0.09365029146183898,-0.011924651873080876));
#9585=DIRECTION('',(0,0.9541333604474586,0.29938191408506987));
#9586=FACE_SURFACE('',(#9591),#9587,.T.);
#9587=PLANE('',#9588);
#9588=AXIS2_PLACEMENT_3D('',#304,#9589,#9590);
#9589=DIRECTION('',(-0.016235533393693113,0.1764371539662435,0.9841780012557252));
#9590=DIRECTION('',(0,-0.9843077378963313,0.1764604123235777));
#9591=FACE_BOUND('',#9592,.T.);
#9592=EDGE_LOOP('',(#9593,#9594,#9595));
#9593=ORIENTED_EDGE('',*,*,#9596,.T.);
#9594=ORIENTED_EDGE('',*,*,#9597,.T.);
#9595=ORIENTED_EDGE('',*,*,#9598,.T.);
#9596=EDGE_CURVE('',#305,#303,#9599,.F.);
#9597=EDGE_CURVE('',#303,#497,#9600,.T.);
#9598=EDGE_CURVE('',#497,#305,#9601,.T.);
#9599=LINE('',#304,#9602);
#9600=LINE('',#302,#9603);
#9601=LINE('',#496,#9604);
#9602=VECTOR('',#9605,1.0);
#9603=VECTOR('',#9606,1.0);
#9604=VECTOR('',#9607,1.0);
#9605=DIRECTION('',(0,-0.9843077378963313,0.1764604123235777));
#9606=DIRECTION('',(0.9573772295497206,0.28663905806899787,-0.035593408505216896));
#9607=DIRECTION('',(-0.9971286195160604,-0.07567167952214243,-0.0028832378143050148));
#9608=FACE_SURFACE('',(#9613),#9609,.T.);
#9609=PLANE('',#9610);
#9610=AXIS2_PLACEMENT_3D('',#498,#9611,#9612);
#9611=DIRECTION('',(-0.03229865500293964,0.2657829482370411,0.9634916820146541));
#9612=DIRECTION('',(0,0.9639946343219181,-0.2659216895978048));
#9613=FACE_BOUND('',#9614,.T.);
#9614=EDGE_LOOP('',(#9615,#9616,#9617));
#9615=ORIENTED_EDGE('',*,*,#9618,.T.);
#9616=ORIENTED_EDGE('',*,*,#9619,.T.);
#9617=ORIENTED_EDGE('',*,*,#9620,.T.);
#9618=EDGE_CURVE('',#499,#497,#9621,.F.);
#9619=EDGE_CURVE('',#497,#301,#9622,.T.);
#9620=EDGE_CURVE('',#301,#499,#9623,.T.);
#9621=LINE('',#498,#9624);
#9622=LINE('',#496,#9625);
#9623=LINE('',#300,#9626);
#9624=VECTOR('',#9627,1.0);
#9625=VECTOR('',#9628,1.0);
#9626=VECTOR('',#9629,1.0);
#9627=DIRECTION('',(0,0.9639946343219181,-0.2659216895978048));
#9628=DIRECTION('',(-0.9303656054279265,-0.3602370059285942,0.0681846008738759));
#9629=DIRECTION('',(0.9935972966367821,-0.09588253331383009,0.059757442393400216));
#9630=FACE_SURFACE('',(#9635),#9631,.T.);
#9631=PLANE('',#9632);
#9632=AXIS2_PLACEMENT_3D('',#300,#9633,#9634);
#9633=DIRECTION('',(0.0016105237454112071,0.5408885355930447,0.8410927405924253));
#9634=DIRECTION('',(0,-0.8410938314021439,0.5408892370691636));
#9635=FACE_BOUND('',#9636,.T.);
#9636=EDGE_LOOP('',(#9637,#9638,#9639));
#9637=ORIENTED_EDGE('',*,*,#9640,.T.);
#9638=ORIENTED_EDGE('',*,*,#9641,.T.);
#9639=ORIENTED_EDGE('',*,*,#9642,.T.);
#9640=EDGE_CURVE('',#301,#299,#9643,.F.);
#9641=EDGE_CURVE('',#299,#499,#9644,.T.);
#9642=EDGE_CURVE('',#499,#301,#9645,.T.);
#9643=LINE('',#300,#9646);
#9644=LINE('',#298,#9647);
#9645=LINE('',#498,#9648);
#9646=VECTOR('',#9649,1.0);
#9647=VECTOR('',#9650,1.0);
#9648=VECTOR('',#9651,1.0);
#9649=DIRECTION('',(0,-0.8410938314021439,0.5408892370691636));
#9650=DIRECTION('',(0.998383026408483,0.046922981555426464,-0.03208685683247173));
#9651=DIRECTION('',(-0.9935972966367821,0.09588253331383009,-0.059757442393400216));
#9652=FACE_SURFACE('',(#9657),#9653,.T.);
#9653=PLANE('',#9654);
#9654=AXIS2_PLACEMENT_3D('',#296,#9655,#9656);
#9655=DIRECTION('',(-0.014726590904268968,0.758695710536253,0.6512787009677413));
#9656=DIRECTION('',(0.9524569925345484,0.20888225070689184,-0.22179694026669125));
#9657=FACE_BOUND('',#9658,.T.);
#9658=EDGE_LOOP('',(#9659,#9660,#9661));
#9659=ORIENTED_EDGE('',*,*,#9662,.T.);
#9660=ORIENTED_EDGE('',*,*,#9663,.T.);
#9661=ORIENTED_EDGE('',*,*,#9664,.T.);
#9662=EDGE_CURVE('',#297,#499,#9665,.F.);
#9663=EDGE_CURVE('',#499,#299,#9666,.T.);
#9664=EDGE_CURVE('',#299,#297,#9667,.T.);
#9665=LINE('',#296,#9668);
#9666=LINE('',#498,#9669);
#9667=LINE('',#298,#9670);
#9668=VECTOR('',#9671,1.0);
#9669=VECTOR('',#9672,1.0);
#9670=VECTOR('',#9673,1.0);
#9671=DIRECTION('',(0.9524569925345484,0.20888225070689184,-0.22179694026669125));
#9672=DIRECTION('',(-0.998383026408483,-0.046922981555426464,0.03208685683247173));
#9673=DIRECTION('',(0,-0.6513493346702434,0.7587779940302902));
#9674=FACE_SURFACE('',(#9679),#9675,.T.);
#9675=PLANE('',#9676);
#9676=AXIS2_PLACEMENT_3D('',#498,#9677,#9678);
#9677=DIRECTION('',(-0.0673206252442763,0.854276631101545,0.5154409480925187));
#9678=DIRECTION('',(-0.9524569925345484,-0.20888225070689184,0.22179694026669125));
#9679=FACE_BOUND('',#9680,.T.);
#9680=EDGE_LOOP('',(#9681,#9682,#9683));
#9681=ORIENTED_EDGE('',*,*,#9684,.T.);
#9682=ORIENTED_EDGE('',*,*,#9685,.T.);
#9683=ORIENTED_EDGE('',*,*,#9686,.T.);
#9684=EDGE_CURVE('',#499,#297,#9687,.F.);
#9685=EDGE_CURVE('',#297,#479,#9688,.T.);
#9686=EDGE_CURVE('',#479,#499,#9689,.T.);
#9687=LINE('',#498,#9690);
#9688=LINE('',#296,#9691);
#9689=LINE('',#478,#9692);
#9690=VECTOR('',#9693,1.0);
#9691=VECTOR('',#9694,1.0);
#9692=VECTOR('',#9695,1.0);
#9693=DIRECTION('',(-0.9524569925345484,-0.20888225070689184,0.22179694026669125));
#9694=DIRECTION('',(0.9668391364638245,-0.07170226918027195,0.24511399143314097));
#9695=DIRECTION('',(0,0.5166129396063887,-0.8562190552838952));
#9696=FACE_SURFACE('',(#9701),#9697,.T.);
#9697=PLANE('',#9698);
#9698=AXIS2_PLACEMENT_3D('',#296,#9699,#9700);
#9699=DIRECTION('',(-0.051593319920382304,0.8851499552373149,0.46243668332321186));
#9700=DIRECTION('',(0,-0.4630533881077781,0.8863303897316777));
#9701=FACE_BOUND('',#9702,.T.);
#9702=EDGE_LOOP('',(#9703,#9704,#9705));
#9703=ORIENTED_EDGE('',*,*,#9706,.T.);
#9704=ORIENTED_EDGE('',*,*,#9707,.T.);
#9705=ORIENTED_EDGE('',*,*,#9708,.T.);
#9706=EDGE_CURVE('',#297,#295,#9709,.F.);
#9707=EDGE_CURVE('',#295,#479,#9710,.T.);
#9708=EDGE_CURVE('',#479,#297,#9711,.T.);
#9709=LINE('',#296,#9712);
#9710=LINE('',#294,#9713);
#9711=LINE('',#478,#9714);
#9712=VECTOR('',#9715,1.0);
#9713=VECTOR('',#9716,1.0);
#9714=VECTOR('',#9717,1.0);
#9715=DIRECTION('',(0,-0.4630533881077781,0.8863303897316777));
#9716=DIRECTION('',(0.9823816153466305,-0.03830307956870235,0.1829186593119979));
#9717=DIRECTION('',(-0.9668391364638245,0.07170226918027195,-0.24511399143314097));
#9718=FACE_SURFACE('',(#9723),#9719,.T.);
#9719=PLANE('',#9720);
#9720=AXIS2_PLACEMENT_3D('',#292,#9721,#9722);
#9721=DIRECTION('',(-0.018522842977378315,0.953996489858196,0.29924505280167346));
#9722=DIRECTION('',(0.9998284313738657,0.017706693621266065,0.005438825008923082));
#9723=FACE_BOUND('',#9724,.T.);
#9724=EDGE_LOOP('',(#9725,#9726,#9727));
#9725=ORIENTED_EDGE('',*,*,#9728,.T.);
#9726=ORIENTED_EDGE('',*,*,#9729,.T.);
#9727=ORIENTED_EDGE('',*,*,#9730,.T.);
#9728=EDGE_CURVE('',#293,#479,#9731,.F.);
#9729=EDGE_CURVE('',#479,#295,#9732,.T.);
#9730=EDGE_CURVE('',#295,#293,#9733,.T.);
#9731=LINE('',#292,#9734);
#9732=LINE('',#478,#9735);
#9733=LINE('',#294,#9736);
#9734=VECTOR('',#9737,1.0);
#9735=VECTOR('',#9738,1.0);
#9736=VECTOR('',#9739,1.0);
#9737=DIRECTION('',(0.9998284313738657,0.017706693621266065,0.005438825008923082));
#9738=DIRECTION('',(-0.9823816153466305,0.03830307956870235,-0.1829186593119979));
#9739=DIRECTION('',(0,-0.29929640086224724,0.9541601880349572));
#9740=FACE_SURFACE('',(#9745),#9741,.T.);
#9741=PLANE('',#9742);
#9742=AXIS2_PLACEMENT_3D('',#292,#9743,#9744);
#9743=DIRECTION('',(-0.017838939418934566,0.999520374801719,0.02531388150084348));
#9744=DIRECTION('',(0,-0.0253179102523127,0.9996794503341837));
#9745=FACE_BOUND('',#9746,.T.);
#9746=EDGE_LOOP('',(#9747,#9748,#9749));
#9747=ORIENTED_EDGE('',*,*,#9750,.T.);
#9748=ORIENTED_EDGE('',*,*,#9751,.T.);
#9749=ORIENTED_EDGE('',*,*,#9752,.T.);
#9750=EDGE_CURVE('',#293,#291,#9753,.F.);
#9751=EDGE_CURVE('',#291,#479,#9754,.T.);
#9752=EDGE_CURVE('',#479,#293,#9755,.T.);
#9753=LINE('',#292,#9756);
#9754=LINE('',#290,#9757);
#9755=LINE('',#478,#9758);
#9756=VECTOR('',#9759,1.0);
#9757=VECTOR('',#9760,1.0);
#9758=VECTOR('',#9761,1.0);
#9759=DIRECTION('',(0,-0.0253179102523127,0.9996794503341837));
#9760=DIRECTION('',(0.9760698786002208,0.022897116540725928,-0.2162482696889634));
#9761=DIRECTION('',(-0.9998284313738657,-0.017706693621266065,-0.005438825008923082));
#9762=FACE_SURFACE('',(#9767),#9763,.T.);
#9763=PLANE('',#9764);
#9764=AXIS2_PLACEMENT_3D('',#302,#9765,#9766);
#9765=DIRECTION('',(-0.0792480191629499,0.3791695046646755,0.9219274582043283));
#9766=DIRECTION('',(0,-0.9248361325828719,0.3803657816748986));
#9767=FACE_BOUND('',#9768,.T.);
#9768=EDGE_LOOP('',(#9769,#9770,#9771));
#9769=ORIENTED_EDGE('',*,*,#9772,.T.);
#9770=ORIENTED_EDGE('',*,*,#9773,.T.);
#9771=ORIENTED_EDGE('',*,*,#9774,.T.);
#9772=EDGE_CURVE('',#303,#301,#9775,.F.);
#9773=EDGE_CURVE('',#301,#497,#9776,.T.);
#9774=EDGE_CURVE('',#497,#303,#9777,.T.);
#9775=LINE('',#302,#9778);
#9776=LINE('',#300,#9779);
#9777=LINE('',#496,#9780);
#9778=VECTOR('',#9781,1.0);
#9779=VECTOR('',#9782,1.0);
#9780=VECTOR('',#9783,1.0);
#9781=DIRECTION('',(0,-0.9248361325828719,0.3803657816748986));
#9782=DIRECTION('',(0.9303656054279265,0.3602370059285942,-0.0681846008738759));
#9783=DIRECTION('',(-0.9573772295497206,-0.28663905806899787,0.035593408505216896));
#9784=FACE_SURFACE('',(#9789),#9785,.T.);
#9785=PLANE('',#9786);
#9786=AXIS2_PLACEMENT_3D('',#306,#9787,#9788);
#9787=DIRECTION('',(0.003733700819907905,-0.0871558028172068,0.9961876959255598));
#9788=DIRECTION('',(0,-0.9961946396863118,-0.08715641032224365));
#9789=FACE_BOUND('',#9790,.T.);
#9790=EDGE_LOOP('',(#9791,#9792,#9793));
#9791=ORIENTED_EDGE('',*,*,#9794,.T.);
#9792=ORIENTED_EDGE('',*,*,#9795,.T.);
#9793=ORIENTED_EDGE('',*,*,#9796,.T.);
#9794=EDGE_CURVE('',#307,#305,#9797,.F.);
#9795=EDGE_CURVE('',#305,#497,#9798,.T.);
#9796=EDGE_CURVE('',#497,#307,#9799,.T.);
#9797=LINE('',#306,#9800);
#9798=LINE('',#304,#9801);
#9799=LINE('',#496,#9802);
#9800=VECTOR('',#9803,1.0);
#9801=VECTOR('',#9804,1.0);
#9802=VECTOR('',#9805,1.0);
#9803=DIRECTION('',(0,-0.9961946396863118,-0.08715641032224365));
#9804=DIRECTION('',(0.9971286195160604,0.07567167952214243,0.0028832378143050148));
#9805=DIRECTION('',(-0.9955337390499723,0.09365029146183898,0.011924651873080876));
#9806=FACE_SURFACE('',(#9811),#9807,.T.);
#9807=PLANE('',#9808);
#9808=AXIS2_PLACEMENT_3D('',#308,#9809,#9810);
#9809=DIRECTION('',(0.005236559294808968,-0.3834183636058539,0.9235599259910323));
#9810=DIRECTION('',(0,-0.9235725889753061,-0.3834236206775089));
#9811=FACE_BOUND('',#9812,.T.);
#9812=EDGE_LOOP('',(#9813,#9814,#9815));
#9813=ORIENTED_EDGE('',*,*,#9816,.T.);
#9814=ORIENTED_EDGE('',*,*,#9817,.T.);
#9815=ORIENTED_EDGE('',*,*,#9818,.T.);
#9816=EDGE_CURVE('',#309,#307,#9819,.F.);
#9817=EDGE_CURVE('',#307,#495,#9820,.T.);
#9818=EDGE_CURVE('',#495,#309,#9821,.T.);
#9819=LINE('',#308,#9822);
#9820=LINE('',#306,#9823);
#9821=LINE('',#494,#9824);
#9822=VECTOR('',#9825,1.0);
#9823=VECTOR('',#9826,1.0);
#9824=VECTOR('',#9827,1.0);
#9825=DIRECTION('',(0,-0.9235725889753061,-0.3834236206775089));
#9826=DIRECTION('',(0.9711045521173175,0.22231449864937028,0.0867883203392201));
#9827=DIRECTION('',(-0.9992813413741308,0.032666555232641656,0.019227505057873216));
#9828=FACE_SURFACE('',(#9833),#9829,.T.);
#9829=PLANE('',#9830);
#9830=AXIS2_PLACEMENT_3D('',#310,#9831,#9832);
#9831=DIRECTION('',(-0.012733743800442548,-0.6187111086970539,0.7855153822451137));
#9832=DIRECTION('',(0,-0.7855790749558597,-0.6187612762540137));
#9833=FACE_BOUND('',#9834,.T.);
#9834=EDGE_LOOP('',(#9835,#9836,#9837));
#9835=ORIENTED_EDGE('',*,*,#9838,.T.);
#9836=ORIENTED_EDGE('',*,*,#9839,.T.);
#9837=ORIENTED_EDGE('',*,*,#9840,.T.);
#9838=EDGE_CURVE('',#311,#309,#9841,.F.);
#9839=EDGE_CURVE('',#309,#493,#9842,.T.);
#9840=EDGE_CURVE('',#493,#311,#9843,.T.);
#9841=LINE('',#310,#9844);
#9842=LINE('',#308,#9845);
#9843=LINE('',#492,#9846);
#9844=VECTOR('',#9847,1.0);
#9845=VECTOR('',#9848,1.0);
#9846=VECTOR('',#9849,1.0);
#9847=DIRECTION('',(0,-0.7855790749558597,-0.6187612762540137));
#9848=DIRECTION('',(0.982614687712054,0.13777349149398957,0.1244461350709541));
#9849=DIRECTION('',(-0.9971394452565056,-0.05067592719814222,-0.056079203954378744));
#9850=FACE_SURFACE('',(#9855),#9851,.T.);
#9851=PLANE('',#9852);
#9852=AXIS2_PLACEMENT_3D('',#492,#9853,#9854);
#9853=DIRECTION('',(-0.03136329852195262,-0.8973770295269363,0.4401486230618413));
#9854=DIRECTION('',(0,0.44036526042324825,0.8978187107720382));
#9855=FACE_BOUND('',#9856,.T.);
#9856=EDGE_LOOP('',(#9857,#9858,#9859));
#9857=ORIENTED_EDGE('',*,*,#9860,.T.);
#9858=ORIENTED_EDGE('',*,*,#9861,.T.);
#9859=ORIENTED_EDGE('',*,*,#9862,.T.);
#9860=EDGE_CURVE('',#493,#489,#9863,.F.);
#9861=EDGE_CURVE('',#489,#313,#9864,.T.);
#9862=EDGE_CURVE('',#313,#493,#9865,.T.);
#9863=LINE('',#492,#9866);
#9864=LINE('',#488,#9867);
#9865=LINE('',#312,#9868);
#9866=VECTOR('',#9869,1.0);
#9867=VECTOR('',#9870,1.0);
#9868=VECTOR('',#9871,1.0);
#9869=DIRECTION('',(0,0.44036526042324825,0.8978187107720382));
#9870=DIRECTION('',(-0.9669275153094641,-0.08427750905436818,-0.24072490856796858));
#9871=DIRECTION('',(0.9887543185178319,-0.09227893363837439,-0.11768388172941159));
#9872=FACE_SURFACE('',(#9877),#9873,.T.);
#9873=PLANE('',#9874);
#9874=AXIS2_PLACEMENT_3D('',#488,#9875,#9876);
#9875=DIRECTION('',(-0.004735458714037837,-0.9377344195151548,0.3473207939173));
#9876=DIRECTION('',(-0.9999884627482374,0.004720633402446532,-0.0008888142082990238));
#9877=FACE_BOUND('',#9878,.T.);
#9878=EDGE_LOOP('',(#9879,#9880,#9881));
#9879=ORIENTED_EDGE('',*,*,#9882,.T.);
#9880=ORIENTED_EDGE('',*,*,#9883,.T.);
#9881=ORIENTED_EDGE('',*,*,#9884,.T.);
#9882=EDGE_CURVE('',#489,#315,#9885,.F.);
#9883=EDGE_CURVE('',#315,#313,#9886,.T.);
#9884=EDGE_CURVE('',#313,#489,#9887,.T.);
#9885=LINE('',#488,#9888);
#9886=LINE('',#314,#9889);
#9887=LINE('',#312,#9890);
#9888=VECTOR('',#9891,1.0);
#9889=VECTOR('',#9892,1.0);
#9890=VECTOR('',#9893,1.0);
#9891=DIRECTION('',(-0.9999884627482374,0.004720633402446532,-0.0008888142082990238));
#9892=DIRECTION('',(0,-0.347324688242391,-0.9377449338371953));
#9893=DIRECTION('',(0.9669275153094641,0.08427750905436818,0.24072490856796858));
#9894=FACE_SURFACE('',(#9899),#9895,.T.);
#9895=PLANE('',#9896);
#9896=AXIS2_PLACEMENT_3D('',#316,#9897,#9898);
#9897=DIRECTION('',(-0.0047745287111949294,-0.9970967842368326,0.0759947810060223));
#9898=DIRECTION('',(0,-0.07599564721407329,-0.9971081494023174));
#9899=FACE_BOUND('',#9900,.T.);
#9900=EDGE_LOOP('',(#9901,#9902,#9903));
#9901=ORIENTED_EDGE('',*,*,#9904,.T.);
#9902=ORIENTED_EDGE('',*,*,#9905,.T.);
#9903=ORIENTED_EDGE('',*,*,#9906,.T.);
#9904=EDGE_CURVE('',#317,#315,#9907,.F.);
#9905=EDGE_CURVE('',#315,#489,#9908,.T.);
#9906=EDGE_CURVE('',#489,#317,#9909,.T.);
#9907=LINE('',#316,#9910);
#9908=LINE('',#314,#9911);
#9909=LINE('',#488,#9912);
#9910=VECTOR('',#9913,1.0);
#9911=VECTOR('',#9914,1.0);
#9912=VECTOR('',#9915,1.0);
#9913=DIRECTION('',(0,-0.07599564721407329,-0.9971081494023174));
#9914=DIRECTION('',(0.9999884627482374,-0.004720633402446532,0.0008888142082990238));
#9915=DIRECTION('',(-0.988751953355491,0.016067822728326384,0.14869902423510314));
#9916=FACE_SURFACE('',(#9921),#9917,.T.);
#9917=PLANE('',#9918);
#9918=AXIS2_PLACEMENT_3D('',#318,#9919,#9920);
#9919=DIRECTION('',(0.008633747756504892,-0.9794956058916989,-0.2012804422653392));
#9920=DIRECTION('',(0,0.20128794456790713,-0.9795321145177566));
#9921=FACE_BOUND('',#9922,.T.);
#9922=EDGE_LOOP('',(#9923,#9924,#9925));
#9923=ORIENTED_EDGE('',*,*,#9926,.T.);
#9924=ORIENTED_EDGE('',*,*,#9927,.T.);
#9925=ORIENTED_EDGE('',*,*,#9928,.T.);
#9926=EDGE_CURVE('',#319,#317,#9929,.F.);
#9927=EDGE_CURVE('',#317,#491,#9930,.T.);
#9928=EDGE_CURVE('',#491,#319,#9931,.T.);
#9929=LINE('',#318,#9932);
#9930=LINE('',#316,#9933);
#9931=LINE('',#490,#9934);
#9932=VECTOR('',#9935,1.0);
#9933=VECTOR('',#9936,1.0);
#9934=VECTOR('',#9937,1.0);
#9935=DIRECTION('',(0,0.20128794456790713,-0.9795321145177566));
#9936=DIRECTION('',(0.9825392909708826,-0.029102044390653295,0.18376510199360427));
#9937=DIRECTION('',(-0.9971341304279578,-0.02356242130636591,0.07189115549121247));
#9938=FACE_SURFACE('',(#9943),#9939,.T.);
#9939=PLANE('',#9940);
#9940=AXIS2_PLACEMENT_3D('',#318,#9941,#9942);
#9941=DIRECTION('',(-0.01099543499371049,-0.8950367886669202,-0.445856756528491));
#9942=DIRECTION('',(0.9971341304279578,0.02356242130636591,-0.07189115549121247));
#9943=FACE_BOUND('',#9944,.T.);
#9944=EDGE_LOOP('',(#9945,#9946,#9947));
#9945=ORIENTED_EDGE('',*,*,#9948,.T.);
#9946=ORIENTED_EDGE('',*,*,#9949,.T.);
#9947=ORIENTED_EDGE('',*,*,#9950,.T.);
#9948=EDGE_CURVE('',#319,#491,#9951,.F.);
#9949=EDGE_CURVE('',#491,#501,#9952,.T.);
#9950=EDGE_CURVE('',#501,#319,#9953,.T.);
#9951=LINE('',#318,#9954);
#9952=LINE('',#490,#9955);
#9953=LINE('',#500,#9956);
#9954=VECTOR('',#9957,1.0);
#9955=VECTOR('',#9958,1.0);
#9956=VECTOR('',#9959,1.0);
#9957=DIRECTION('',(0.9971341304279578,0.02356242130636591,-0.07189115549121247));
#9958=DIRECTION('',(0,-0.44588371092228474,0.8950908983640558));
#9959=DIRECTION('',(-0.9869907069356181,0.08123893159313138,-0.13874285717230805));
#9960=FACE_SURFACE('',(#9965),#9961,.T.);
#9961=PLANE('',#9962);
#9962=AXIS2_PLACEMENT_3D('',#320,#9963,#9964);
#9963=DIRECTION('',(0.014692311264669114,-0.8137656519553278,-0.581007400716568));
#9964=DIRECTION('',(0,0.58107012016467,-0.813853497536145));
#9965=FACE_BOUND('',#9966,.T.);
#9966=EDGE_LOOP('',(#9967,#9968,#9969));
#9967=ORIENTED_EDGE('',*,*,#9970,.T.);
#9968=ORIENTED_EDGE('',*,*,#9971,.T.);
#9969=ORIENTED_EDGE('',*,*,#9972,.T.);
#9970=EDGE_CURVE('',#321,#319,#9973,.F.);
#9971=EDGE_CURVE('',#319,#501,#9974,.T.);
#9972=EDGE_CURVE('',#501,#321,#9975,.T.);
#9973=LINE('',#320,#9976);
#9974=LINE('',#318,#9977);
#9975=LINE('',#500,#9978);
#9976=VECTOR('',#9979,1.0);
#9977=VECTOR('',#9980,1.0);
#9978=VECTOR('',#9981,1.0);
#9979=DIRECTION('',(0,0.58107012016467,-0.813853497536145));
#9980=DIRECTION('',(0.9869907069356181,-0.08123893159313138,0.13874285717230805));
#9981=DIRECTION('',(-0.9813620864939087,-0.12308392853084554,0.14757642674131916));
#9982=FACE_SURFACE('',(#9987),#9983,.T.);
#9983=PLANE('',#9984);
#9984=AXIS2_PLACEMENT_3D('',#320,#9985,#9986);
#9985=DIRECTION('',(-0.013879728305726976,-0.7205509703267726,-0.6932630469766187));
#9986=DIRECTION('',(0.9813620864939087,0.12308392853084554,-0.14757642674131916));
#9987=FACE_BOUND('',#9988,.T.);
#9988=EDGE_LOOP('',(#9989,#9990,#9991));
#9989=ORIENTED_EDGE('',*,*,#9992,.T.);
#9990=ORIENTED_EDGE('',*,*,#9993,.T.);
#9991=ORIENTED_EDGE('',*,*,#9994,.T.);
#9992=EDGE_CURVE('',#321,#501,#9995,.F.);
#9993=EDGE_CURVE('',#501,#487,#9996,.T.);
#9994=EDGE_CURVE('',#487,#321,#9997,.T.);
#9995=LINE('',#320,#9998);
#9996=LINE('',#500,#9999);
#9997=LINE('',#486,#10000);
#9998=VECTOR('',#10001,1.0);
#9999=VECTOR('',#10002,1.0);
#10000=VECTOR('',#10003,1.0);
#10001=DIRECTION('',(0.9813620864939087,0.12308392853084554,-0.14757642674131916));
#10002=DIRECTION('',(0,-0.6933298341003494,0.7206203862966838));
#10003=DIRECTION('',(-0.9971340365504294,0.061543007447691624,-0.04400194753576419));
#10004=FACE_SURFACE('',(#10009),#10005,.T.);
#10005=PLANE('',#10006);
#10006=AXIS2_PLACEMENT_3D('',#322,#10007,#10008);
#10007=DIRECTION('',(0.008629425233603232,-0.4852954970381084,-0.874307619533693));
#10008=DIRECTION('',(0,0.8743401748758766,-0.48531356729234526));
#10009=FACE_BOUND('',#10010,.T.);
#10010=EDGE_LOOP('',(#10011,#10012,#10013));
#10011=ORIENTED_EDGE('',*,*,#10014,.T.);
#10012=ORIENTED_EDGE('',*,*,#10015,.T.);
#10013=ORIENTED_EDGE('',*,*,#10016,.T.);
#10014=EDGE_CURVE('',#323,#321,#10017,.F.);
#10015=EDGE_CURVE('',#321,#487,#10018,.T.);
#10016=EDGE_CURVE('',#487,#323,#10019,.T.);
#10017=LINE('',#322,#10020);
#10018=LINE('',#320,#10021);
#10019=LINE('',#486,#10022);
#10020=VECTOR('',#10023,1.0);
#10021=VECTOR('',#10024,1.0);
#10022=VECTOR('',#10025,1.0);
#10023=DIRECTION('',(0,0.8743401748758766,-0.48531356729234526));
#10024=DIRECTION('',(0.9971340365504294,-0.061543007447691624,0.04400194753576419));
#10025=DIRECTION('',(-0.9752507248954115,-0.19726259922596684,0.09986736472737284));
#10026=FACE_SURFACE('',(#10031),#10027,.T.);
#10027=PLANE('',#10028);
#10028=AXIS2_PLACEMENT_3D('',#324,#10029,#10030);
#10029=DIRECTION('',(-0.04269574329773314,-0.2751589862070087,-0.9604502099608211));
#10030=DIRECTION('',(0,0.9613268237126695,-0.27541012692076167));
#10031=FACE_BOUND('',#10032,.T.);
#10032=EDGE_LOOP('',(#10033,#10034,#10035));
#10033=ORIENTED_EDGE('',*,*,#10036,.T.);
#10034=ORIENTED_EDGE('',*,*,#10037,.T.);
#10035=ORIENTED_EDGE('',*,*,#10038,.T.);
#10036=EDGE_CURVE('',#325,#323,#10039,.F.);
#10037=EDGE_CURVE('',#323,#487,#10040,.T.);
#10038=EDGE_CURVE('',#487,#325,#10041,.T.);
#10039=LINE('',#324,#10042);
#10040=LINE('',#322,#10043);
#10041=LINE('',#486,#10044);
#10042=VECTOR('',#10045,1.0);
#10043=VECTOR('',#10046,1.0);
#10044=VECTOR('',#10047,1.0);
#10045=DIRECTION('',(0,0.9613268237126695,-0.27541012692076167));
#10046=DIRECTION('',(0.9752507248954115,0.19726259922596684,-0.09986736472737284));
#10047=DIRECTION('',(-0.9668381909611752,-0.23089944818544147,0.10913000195446096));
#10048=FACE_SURFACE('',(#10053),#10049,.T.);
#10049=PLANE('',#10050);
#10050=AXIS2_PLACEMENT_3D('',#324,#10051,#10052);
#10051=DIRECTION('',(-0.05592501178870775,-0.22552178664337658,-0.9726316449744025));
#10052=DIRECTION('',(0.9668381909611752,0.23089944818544147,-0.10913000195446096));
#10053=FACE_BOUND('',#10054,.T.);
#10054=EDGE_LOOP('',(#10055,#10056,#10057));
#10055=ORIENTED_EDGE('',*,*,#10058,.T.);
#10056=ORIENTED_EDGE('',*,*,#10059,.T.);
#10057=ORIENTED_EDGE('',*,*,#10060,.T.);
#10058=EDGE_CURVE('',#325,#487,#10061,.F.);
#10059=EDGE_CURVE('',#487,#327,#10062,.T.);
#10060=EDGE_CURVE('',#327,#325,#10063,.T.);
#10061=LINE('',#324,#10064);
#10062=LINE('',#486,#10065);
#10063=LINE('',#326,#10066);
#10064=VECTOR('',#10067,1.0);
#10065=VECTOR('',#10068,1.0);
#10066=VECTOR('',#10069,1.0);
#10067=DIRECTION('',(0.9668381909611752,0.23089944818544147,-0.10913000195446096));
#10068=DIRECTION('',(-0.957463036864313,-0.2640872426946858,0.11628611819338225));
#10069=DIRECTION('',(0,0.9741562268708186,-0.22587528782230745));
#10070=FACE_SURFACE('',(#10075),#10071,.T.);
#10071=PLANE('',#10072);
#10072=AXIS2_PLACEMENT_3D('',#326,#10073,#10074);
#10073=DIRECTION('',(0,-0.10118701585043317,-0.994867422234382));
#10074=DIRECTION('',(0.988676968604972,-0.14928930201253857,0.015184072401442022));
#10075=FACE_BOUND('',#10076,.T.);
#10076=EDGE_LOOP('',(#10077,#10078,#10079));
#10077=ORIENTED_EDGE('',*,*,#10080,.T.);
#10078=ORIENTED_EDGE('',*,*,#10081,.T.);
#10079=ORIENTED_EDGE('',*,*,#10082,.T.);
#10080=EDGE_CURVE('',#327,#485,#10083,.F.);
#10081=EDGE_CURVE('',#485,#275,#10084,.T.);
#10082=EDGE_CURVE('',#275,#327,#10085,.T.);
#10083=LINE('',#326,#10086);
#10084=LINE('',#484,#10087);
#10085=LINE('',#274,#10088);
#10086=VECTOR('',#10089,1.0);
#10087=VECTOR('',#10090,1.0);
#10088=VECTOR('',#10091,1.0);
#10089=DIRECTION('',(0.988676968604972,-0.14928930201253857,0.015184072401442022));
#10090=DIRECTION('',(-1,0,0));
#10091=DIRECTION('',(0,0.994867422234382,-0.10118701585043317));
#10092=FACE_SURFACE('',(#10097),#10093,.T.);
#10093=PLANE('',#10094);
#10094=AXIS2_PLACEMENT_3D('',#502,#10095,#10096);
#10095=DIRECTION('',(0,0.9510143614849391,-0.3091467034425463));
#10096=DIRECTION('',(0,-0.3091467034425463,-0.9510143614849391));
#10097=FACE_BOUND('',#10098,.T.);
#10098=EDGE_LOOP('',(#10099,#10100,#10101));
#10099=ORIENTED_EDGE('',*,*,#10102,.T.);
#10100=ORIENTED_EDGE('',*,*,#10103,.T.);
#10101=ORIENTED_EDGE('',*,*,#10104,.T.);
#10102=EDGE_CURVE('',#503,#331,#10105,.F.);
#10103=EDGE_CURVE('',#331,#329,#10106,.T.);
#10104=EDGE_CURVE('',#329,#503,#10107,.T.);
#10105=LINE('',#502,#10108);
#10106=LINE('',#330,#10109);
#10107=LINE('',#328,#10110);
#10108=VECTOR('',#10111,1.0);
#10109=VECTOR('',#10112,1.0);
#10110=VECTOR('',#10113,1.0);
#10111=DIRECTION('',(0,-0.3091467034425463,-0.9510143614849391));
#10112=DIRECTION('',(-1,0,0));
#10113=DIRECTION('',(0.8568088569199723,0.1594065994707066,0.4903754875079667));
#10114=FACE_SURFACE('',(#10119),#10115,.T.);
#10115=PLANE('',#10116);
#10116=AXIS2_PLACEMENT_3D('',#328,#10117,#10118);
#10117=DIRECTION('',(0,0.9510143614849391,-0.3091467034425463));
#10118=DIRECTION('',(0,0.3091467034425463,0.9510143614849391));
#10119=FACE_BOUND('',#10120,.T.);
#10120=EDGE_LOOP('',(#10121,#10122,#10123));
#10121=ORIENTED_EDGE('',*,*,#10124,.T.);
#10122=ORIENTED_EDGE('',*,*,#10125,.T.);
#10123=ORIENTED_EDGE('',*,*,#10126,.T.);
#10124=EDGE_CURVE('',#329,#505,#10127,.F.);
#10125=EDGE_CURVE('',#505,#503,#10128,.T.);
#10126=EDGE_CURVE('',#503,#329,#10129,.T.);
#10127=LINE('',#328,#10130);
#10128=LINE('',#504,#10131);
#10129=LINE('',#502,#10132);
#10130=VECTOR('',#10133,1.0);
#10131=VECTOR('',#10134,1.0);
#10132=VECTOR('',#10135,1.0);
#10133=DIRECTION('',(0,0.3091467034425463,0.9510143614849391));
#10134=DIRECTION('',(1,0,0));
#10135=DIRECTION('',(-0.8568088569199723,-0.1594065994707066,-0.4903754875079667));
#10136=FACE_SURFACE('',(#10141),#10137,.T.);
#10137=PLANE('',#10138);
#10138=AXIS2_PLACEMENT_3D('',#340,#10139,#10140);
#10139=DIRECTION('',(-0.011647605634854312,-0.34525715500153453,-0.9384358423479047));
#10140=DIRECTION('',(-0.991465741060455,0.12585643666228574,-0.03399767130429242));
#10141=FACE_BOUND('',#10142,.T.);
#10142=EDGE_LOOP('',(#10143,#10144,#10145));
#10143=ORIENTED_EDGE('',*,*,#10146,.T.);
#10144=ORIENTED_EDGE('',*,*,#10147,.T.);
#10145=ORIENTED_EDGE('',*,*,#10148,.T.);
#10146=EDGE_CURVE('',#341,#507,#10149,.F.);
#10147=EDGE_CURVE('',#507,#361,#10150,.T.);
#10148=EDGE_CURVE('',#361,#341,#10151,.T.);
#10149=LINE('',#340,#10152);
#10150=LINE('',#506,#10153);
#10151=LINE('',#360,#10154);
#10152=VECTOR('',#10155,1.0);
#10153=VECTOR('',#10156,1.0);
#10154=VECTOR('',#10157,1.0);
#10155=DIRECTION('',(-0.991465741060455,0.12585643666228574,-0.03399767130429242));
#10156=DIRECTION('',(0.9828961503855336,0.16854720764238623,-0.07420913928386871));
#10157=DIRECTION('',(0,-0.9384995060807002,0.3452805773371593));
#10158=FACE_SURFACE('',(#10163),#10159,.T.);
#10159=PLANE('',#10160);
#10160=AXIS2_PLACEMENT_3D('',#508,#10161,#10162);
#10161=DIRECTION('',(0.01013392989545309,-0.7649534426936757,-0.6440058493336589));
#10162=DIRECTION('',(0,0.6440389204655623,-0.7649927247533489));
#10163=FACE_BOUND('',#10164,.T.);
#10164=EDGE_LOOP('',(#10165,#10166,#10167));
#10165=ORIENTED_EDGE('',*,*,#10168,.T.);
#10166=ORIENTED_EDGE('',*,*,#10169,.T.);
#10167=ORIENTED_EDGE('',*,*,#10170,.T.);
#10168=EDGE_CURVE('',#509,#511,#10171,.F.);
#10169=EDGE_CURVE('',#511,#363,#10172,.T.);
#10170=EDGE_CURVE('',#363,#509,#10173,.T.);
#10171=LINE('',#508,#10174);
#10172=LINE('',#510,#10175);
#10173=LINE('',#362,#10176);
#10174=VECTOR('',#10177,1.0);
#10175=VECTOR('',#10178,1.0);
#10176=VECTOR('',#10179,1.0);
#10177=DIRECTION('',(0,0.6440389204655623,-0.7649927247533489));
#10178=DIRECTION('',(0.9984081436674417,-0.027995296707258338,0.048963680629686854));
#10179=DIRECTION('',(-0.982897840171006,-0.1260473943403198,0.1342530825239679));
#10180=FACE_SURFACE('',(#10185),#10181,.T.);
#10181=PLANE('',#10182);
#10182=AXIS2_PLACEMENT_3D('',#512,#10183,#10184);
#10183=DIRECTION('',(0.04400993565258666,-0.985253495664444,-0.1653441104026657));
#10184=DIRECTION('',(0.9370269938174758,-0.01668922055867689,0.3488579693435829));
#10185=FACE_BOUND('',#10186,.T.);
#10186=EDGE_LOOP('',(#10187,#10188,#10189));
#10187=ORIENTED_EDGE('',*,*,#10190,.T.);
#10188=ORIENTED_EDGE('',*,*,#10191,.T.);
#10189=ORIENTED_EDGE('',*,*,#10192,.T.);
#10190=EDGE_CURVE('',#513,#365,#10193,.F.);
#10191=EDGE_CURVE('',#365,#511,#10194,.T.);
#10192=EDGE_CURVE('',#511,#513,#10195,.T.);
#10193=LINE('',#512,#10196);
#10194=LINE('',#364,#10197);
#10195=LINE('',#510,#10198);
#10196=VECTOR('',#10199,1.0);
#10197=VECTOR('',#10200,1.0);
#10198=VECTOR('',#10201,1.0);
#10199=DIRECTION('',(0.9370269938174758,-0.01668922055867689,0.3488579693435829));
#10200=DIRECTION('',(-0.9860259421099028,-0.0694559556351868,0.15142229595763532));
#10201=DIRECTION('',(0,0.16550446877612965,-0.9862090401203647));
#10202=FACE_SURFACE('',(#10207),#10203,.T.);
#10203=PLANE('',#10204);
#10204=AXIS2_PLACEMENT_3D('',#364,#10205,#10206);
#10205=DIRECTION('',(0.0751280577459253,-0.9658429566292,-0.24799830255284053));
#10206=DIRECTION('',(-0.9370269938174758,0.01668922055867689,-0.3488579693435829));
#10207=FACE_BOUND('',#10208,.T.);
#10208=EDGE_LOOP('',(#10209,#10210,#10211));
#10209=ORIENTED_EDGE('',*,*,#10212,.T.);
#10210=ORIENTED_EDGE('',*,*,#10213,.T.);
#10211=ORIENTED_EDGE('',*,*,#10214,.T.);
#10212=EDGE_CURVE('',#365,#513,#10215,.F.);
#10213=EDGE_CURVE('',#513,#367,#10216,.T.);
#10214=EDGE_CURVE('',#367,#365,#10217,.T.);
#10215=LINE('',#364,#10218);
#10216=LINE('',#512,#10219);
#10217=LINE('',#366,#10220);
#10218=VECTOR('',#10221,1.0);
#10219=VECTOR('',#10222,1.0);
#10220=VECTOR('',#10223,1.0);
#10221=DIRECTION('',(-0.9370269938174758,0.01668922055867689,-0.3488579693435829));
#10222=DIRECTION('',(0.9580049577296381,0.0008898704803740192,0.28675025561621115));
#10223=DIRECTION('',(0,-0.24870115838074114,0.9685802671023591));
#10224=FACE_SURFACE('',(#10229),#10225,.T.);
#10225=PLANE('',#10226);
#10226=AXIS2_PLACEMENT_3D('',#512,#10227,#10228);
#10227=DIRECTION('',(0.015968067131624665,-0.9986090723886968,-0.05024879476232675));
#10228=DIRECTION('',(0.9971728856902758,0.012214363616758254,0.07414206205363909));
#10229=FACE_BOUND('',#10230,.T.);
#10230=EDGE_LOOP('',(#10231,#10232,#10233));
#10231=ORIENTED_EDGE('',*,*,#10234,.T.);
#10232=ORIENTED_EDGE('',*,*,#10235,.T.);
#10233=ORIENTED_EDGE('',*,*,#10236,.T.);
#10234=EDGE_CURVE('',#513,#369,#10237,.F.);
#10235=EDGE_CURVE('',#369,#367,#10238,.T.);
#10236=EDGE_CURVE('',#367,#513,#10239,.T.);
#10237=LINE('',#512,#10240);
#10238=LINE('',#368,#10241);
#10239=LINE('',#366,#10242);
#10240=VECTOR('',#10243,1.0);
#10241=VECTOR('',#10244,1.0);
#10242=VECTOR('',#10245,1.0);
#10243=DIRECTION('',(0.9971728856902758,0.012214363616758254,0.07414206205363909));
#10244=DIRECTION('',(0,-0.05025520218561113,0.9987364089955284));
#10245=DIRECTION('',(-0.9580049577296381,-0.0008898704803740192,-0.28675025561621115));
#10246=FACE_SURFACE('',(#10251),#10247,.T.);
#10247=PLANE('',#10248);
#10248=AXIS2_PLACEMENT_3D('',#514,#10249,#10250);
#10249=DIRECTION('',(0.023258229032189347,-0.8947859642280204,0.445889148783437));
#10250=DIRECTION('',(0.9937054317110882,0.06957992573460724,0.08779606439155774));
#10251=FACE_BOUND('',#10252,.T.);
#10252=EDGE_LOOP('',(#10253,#10254,#10255));
#10253=ORIENTED_EDGE('',*,*,#10256,.T.);
#10254=ORIENTED_EDGE('',*,*,#10257,.T.);
#10255=ORIENTED_EDGE('',*,*,#10258,.T.);
#10256=EDGE_CURVE('',#515,#373,#10259,.F.);
#10257=EDGE_CURVE('',#373,#513,#10260,.T.);
#10258=EDGE_CURVE('',#513,#515,#10261,.T.);
#10259=LINE('',#514,#10262);
#10260=LINE('',#372,#10263);
#10261=LINE('',#512,#10264);
#10262=VECTOR('',#10265,1.0);
#10263=VECTOR('',#10266,1.0);
#10264=VECTOR('',#10267,1.0);
#10265=DIRECTION('',(0.9937054317110882,0.06957992573460724,0.08779606439155774));
#10266=DIRECTION('',(-0.9672915338498851,0.09255068302926185,0.23618098910190427));
#10267=DIRECTION('',(0,-0.4460097985356565,-0.8950280775540973));
#10268=FACE_SURFACE('',(#10273),#10269,.T.);
#10269=PLANE('',#10270);
#10270=AXIS2_PLACEMENT_3D('',#372,#10271,#10272);
#10271=DIRECTION('',(-0.009433142562207541,-0.7289654833554777,0.684485456308398));
#10272=DIRECTION('',(-0.9937054317110882,-0.06957992573460724,-0.08779606439155774));
#10273=FACE_BOUND('',#10274,.T.);
#10274=EDGE_LOOP('',(#10275,#10276,#10277));
#10275=ORIENTED_EDGE('',*,*,#10278,.T.);
#10276=ORIENTED_EDGE('',*,*,#10279,.T.);
#10277=ORIENTED_EDGE('',*,*,#10280,.T.);
#10278=EDGE_CURVE('',#373,#515,#10281,.F.);
#10279=EDGE_CURVE('',#515,#375,#10282,.T.);
#10280=EDGE_CURVE('',#375,#373,#10283,.T.);
#10281=LINE('',#372,#10284);
#10282=LINE('',#514,#10285);
#10283=LINE('',#374,#10286);
#10284=VECTOR('',#10287,1.0);
#10285=VECTOR('',#10288,1.0);
#10286=VECTOR('',#10289,1.0);
#10287=DIRECTION('',(-0.9937054317110882,-0.06957992573460724,-0.08779606439155774));
#10288=DIRECTION('',(0.9828959524713501,-0.1326611829466441,-0.127736279711891));
#10289=DIRECTION('',(0,0.6845159125290506,0.7289979187175509));
#10290=FACE_SURFACE('',(#10295),#10291,.T.);
#10291=PLANE('',#10292);
#10292=AXIS2_PLACEMENT_3D('',#374,#10293,#10294);
#10293=DIRECTION('',(-0.005664350729665229,-0.40289819975189867,0.9152272700086522));
#10294=DIRECTION('',(-0.9992892937431613,-0.031828178245958426,-0.020195902550702166));
#10295=FACE_BOUND('',#10296,.T.);
#10296=EDGE_LOOP('',(#10297,#10298,#10299));
#10297=ORIENTED_EDGE('',*,*,#10300,.T.);
#10298=ORIENTED_EDGE('',*,*,#10301,.T.);
#10299=ORIENTED_EDGE('',*,*,#10302,.T.);
#10300=EDGE_CURVE('',#375,#517,#10303,.F.);
#10301=EDGE_CURVE('',#517,#377,#10304,.T.);
#10302=EDGE_CURVE('',#377,#375,#10305,.T.);
#10303=LINE('',#374,#10306);
#10304=LINE('',#516,#10307);
#10305=LINE('',#376,#10308);
#10306=VECTOR('',#10309,1.0);
#10307=VECTOR('',#10310,1.0);
#10308=VECTOR('',#10311,1.0);
#10309=DIRECTION('',(-0.9992892937431613,-0.031828178245958426,-0.020195902550702166));
#10310=DIRECTION('',(0.9672927721587622,-0.2343160322999559,-0.09716321287721454));
#10311=DIRECTION('',(0,0.9152419528355936,0.40290466337545516));
#10312=FACE_SURFACE('',(#10317),#10313,.T.);
#10313=PLANE('',#10314);
#10314=AXIS2_PLACEMENT_3D('',#376,#10315,#10316);
#10315=DIRECTION('',(0.01858812652408605,-0.3165352927777585,0.9483985923536703));
#10316=DIRECTION('',(-0.9672927721587622,0.2343160322999559,0.09716321287721454));
#10317=FACE_BOUND('',#10318,.T.);
#10318=EDGE_LOOP('',(#10319,#10320,#10321));
#10319=ORIENTED_EDGE('',*,*,#10322,.T.);
#10320=ORIENTED_EDGE('',*,*,#10323,.T.);
#10321=ORIENTED_EDGE('',*,*,#10324,.T.);
#10322=EDGE_CURVE('',#377,#517,#10325,.F.);
#10323=EDGE_CURVE('',#517,#519,#10326,.T.);
#10324=EDGE_CURVE('',#519,#377,#10327,.T.);
#10325=LINE('',#376,#10328);
#10326=LINE('',#516,#10329);
#10327=LINE('',#518,#10330);
#10328=VECTOR('',#10331,1.0);
#10329=VECTOR('',#10332,1.0);
#10330=VECTOR('',#10333,1.0);
#10331=DIRECTION('',(-0.9672927721587622,0.2343160322999559,0.09716321287721454));
#10332=DIRECTION('',(0,-0.948562479429103,-0.316589991344187));
#10333=DIRECTION('',(0.9956014593054658,0.0929787335433455,0.0115190857928218));
#10334=FACE_SURFACE('',(#10339),#10335,.T.);
#10335=PLANE('',#10336);
#10336=AXIS2_PLACEMENT_3D('',#518,#10337,#10338);
#10337=DIRECTION('',(-0.012020482764073599,0.015456410151512945,0.9998082853124126));
#10338=DIRECTION('',(0,-0.9998805252934027,0.015457526936392529));
#10339=FACE_BOUND('',#10340,.T.);
#10340=EDGE_LOOP('',(#10341,#10342,#10343));
#10341=ORIENTED_EDGE('',*,*,#10344,.T.);
#10342=ORIENTED_EDGE('',*,*,#10345,.T.);
#10343=ORIENTED_EDGE('',*,*,#10346,.T.);
#10344=EDGE_CURVE('',#519,#521,#10347,.F.);
#10345=EDGE_CURVE('',#521,#379,#10348,.T.);
#10346=EDGE_CURVE('',#379,#519,#10349,.T.);
#10347=LINE('',#518,#10350);
#10348=LINE('',#520,#10351);
#10349=LINE('',#378,#10352);
#10350=VECTOR('',#10353,1.0);
#10351=VECTOR('',#10354,1.0);
#10352=VECTOR('',#10355,1.0);
#10353=DIRECTION('',(0,-0.9998805252934027,0.015457526936392529));
#10354=DIRECTION('',(0.9971798308921224,-0.07389151845962325,0.013131198029478479));
#10355=DIRECTION('',(-0.9716340223119556,0.23599219589463125,-0.015330041184548372));
#10356=FACE_SURFACE('',(#10361),#10357,.T.);
#10357=PLANE('',#10358);
#10358=AXIS2_PLACEMENT_3D('',#378,#10359,#10360);
#10359=DIRECTION('',(0.09861058563273518,0.2836489212304358,0.9538444537166315));
#10360=DIRECTION('',(-0.9236667850158672,-0.3305791528204867,0.19379652726233562));
#10361=FACE_BOUND('',#10362,.T.);
#10362=EDGE_LOOP('',(#10363,#10364,#10365));
#10363=ORIENTED_EDGE('',*,*,#10366,.T.);
#10364=ORIENTED_EDGE('',*,*,#10367,.T.);
#10365=ORIENTED_EDGE('',*,*,#10368,.T.);
#10366=EDGE_CURVE('',#379,#523,#10369,.F.);
#10367=EDGE_CURVE('',#523,#381,#10370,.T.);
#10368=EDGE_CURVE('',#381,#379,#10371,.T.);
#10369=LINE('',#378,#10372);
#10370=LINE('',#522,#10373);
#10371=LINE('',#380,#10374);
#10372=VECTOR('',#10375,1.0);
#10373=VECTOR('',#10376,1.0);
#10374=VECTOR('',#10377,1.0);
#10375=DIRECTION('',(-0.9236667850158672,-0.3305791528204867,0.19379652726233562));
#10376=DIRECTION('',(0.9461408586299684,0.27030327295118556,-0.17819544400130768));
#10377=DIRECTION('',(0,0.9585161668663545,-0.2850381691209631));
#10378=FACE_SURFACE('',(#10383),#10379,.T.);
#10379=PLANE('',#10380);
#10380=AXIS2_PLACEMENT_3D('',#522,#10381,#10382);
#10381=DIRECTION('',(0.02228021065260517,0.45855044990258914,0.8883890347744104));
#10382=DIRECTION('',(0.9236667850158672,0.3305791528204867,-0.19379652726233562));
#10383=FACE_BOUND('',#10384,.T.);
#10384=EDGE_LOOP('',(#10385,#10386,#10387));
#10385=ORIENTED_EDGE('',*,*,#10388,.T.);
#10386=ORIENTED_EDGE('',*,*,#10389,.T.);
#10387=ORIENTED_EDGE('',*,*,#10390,.T.);
#10388=EDGE_CURVE('',#523,#379,#10391,.F.);
#10389=EDGE_CURVE('',#379,#521,#10392,.T.);
#10390=EDGE_CURVE('',#521,#523,#10393,.T.);
#10391=LINE('',#522,#10394);
#10392=LINE('',#378,#10395);
#10393=LINE('',#520,#10396);
#10394=VECTOR('',#10397,1.0);
#10395=VECTOR('',#10398,1.0);
#10396=VECTOR('',#10399,1.0);
#10397=DIRECTION('',(0.9236667850158672,0.3305791528204867,-0.19379652726233562));
#10398=DIRECTION('',(-0.9971798308921224,0.07389151845962325,-0.013131198029478479));
#10399=DIRECTION('',(0,-0.8886096185196765,0.4586643063007139));
#10400=FACE_SURFACE('',(#10405),#10401,.T.);
#10401=PLANE('',#10402);
#10402=AXIS2_PLACEMENT_3D('',#382,#10403,#10404);
#10403=DIRECTION('',(0.06560541501364903,0.37891162319569555,0.9231044964293534));
#10404=DIRECTION('',(0,0.9250974856224156,-0.3797296960932664));
#10405=FACE_BOUND('',#10406,.T.);
#10406=EDGE_LOOP('',(#10407,#10408,#10409));
#10407=ORIENTED_EDGE('',*,*,#10410,.T.);
#10408=ORIENTED_EDGE('',*,*,#10411,.T.);
#10409=ORIENTED_EDGE('',*,*,#10412,.T.);
#10410=EDGE_CURVE('',#383,#381,#10413,.F.);
#10411=EDGE_CURVE('',#381,#523,#10414,.T.);
#10412=EDGE_CURVE('',#523,#383,#10415,.T.);
#10413=LINE('',#382,#10416);
#10414=LINE('',#380,#10417);
#10415=LINE('',#522,#10418);
#10416=VECTOR('',#10419,1.0);
#10417=VECTOR('',#10420,1.0);
#10418=VECTOR('',#10421,1.0);
#10419=DIRECTION('',(0,0.9250974856224156,-0.3797296960932664));
#10420=DIRECTION('',(-0.9461408586299684,-0.27030327295118556,0.17819544400130768));
#10421=DIRECTION('',(0.9657599119799742,0.2085945476389394,-0.15425986875314895));
#10422=FACE_SURFACE('',(#10427),#10423,.T.);
#10423=PLANE('',#10424);
#10424=AXIS2_PLACEMENT_3D('',#384,#10425,#10426);
#10425=DIRECTION('',(0.004698712410459805,0.5804328999957069,0.8142945233171212));
#10426=DIRECTION('',(0,0.8143035124218094,-0.5804393074710774));
#10427=FACE_BOUND('',#10428,.T.);
#10428=EDGE_LOOP('',(#10429,#10430,#10431));
#10429=ORIENTED_EDGE('',*,*,#10432,.T.);
#10430=ORIENTED_EDGE('',*,*,#10433,.T.);
#10431=ORIENTED_EDGE('',*,*,#10434,.T.);
#10432=EDGE_CURVE('',#385,#383,#10435,.F.);
#10433=EDGE_CURVE('',#383,#523,#10436,.T.);
#10434=EDGE_CURVE('',#523,#385,#10437,.T.);
#10435=LINE('',#384,#10438);
#10436=LINE('',#382,#10439);
#10437=LINE('',#522,#10440);
#10438=VECTOR('',#10441,1.0);
#10439=VECTOR('',#10442,1.0);
#10440=VECTOR('',#10443,1.0);
#10441=DIRECTION('',(0,0.8143035124218094,-0.5804393074710774));
#10442=DIRECTION('',(-0.9657599119799742,-0.2085945476389394,0.15425986875314895));
#10443=DIRECTION('',(0.9999691429133517,0.0023993705402088096,-0.007480390507709819));
#10444=FACE_SURFACE('',(#10449),#10445,.T.);
#10445=PLANE('',#10446);
#10446=AXIS2_PLACEMENT_3D('',#384,#10447,#10448);
#10447=DIRECTION('',(0.002679475335953534,0.7909407663818859,0.611886855952274));
#10448=DIRECTION('',(-0.9999691429133517,-0.0023993705402088096,0.007480390507709819));
#10449=FACE_BOUND('',#10450,.T.);
#10450=EDGE_LOOP('',(#10451,#10452,#10453));
#10451=ORIENTED_EDGE('',*,*,#10454,.T.);
#10452=ORIENTED_EDGE('',*,*,#10455,.T.);
#10453=ORIENTED_EDGE('',*,*,#10456,.T.);
#10454=EDGE_CURVE('',#385,#523,#10457,.F.);
#10455=EDGE_CURVE('',#523,#387,#10458,.T.);
#10456=EDGE_CURVE('',#387,#385,#10459,.T.);
#10457=LINE('',#384,#10460);
#10458=LINE('',#522,#10461);
#10459=LINE('',#386,#10462);
#10460=VECTOR('',#10463,1.0);
#10461=VECTOR('',#10464,1.0);
#10462=VECTOR('',#10465,1.0);
#10463=DIRECTION('',(-0.9999691429133517,-0.0023993705402088096,0.007480390507709819));
#10464=DIRECTION('',(0.9841066686485119,-0.11073189678875286,0.1388254722847823));
#10465=DIRECTION('',(0,0.6118890525118893,-0.7909436057116224));
#10466=FACE_SURFACE('',(#10471),#10467,.T.);
#10467=PLANE('',#10468);
#10468=AXIS2_PLACEMENT_3D('',#386,#10469,#10470);
#10469=DIRECTION('',(0.03250905219536303,0.8808997440472226,0.4721851357919864));
#10470=DIRECTION('',(-0.9841066686485119,0.11073189678875286,-0.1388254722847823));
#10471=FACE_BOUND('',#10472,.T.);
#10472=EDGE_LOOP('',(#10473,#10474,#10475));
#10473=ORIENTED_EDGE('',*,*,#10476,.T.);
#10474=ORIENTED_EDGE('',*,*,#10477,.T.);
#10475=ORIENTED_EDGE('',*,*,#10478,.T.);
#10476=EDGE_CURVE('',#387,#523,#10479,.F.);
#10477=EDGE_CURVE('',#523,#525,#10480,.T.);
#10478=EDGE_CURVE('',#525,#387,#10481,.T.);
#10479=LINE('',#386,#10482);
#10480=LINE('',#522,#10483);
#10481=LINE('',#524,#10484);
#10482=VECTOR('',#10485,1.0);
#10483=VECTOR('',#10486,1.0);
#10484=VECTOR('',#10487,1.0);
#10485=DIRECTION('',(-0.9841066686485119,0.11073189678875286,-0.1388254722847823));
#10486=DIRECTION('',(0,-0.4724348454458336,0.8813655976997125));
#10487=DIRECTION('',(0.9793427098880167,0.0662617186505463,-0.19104251157967952));
#10488=FACE_SURFACE('',(#10493),#10489,.T.);
#10489=PLANE('',#10490);
#10490=AXIS2_PLACEMENT_3D('',#386,#10491,#10492);
#10491=DIRECTION('',(0.008923366352615664,0.929702053126188,0.3682043806717781));
#10492=DIRECTION('',(-0.9793427098880167,-0.0662617186505463,0.19104251157967952));
#10493=FACE_BOUND('',#10494,.T.);
#10494=EDGE_LOOP('',(#10495,#10496,#10497));
#10495=ORIENTED_EDGE('',*,*,#10498,.T.);
#10496=ORIENTED_EDGE('',*,*,#10499,.T.);
#10497=ORIENTED_EDGE('',*,*,#10500,.T.);
#10498=EDGE_CURVE('',#387,#525,#10501,.F.);
#10499=EDGE_CURVE('',#525,#389,#10502,.T.);
#10500=EDGE_CURVE('',#389,#387,#10503,.T.);
#10501=LINE('',#386,#10504);
#10502=LINE('',#524,#10505);
#10503=LINE('',#388,#10506);
#10504=VECTOR('',#10507,1.0);
#10505=VECTOR('',#10508,1.0);
#10506=VECTOR('',#10509,1.0);
#10507=DIRECTION('',(-0.9793427098880167,-0.0662617186505463,0.19104251157967952));
#10508=DIRECTION('',(0.9999488540057735,-0.010049305938256113,0.0011405361455830623));
#10509=DIRECTION('',(0,0.36821904095428876,-0.9297390697817877));
#10510=FACE_SURFACE('',(#10515),#10511,.T.);
#10511=PLANE('',#10512);
#10512=AXIS2_PLACEMENT_3D('',#388,#10513,#10514);
#10513=DIRECTION('',(0.009841067231787976,0.9927881659614934,0.11947724018637908));
#10514=DIRECTION('',(-0.9999488540057735,0.010049305938256113,-0.0011405361455830623));
#10515=FACE_BOUND('',#10516,.T.);
#10516=EDGE_LOOP('',(#10517,#10518,#10519));
#10517=ORIENTED_EDGE('',*,*,#10520,.T.);
#10518=ORIENTED_EDGE('',*,*,#10521,.T.);
#10519=ORIENTED_EDGE('',*,*,#10522,.T.);
#10520=EDGE_CURVE('',#389,#525,#10523,.F.);
#10521=EDGE_CURVE('',#525,#347,#10524,.T.);
#10522=EDGE_CURVE('',#347,#389,#10525,.T.);
#10523=LINE('',#388,#10526);
#10524=LINE('',#524,#10527);
#10525=LINE('',#346,#10528);
#10526=VECTOR('',#10529,1.0);
#10527=VECTOR('',#10530,1.0);
#10528=VECTOR('',#10531,1.0);
#10529=DIRECTION('',(-0.9999488540057735,0.010049305938256113,-0.0011405361455830623));
#10530=DIRECTION('',(0.9797653442159282,-0.03346004197728385,0.1973329568630698));
#10531=DIRECTION('',(0,0.11948302608914049,-0.9928362435349456));
#10532=FACE_SURFACE('',(#10537),#10533,.T.);
#10533=PLANE('',#10534);
#10534=AXIS2_PLACEMENT_3D('',#376,#10535,#10536);
#10535=DIRECTION('',(-0.012736487430431058,0.012510555183249157,0.9998406212476773));
#10536=DIRECTION('',(-0.9956014593054658,-0.0929787335433455,-0.0115190857928218));
#10537=FACE_BOUND('',#10538,.T.);
#10538=EDGE_LOOP('',(#10539,#10540,#10541));
#10539=ORIENTED_EDGE('',*,*,#10542,.T.);
#10540=ORIENTED_EDGE('',*,*,#10543,.T.);
#10541=ORIENTED_EDGE('',*,*,#10544,.T.);
#10542=EDGE_CURVE('',#377,#519,#10545,.F.);
#10543=EDGE_CURVE('',#519,#379,#10546,.T.);
#10544=EDGE_CURVE('',#379,#377,#10547,.T.);
#10545=LINE('',#376,#10548);
#10546=LINE('',#518,#10549);
#10547=LINE('',#378,#10550);
#10548=VECTOR('',#10551,1.0);
#10549=VECTOR('',#10552,1.0);
#10550=VECTOR('',#10553,1.0);
#10551=DIRECTION('',(-0.9956014593054658,-0.0929787335433455,-0.0115190857928218));
#10552=DIRECTION('',(0.9716340223119556,-0.23599219589463125,0.015330041184548372));
#10553=DIRECTION('',(0,0.9999217272444296,-0.012511570026041597));
#10554=FACE_SURFACE('',(#10559),#10555,.T.);
#10555=PLANE('',#10556);
#10556=AXIS2_PLACEMENT_3D('',#374,#10557,#10558);
#10557=DIRECTION('',(0.0062885807937700655,-0.6690275557105119,0.7432109952440277));
#10558=DIRECTION('',(-0.9828959524713501,0.1326611829466441,0.127736279711891));
#10559=FACE_BOUND('',#10560,.T.);
#10560=EDGE_LOOP('',(#10561,#10562,#10563));
#10561=ORIENTED_EDGE('',*,*,#10564,.T.);
#10562=ORIENTED_EDGE('',*,*,#10565,.T.);
#10563=ORIENTED_EDGE('',*,*,#10566,.T.);
#10564=EDGE_CURVE('',#375,#515,#10567,.F.);
#10565=EDGE_CURVE('',#515,#517,#10568,.T.);
#10566=EDGE_CURVE('',#517,#375,#10569,.T.);
#10567=LINE('',#374,#10570);
#10568=LINE('',#514,#10571);
#10569=LINE('',#516,#10572);
#10570=VECTOR('',#10573,1.0);
#10571=VECTOR('',#10574,1.0);
#10572=VECTOR('',#10575,1.0);
#10573=DIRECTION('',(-0.9828959524713501,0.1326611829466441,0.127736279711891));
#10574=DIRECTION('',(0,-0.7432256912832247,-0.669040784867838));
#10575=DIRECTION('',(0.9992892937431613,0.031828178245958426,0.020195902550702166));
#10576=FACE_SURFACE('',(#10581),#10577,.T.);
#10577=PLANE('',#10578);
#10578=AXIS2_PLACEMENT_3D('',#370,#10579,#10580);
#10579=DIRECTION('',(0.007526207743364098,-0.9201852404197416,0.39141088322971546));
#10580=DIRECTION('',(-0.9986681062612836,0.013063174958686604,0.04991359530729422));
#10581=FACE_BOUND('',#10582,.T.);
#10582=EDGE_LOOP('',(#10583,#10584,#10585));
#10583=ORIENTED_EDGE('',*,*,#10586,.T.);
#10584=ORIENTED_EDGE('',*,*,#10587,.T.);
#10585=ORIENTED_EDGE('',*,*,#10588,.T.);
#10586=EDGE_CURVE('',#371,#513,#10589,.F.);
#10587=EDGE_CURVE('',#513,#373,#10590,.T.);
#10588=EDGE_CURVE('',#373,#371,#10591,.T.);
#10589=LINE('',#370,#10592);
#10590=LINE('',#512,#10593);
#10591=LINE('',#372,#10594);
#10592=VECTOR('',#10595,1.0);
#10593=VECTOR('',#10596,1.0);
#10594=VECTOR('',#10597,1.0);
#10595=DIRECTION('',(-0.9986681062612836,0.013063174958686604,0.04991359530729422));
#10596=DIRECTION('',(0.9672915338498851,-0.09255068302926185,-0.23618098910190427));
#10597=DIRECTION('',(0,0.3914219692011615,0.9202113029226956));
#10598=FACE_SURFACE('',(#10603),#10599,.T.);
#10599=PLANE('',#10600);
#10600=AXIS2_PLACEMENT_3D('',#370,#10601,#10602);
#10601=DIRECTION('',(-0.002840052806632296,-0.9798685677459297,0.19962345564486159));
#10602=DIRECTION('',(0,0.1996242607211417,0.9798725195307487));
#10603=FACE_BOUND('',#10604,.T.);
#10604=EDGE_LOOP('',(#10605,#10606,#10607));
#10605=ORIENTED_EDGE('',*,*,#10608,.T.);
#10606=ORIENTED_EDGE('',*,*,#10609,.T.);
#10607=ORIENTED_EDGE('',*,*,#10610,.T.);
#10608=EDGE_CURVE('',#371,#369,#10611,.F.);
#10609=EDGE_CURVE('',#369,#513,#10612,.T.);
#10610=EDGE_CURVE('',#513,#371,#10613,.T.);
#10611=LINE('',#370,#10614);
#10612=LINE('',#368,#10615);
#10613=LINE('',#512,#10616);
#10614=VECTOR('',#10617,1.0);
#10615=VECTOR('',#10618,1.0);
#10616=VECTOR('',#10619,1.0);
#10617=DIRECTION('',(0,0.1996242607211417,0.9798725195307487));
#10618=DIRECTION('',(-0.9971728856902758,-0.012214363616758254,-0.07414206205363909));
#10619=DIRECTION('',(0.9986681062612836,-0.013063174958686604,-0.04991359530729422));
#10620=FACE_SURFACE('',(#10625),#10621,.T.);
#10621=PLANE('',#10622);
#10622=AXIS2_PLACEMENT_3D('',#362,#10623,#10624);
#10623=DIRECTION('',(-0.0037799123581296946,-0.8993802005691165,-0.4371509660138254));
#10624=DIRECTION('',(-0.9984081436674417,0.027995296707258338,-0.048963680629686854));
#10625=FACE_BOUND('',#10626,.T.);
#10626=EDGE_LOOP('',(#10627,#10628,#10629));
#10627=ORIENTED_EDGE('',*,*,#10630,.T.);
#10628=ORIENTED_EDGE('',*,*,#10631,.T.);
#10629=ORIENTED_EDGE('',*,*,#10632,.T.);
#10630=EDGE_CURVE('',#363,#511,#10633,.F.);
#10631=EDGE_CURVE('',#511,#365,#10634,.T.);
#10632=EDGE_CURVE('',#365,#363,#10635,.T.);
#10633=LINE('',#362,#10636);
#10634=LINE('',#510,#10637);
#10635=LINE('',#364,#10638);
#10636=VECTOR('',#10639,1.0);
#10637=VECTOR('',#10640,1.0);
#10638=VECTOR('',#10641,1.0);
#10639=DIRECTION('',(-0.9984081436674417,0.027995296707258338,-0.048963680629686854));
#10640=DIRECTION('',(0.9860259421099028,0.0694559556351868,-0.15142229595763532));
#10641=DIRECTION('',(0,-0.4371540889964017,0.8993866256920469));
#10642=FACE_SURFACE('',(#10647),#10643,.T.);
#10643=PLANE('',#10644);
#10644=AXIS2_PLACEMENT_3D('',#362,#10645,#10646);
#10645=DIRECTION('',(-0.009435562499246306,-0.6936064028122761,-0.7202923907262503));
#10646=DIRECTION('',(0,-0.7203244566254161,0.6936372807075027));
#10647=FACE_BOUND('',#10648,.T.);
#10648=EDGE_LOOP('',(#10649,#10650,#10651));
#10649=ORIENTED_EDGE('',*,*,#10652,.T.);
#10650=ORIENTED_EDGE('',*,*,#10653,.T.);
#10651=ORIENTED_EDGE('',*,*,#10654,.T.);
#10652=EDGE_CURVE('',#363,#361,#10655,.F.);
#10653=EDGE_CURVE('',#361,#509,#10656,.T.);
#10654=EDGE_CURVE('',#509,#363,#10657,.T.);
#10655=LINE('',#362,#10658);
#10656=LINE('',#360,#10659);
#10657=LINE('',#508,#10660);
#10658=VECTOR('',#10661,1.0);
#10659=VECTOR('',#10662,1.0);
#10660=VECTOR('',#10663,1.0);
#10661=DIRECTION('',(0,-0.7203244566254161,0.6936372807075027));
#10662=DIRECTION('',(-0.9937048678041935,0.08691847139860633,-0.07068107973128125));
#10663=DIRECTION('',(0.982897840171006,0.1260473943403198,-0.1342530825239679));
#10664=FACE_SURFACE('',(#10669),#10665,.T.);
#10665=PLANE('',#10666);
#10666=AXIS2_PLACEMENT_3D('',#508,#10667,#10668);
#10667=DIRECTION('',(0.01879228069645538,-0.492649317154632,-0.8700249999243127));
#10668=DIRECTION('',(0.9937048678041935,-0.08691847139860633,0.07068107973128125));
#10669=FACE_BOUND('',#10670,.T.);
#10670=EDGE_LOOP('',(#10671,#10672,#10673));
#10671=ORIENTED_EDGE('',*,*,#10674,.T.);
#10672=ORIENTED_EDGE('',*,*,#10675,.T.);
#10673=ORIENTED_EDGE('',*,*,#10676,.T.);
#10674=EDGE_CURVE('',#509,#361,#10677,.F.);
#10675=EDGE_CURVE('',#361,#507,#10678,.T.);
#10676=EDGE_CURVE('',#507,#509,#10679,.T.);
#10677=LINE('',#508,#10680);
#10678=LINE('',#360,#10681);
#10679=LINE('',#506,#10682);
#10680=VECTOR('',#10683,1.0);
#10681=VECTOR('',#10684,1.0);
#10682=VECTOR('',#10685,1.0);
#10683=DIRECTION('',(0.9937048678041935,-0.08691847139860633,0.07068107973128125));
#10684=DIRECTION('',(-0.9828961503855336,-0.16854720764238623,0.07420913928386871));
#10685=DIRECTION('',(0,0.8701786652090118,-0.4927363297089655));
#10686=FACE_SURFACE('',(#10691),#10687,.T.);
#10687=PLANE('',#10688);
#10688=AXIS2_PLACEMENT_3D('',#526,#10689,#10690);
#10689=DIRECTION('',(0.024966750305083895,-0.07265045881098207,-0.9970449198575545));
#10690=DIRECTION('',(0,0.997355813511731,-0.07267311232053565));
#10691=FACE_BOUND('',#10692,.T.);
#10692=EDGE_LOOP('',(#10693,#10694,#10695));
#10693=ORIENTED_EDGE('',*,*,#10696,.T.);
#10694=ORIENTED_EDGE('',*,*,#10697,.T.);
#10695=ORIENTED_EDGE('',*,*,#10698,.T.);
#10696=EDGE_CURVE('',#527,#507,#10699,.F.);
#10697=EDGE_CURVE('',#507,#341,#10700,.T.);
#10698=EDGE_CURVE('',#341,#527,#10701,.T.);
#10699=LINE('',#526,#10702);
#10700=LINE('',#506,#10703);
#10701=LINE('',#340,#10704);
#10702=VECTOR('',#10705,1.0);
#10703=VECTOR('',#10706,1.0);
#10704=VECTOR('',#10707,1.0);
#10705=DIRECTION('',(0,0.997355813511731,-0.07267311232053565));
#10706=DIRECTION('',(0.991465741060455,-0.12585643666228574,0.03399767130429242));
#10707=DIRECTION('',(-0.9715612561914937,-0.23668240883501046,-0.007082571260764864));
#10708=FACE_SURFACE('',(#10713),#10709,.T.);
#10709=PLANE('',#10710);
#10710=AXIS2_PLACEMENT_3D('',#526,#10711,#10712);
#10711=DIRECTION('',(-0.008031995465735067,0.0628349288454055,-0.9979916125728869));
#10712=DIRECTION('',(0.9715612561914937,0.23668240883501046,0.007082571260764864));
#10713=FACE_BOUND('',#10714,.T.);
#10714=EDGE_LOOP('',(#10715,#10716,#10717));
#10715=ORIENTED_EDGE('',*,*,#10718,.T.);
#10716=ORIENTED_EDGE('',*,*,#10719,.T.);
#10717=ORIENTED_EDGE('',*,*,#10720,.T.);
#10718=EDGE_CURVE('',#527,#341,#10721,.F.);
#10719=EDGE_CURVE('',#341,#339,#10722,.T.);
#10720=EDGE_CURVE('',#339,#527,#10723,.T.);
#10721=LINE('',#526,#10724);
#10722=LINE('',#340,#10725);
#10723=LINE('',#338,#10726);
#10724=VECTOR('',#10727,1.0);
#10725=VECTOR('',#10728,1.0);
#10726=VECTOR('',#10729,1.0);
#10727=DIRECTION('',(0.9715612561914937,0.23668240883501046,0.007082571260764864));
#10728=DIRECTION('',(0,-0.9980238058226373,-0.06283695577682644));
#10729=DIRECTION('',(-0.9984066051698869,0.0552421135127511,0.01151345507594516));
#10730=FACE_SURFACE('',(#10735),#10731,.T.);
#10731=PLANE('',#10732);
#10732=AXIS2_PLACEMENT_3D('',#526,#10733,#10734);
#10733=DIRECTION('',(0.010345353716751183,0.3797663956183019,-0.9250245717901546));
#10734=DIRECTION('',(0.9984066051698869,-0.0552421135127511,-0.01151345507594516));
#10735=FACE_BOUND('',#10736,.T.);
#10736=EDGE_LOOP('',(#10737,#10738,#10739));
#10737=ORIENTED_EDGE('',*,*,#10740,.T.);
#10738=ORIENTED_EDGE('',*,*,#10741,.T.);
#10739=ORIENTED_EDGE('',*,*,#10742,.T.);
#10740=EDGE_CURVE('',#527,#339,#10743,.F.);
#10741=EDGE_CURVE('',#339,#529,#10744,.T.);
#10742=EDGE_CURVE('',#529,#527,#10745,.T.);
#10743=LINE('',#526,#10746);
#10744=LINE('',#338,#10747);
#10745=LINE('',#528,#10748);
#10746=VECTOR('',#10749,1.0);
#10747=VECTOR('',#10750,1.0);
#10748=VECTOR('',#10751,1.0);
#10749=DIRECTION('',(0.9984066051698869,-0.0552421135127511,-0.01151345507594516));
#10750=DIRECTION('',(-0.9715555449276323,-0.21505354412917452,-0.09915541476819562));
#10751=DIRECTION('',(0,0.9250740767627368,0.3797867197540882));
#10752=FACE_SURFACE('',(#10757),#10753,.T.);
#10753=PLANE('',#10754);
#10754=AXIS2_PLACEMENT_3D('',#528,#10755,#10756);
#10755=DIRECTION('',(-0.008020739254616752,0.44835241010594973,-0.8938208903879993));
#10756=DIRECTION('',(0.9715555449276323,0.21505354412917452,0.09915541476819562));
#10757=FACE_BOUND('',#10758,.T.);
#10758=EDGE_LOOP('',(#10759,#10760,#10761));
#10759=ORIENTED_EDGE('',*,*,#10762,.T.);
#10760=ORIENTED_EDGE('',*,*,#10763,.T.);
#10761=ORIENTED_EDGE('',*,*,#10764,.T.);
#10762=EDGE_CURVE('',#529,#339,#10765,.F.);
#10763=EDGE_CURVE('',#339,#357,#10766,.T.);
#10764=EDGE_CURVE('',#357,#529,#10767,.T.);
#10765=LINE('',#528,#10768);
#10766=LINE('',#338,#10769);
#10767=LINE('',#356,#10770);
#10768=VECTOR('',#10771,1.0);
#10769=VECTOR('',#10772,1.0);
#10770=VECTOR('',#10773,1.0);
#10771=DIRECTION('',(0.9715555449276323,0.21505354412917452,0.09915541476819562));
#10772=DIRECTION('',(0,-0.8938496425334228,-0.44836683256332904));
#10773=DIRECTION('',(-0.9984048534642155,0.04636604570798248,0.032217051145377346));
#10774=FACE_SURFACE('',(#10779),#10775,.T.);
#10775=PLANE('',#10776);
#10776=AXIS2_PLACEMENT_3D('',#354,#10777,#10778);
#10777=DIRECTION('',(0.1362793312742346,0.6442625624953267,-0.7525647443472242));
#10778=DIRECTION('',(-0.9197816375234574,-0.19990577280838098,-0.3376972331431682));
#10779=FACE_BOUND('',#10780,.T.);
#10780=EDGE_LOOP('',(#10781,#10782,#10783));
#10781=ORIENTED_EDGE('',*,*,#10784,.T.);
#10782=ORIENTED_EDGE('',*,*,#10785,.T.);
#10783=ORIENTED_EDGE('',*,*,#10786,.T.);
#10784=EDGE_CURVE('',#355,#531,#10787,.F.);
#10785=EDGE_CURVE('',#531,#357,#10788,.T.);
#10786=EDGE_CURVE('',#357,#355,#10789,.T.);
#10787=LINE('',#354,#10790);
#10788=LINE('',#530,#10791);
#10789=LINE('',#356,#10792);
#10790=VECTOR('',#10793,1.0);
#10791=VECTOR('',#10794,1.0);
#10792=VECTOR('',#10795,1.0);
#10793=DIRECTION('',(-0.9197816375234574,-0.19990577280838098,-0.3376972331431682));
#10794=DIRECTION('',(0.9013489556267775,0.2345933400898124,0.3640549752111939));
#10795=DIRECTION('',(0,-0.7596519539442836,-0.6503298462077779));
#10796=FACE_SURFACE('',(#10801),#10797,.T.);
#10797=PLANE('',#10798);
#10798=AXIS2_PLACEMENT_3D('',#528,#10799,#10800);
#10799=DIRECTION('',(0.019423309076290193,0.8178499630710788,-0.575103619332344));
#10800=DIRECTION('',(0.9984048534642155,-0.04636604570798248,-0.032217051145377346));
#10801=FACE_BOUND('',#10802,.T.);
#10802=EDGE_LOOP('',(#10803,#10804,#10805));
#10803=ORIENTED_EDGE('',*,*,#10806,.T.);
#10804=ORIENTED_EDGE('',*,*,#10807,.T.);
#10805=ORIENTED_EDGE('',*,*,#10808,.T.);
#10806=EDGE_CURVE('',#529,#357,#10809,.F.);
#10807=EDGE_CURVE('',#357,#531,#10810,.T.);
#10808=EDGE_CURVE('',#531,#529,#10811,.T.);
#10809=LINE('',#528,#10812);
#10810=LINE('',#356,#10813);
#10811=LINE('',#530,#10814);
#10812=VECTOR('',#10815,1.0);
#10813=VECTOR('',#10816,1.0);
#10814=VECTOR('',#10817,1.0);
#10815=DIRECTION('',(0.9984048534642155,-0.04636604570798248,-0.032217051145377346));
#10816=DIRECTION('',(-0.9013489556267775,-0.2345933400898124,-0.3640549752111939));
#10817=DIRECTION('',(0,0.5752121332521012,0.8180042797929404));
#10818=FACE_SURFACE('',(#10823),#10819,.T.);
#10819=PLANE('',#10820);
#10820=AXIS2_PLACEMENT_3D('',#352,#10821,#10822);
#10821=DIRECTION('',(0.10277746825124277,0.707780055030346,-0.6989164368657423));
#10822=DIRECTION('',(-0.9426694453984589,-0.15497495175786852,-0.2955623132941823));
#10823=FACE_BOUND('',#10824,.T.);
#10824=EDGE_LOOP('',(#10825,#10826,#10827));
#10825=ORIENTED_EDGE('',*,*,#10828,.T.);
#10826=ORIENTED_EDGE('',*,*,#10829,.T.);
#10827=ORIENTED_EDGE('',*,*,#10830,.T.);
#10828=EDGE_CURVE('',#353,#531,#10831,.F.);
#10829=EDGE_CURVE('',#531,#355,#10832,.T.);
#10830=EDGE_CURVE('',#355,#353,#10833,.T.);
#10831=LINE('',#352,#10834);
#10832=LINE('',#530,#10835);
#10833=LINE('',#354,#10836);
#10834=VECTOR('',#10837,1.0);
#10835=VECTOR('',#10838,1.0);
#10836=VECTOR('',#10839,1.0);
#10837=DIRECTION('',(-0.9426694453984589,-0.15497495175786852,-0.2955623132941823));
#10838=DIRECTION('',(0.9197816375234574,0.19990577280838098,0.3376972331431682));
#10839=DIRECTION('',(0,-0.7026373413099934,-0.7115481477713393));
#10840=FACE_SURFACE('',(#10845),#10841,.T.);
#10841=PLANE('',#10842);
#10842=AXIS2_PLACEMENT_3D('',#530,#10843,#10844);
#10843=DIRECTION('',(0.06863845972093674,0.7766711686674095,-0.6261554580197617));
#10844=DIRECTION('',(0.9426694453984589,0.15497495175786852,0.2955623132941823));
#10845=FACE_BOUND('',#10846,.T.);
#10846=EDGE_LOOP('',(#10847,#10848,#10849));
#10847=ORIENTED_EDGE('',*,*,#10850,.T.);
#10848=ORIENTED_EDGE('',*,*,#10851,.T.);
#10849=ORIENTED_EDGE('',*,*,#10852,.T.);
#10850=EDGE_CURVE('',#531,#353,#10853,.F.);
#10851=EDGE_CURVE('',#353,#351,#10854,.T.);
#10852=EDGE_CURVE('',#351,#531,#10855,.T.);
#10853=LINE('',#530,#10856);
#10854=LINE('',#352,#10857);
#10855=LINE('',#350,#10858);
#10856=VECTOR('',#10859,1.0);
#10857=VECTOR('',#10860,1.0);
#10858=VECTOR('',#10861,1.0);
#10859=DIRECTION('',(0.9426694453984589,0.15497495175786852,0.2955623132941823));
#10860=DIRECTION('',(0,-0.6276356740574474,-0.7785072001275606));
#10861=DIRECTION('',(-0.9628399712727951,-0.11275751380191487,-0.24540768692242357));
#10862=FACE_SURFACE('',(#10867),#10863,.T.);
#10863=PLANE('',#10864);
#10864=AXIS2_PLACEMENT_3D('',#350,#10865,#10866);
#10865=DIRECTION('',(0.041162833137747865,0.8367874424580553,-0.5459783853895509));
#10866=DIRECTION('',(0,-0.5464415211277128,-0.8374972620776926));
#10867=FACE_BOUND('',#10868,.T.);
#10868=EDGE_LOOP('',(#10869,#10870,#10871));
#10869=ORIENTED_EDGE('',*,*,#10872,.T.);
#10870=ORIENTED_EDGE('',*,*,#10873,.T.);
#10871=ORIENTED_EDGE('',*,*,#10874,.T.);
#10872=EDGE_CURVE('',#351,#349,#10875,.F.);
#10873=EDGE_CURVE('',#349,#531,#10876,.T.);
#10874=EDGE_CURVE('',#531,#351,#10877,.T.);
#10875=LINE('',#350,#10878);
#10876=LINE('',#348,#10879);
#10877=LINE('',#530,#10880);
#10878=VECTOR('',#10881,1.0);
#10879=VECTOR('',#10882,1.0);
#10880=VECTOR('',#10883,1.0);
#10881=DIRECTION('',(0,-0.5464415211277128,-0.8374972620776926));
#10882=DIRECTION('',(-0.9793824365304218,-0.07437349763493006,-0.18782605214740916));
#10883=DIRECTION('',(0.9628399712727951,0.11275751380191487,0.24540768692242357));
#10884=FACE_SURFACE('',(#10889),#10885,.T.);
#10885=PLANE('',#10886);
#10886=AXIS2_PLACEMENT_3D('',#530,#10887,#10888);
#10887=DIRECTION('',(-0.010379894850949544,0.9470615845567694,-0.3208841112297468));
#10888=DIRECTION('',(0.9793824365304218,0.07437349763493006,0.18782605214740916));
#10889=FACE_BOUND('',#10890,.T.);
#10890=EDGE_LOOP('',(#10891,#10892,#10893));
#10891=ORIENTED_EDGE('',*,*,#10894,.T.);
#10892=ORIENTED_EDGE('',*,*,#10895,.T.);
#10893=ORIENTED_EDGE('',*,*,#10896,.T.);
#10894=EDGE_CURVE('',#531,#349,#10897,.F.);
#10895=EDGE_CURVE('',#349,#345,#10898,.T.);
#10896=EDGE_CURVE('',#345,#531,#10899,.T.);
#10897=LINE('',#530,#10900);
#10898=LINE('',#348,#10901);
#10899=LINE('',#344,#10902);
#10900=VECTOR('',#10903,1.0);
#10901=VECTOR('',#10904,1.0);
#10902=VECTOR('',#10905,1.0);
#10903=DIRECTION('',(0.9793824365304218,0.07437349763493006,0.18782605214740916));
#10904=DIRECTION('',(0,-0.3209013990095178,-0.9471126079372686));
#10905=DIRECTION('',(-0.9956076461284102,0.020072122229723544,0.09144684182540841));
#10906=FACE_SURFACE('',(#10911),#10907,.T.);
#10907=PLANE('',#10908);
#10908=AXIS2_PLACEMENT_3D('',#344,#10909,#10910);
#10909=DIRECTION('',(0.04918559606742818,0.9959445149468792,-0.07533458891317771));
#10910=DIRECTION('',(0,-0.07542588016687037,-0.9971514110710834));
#10911=FACE_BOUND('',#10912,.T.);
#10912=EDGE_LOOP('',(#10913,#10914,#10915));
#10913=ORIENTED_EDGE('',*,*,#10916,.T.);
#10914=ORIENTED_EDGE('',*,*,#10917,.T.);
#10915=ORIENTED_EDGE('',*,*,#10918,.T.);
#10916=EDGE_CURVE('',#345,#347,#10919,.F.);
#10917=EDGE_CURVE('',#347,#525,#10920,.T.);
#10918=EDGE_CURVE('',#525,#345,#10921,.T.);
#10919=LINE('',#344,#10922);
#10920=LINE('',#346,#10923);
#10921=LINE('',#524,#10924);
#10922=VECTOR('',#10925,1.0);
#10923=VECTOR('',#10926,1.0);
#10924=VECTOR('',#10927,1.0);
#10925=DIRECTION('',(0,-0.07542588016687037,-0.9971514110710834));
#10926=DIRECTION('',(-0.9797653442159282,0.03346004197728385,-0.1973329568630698));
#10927=DIRECTION('',(0.9634719617623299,-0.027431003519489856,0.26640067369239406));
#10928=FACE_SURFACE('',(#10933),#10929,.T.);
#10929=PLANE('',#10930);
#10930=AXIS2_PLACEMENT_3D('',#524,#10931,#10932);
#10931=DIRECTION('',(0.022221752446424988,0.9994987299138505,0.0225495591710662));
#10932=DIRECTION('',(0,-0.022555128790871175,0.9997456007231175));
#10933=FACE_BOUND('',#10934,.T.);
#10934=EDGE_LOOP('',(#10935,#10936,#10937));
#10935=ORIENTED_EDGE('',*,*,#10938,.T.);
#10936=ORIENTED_EDGE('',*,*,#10939,.T.);
#10937=ORIENTED_EDGE('',*,*,#10940,.T.);
#10938=EDGE_CURVE('',#525,#531,#10941,.F.);
#10939=EDGE_CURVE('',#531,#345,#10942,.T.);
#10940=EDGE_CURVE('',#345,#525,#10943,.T.);
#10941=LINE('',#524,#10944);
#10942=LINE('',#530,#10945);
#10943=LINE('',#344,#10946);
#10944=VECTOR('',#10947,1.0);
#10945=VECTOR('',#10948,1.0);
#10946=VECTOR('',#10949,1.0);
#10947=DIRECTION('',(0,-0.022555128790871175,0.9997456007231175));
#10948=DIRECTION('',(0.9956076461284102,-0.020072122229723544,-0.09144684182540841));
#10949=DIRECTION('',(-0.9634719617623299,0.027431003519489856,-0.26640067369239406));
#10950=FACE_SURFACE('',(#10955),#10951,.T.);
#10951=PLANE('',#10952);
#10952=AXIS2_PLACEMENT_3D('',#390,#10953,#10954);
#10953=DIRECTION('',(0,0,-1));
#10954=DIRECTION('',(-1,0,0));
#10955=FACE_BOUND('',#10956,.T.);
#10956=EDGE_LOOP('',(#10957,#10958,#10959));
#10957=ORIENTED_EDGE('',*,*,#10960,.T.);
#10958=ORIENTED_EDGE('',*,*,#10961,.T.);
#10959=ORIENTED_EDGE('',*,*,#10962,.T.);
#10960=EDGE_CURVE('',#391,#393,#10963,.F.);
#10961=EDGE_CURVE('',#393,#401,#10964,.T.);
#10962=EDGE_CURVE('',#401,#391,#10965,.T.);
#10963=LINE('',#390,#10966);
#10964=LINE('',#392,#10967);
#10965=LINE('',#400,#10968);
#10966=VECTOR('',#10969,1.0);
#10967=VECTOR('',#10970,1.0);
#10968=VECTOR('',#10971,1.0);
#10969=DIRECTION('',(-1,0,0));
#10970=DIRECTION('',(0,1,0));
#10971=DIRECTION('',(0.9883716976506172,-0.1520571842539411,0));
#10972=FACE_SURFACE('',(#10977),#10973,.T.);
#10973=PLANE('',#10974);
#10974=AXIS2_PLACEMENT_3D('',#400,#10975,#10976);
#10975=DIRECTION('',(0,0,-1));
#10976=DIRECTION('',(1,0,0));
#10977=FACE_BOUND('',#10978,.T.);
#10978=EDGE_LOOP('',(#10979,#10980,#10981));
#10979=ORIENTED_EDGE('',*,*,#10982,.T.);
#10980=ORIENTED_EDGE('',*,*,#10983,.T.);
#10981=ORIENTED_EDGE('',*,*,#10984,.T.);
#10982=EDGE_CURVE('',#401,#395,#10985,.F.);
#10983=EDGE_CURVE('',#395,#391,#10986,.T.);
#10984=EDGE_CURVE('',#391,#401,#10987,.T.);
#10985=LINE('',#400,#10988);
#10986=LINE('',#394,#10989);
#10987=LINE('',#390,#10990);
#10988=VECTOR('',#10991,1.0);
#10989=VECTOR('',#10992,1.0);
#10990=VECTOR('',#10993,1.0);
#10991=DIRECTION('',(1,0,0));
#10992=DIRECTION('',(0,-1,0));
#10993=DIRECTION('',(-0.9883716976506172,0.1520571842539411,0));
#10994=FACE_SURFACE('',(#10999),#10995,.T.);
#10995=PLANE('',#10996);
#10996=AXIS2_PLACEMENT_3D('',#398,#10997,#10998);
#10997=DIRECTION('',(0,0,-1));
#10998=DIRECTION('',(-1,0,0));
#10999=FACE_BOUND('',#11000,.T.);
#11000=EDGE_LOOP('',(#11001,#11002,#11003));
#11001=ORIENTED_EDGE('',*,*,#11004,.T.);
#11002=ORIENTED_EDGE('',*,*,#11005,.T.);
#11003=ORIENTED_EDGE('',*,*,#11006,.T.);
#11004=EDGE_CURVE('',#399,#397,#11007,.F.);
#11005=EDGE_CURVE('',#397,#405,#11008,.T.);
#11006=EDGE_CURVE('',#405,#399,#11009,.T.);
#11007=LINE('',#398,#11010);
#11008=LINE('',#396,#11011);
#11009=LINE('',#404,#11012);
#11010=VECTOR('',#11013,1.0);
#11011=VECTOR('',#11014,1.0);
#11012=VECTOR('',#11015,1.0);
#11013=DIRECTION('',(-1,0,0));
#11014=DIRECTION('',(0,1,0));
#11015=DIRECTION('',(0.9963466444217,-0.08540119524701456,0));
#11016=FACE_SURFACE('',(#11021),#11017,.T.);
#11017=PLANE('',#11018);
#11018=AXIS2_PLACEMENT_3D('',#404,#11019,#11020);
#11019=DIRECTION('',(0,0,-1));
#11020=DIRECTION('',(1,0,0));
#11021=FACE_BOUND('',#11022,.T.);
#11022=EDGE_LOOP('',(#11023,#11024,#11025));
#11023=ORIENTED_EDGE('',*,*,#11026,.T.);
#11024=ORIENTED_EDGE('',*,*,#11027,.T.);
#11025=ORIENTED_EDGE('',*,*,#11028,.T.);
#11026=EDGE_CURVE('',#405,#403,#11029,.F.);
#11027=EDGE_CURVE('',#403,#399,#11030,.T.);
#11028=EDGE_CURVE('',#399,#405,#11031,.T.);
#11029=LINE('',#404,#11032);
#11030=LINE('',#402,#11033);
#11031=LINE('',#398,#11034);
#11032=VECTOR('',#11035,1.0);
#11033=VECTOR('',#11036,1.0);
#11034=VECTOR('',#11037,1.0);
#11035=DIRECTION('',(1,0,0));
#11036=DIRECTION('',(0,-1,0));
#11037=DIRECTION('',(-0.9963466444217,0.08540119524701456,0));
#11038=FACE_SURFACE('',(#11043),#11039,.T.);
#11039=PLANE('',#11040);
#11040=AXIS2_PLACEMENT_3D('',#406,#11041,#11042);
#11041=DIRECTION('',(0,0,-1));
#11042=DIRECTION('',(-1,0,0));
#11043=FACE_BOUND('',#11044,.T.);
#11044=EDGE_LOOP('',(#11045,#11046,#11047));
#11045=ORIENTED_EDGE('',*,*,#11048,.T.);
#11046=ORIENTED_EDGE('',*,*,#11049,.T.);
#11047=ORIENTED_EDGE('',*,*,#11050,.T.);
#11048=EDGE_CURVE('',#407,#409,#11051,.F.);
#11049=EDGE_CURVE('',#409,#413,#11052,.T.);
#11050=EDGE_CURVE('',#413,#407,#11053,.T.);
#11051=LINE('',#406,#11054);
#11052=LINE('',#408,#11055);
#11053=LINE('',#412,#11056);
#11054=VECTOR('',#11057,1.0);
#11055=VECTOR('',#11058,1.0);
#11056=VECTOR('',#11059,1.0);
#11057=DIRECTION('',(-1,0,0));
#11058=DIRECTION('',(0,1,0));
#11059=DIRECTION('',(0.9883716976506172,-0.1520571842539411,0));
#11060=FACE_SURFACE('',(#11065),#11061,.T.);
#11061=PLANE('',#11062);
#11062=AXIS2_PLACEMENT_3D('',#412,#11063,#11064);
#11063=DIRECTION('',(0,0,-1));
#11064=DIRECTION('',(1,0,0));
#11065=FACE_BOUND('',#11066,.T.);
#11066=EDGE_LOOP('',(#11067,#11068,#11069));
#11067=ORIENTED_EDGE('',*,*,#11070,.T.);
#11068=ORIENTED_EDGE('',*,*,#11071,.T.);
#11069=ORIENTED_EDGE('',*,*,#11072,.T.);
#11070=EDGE_CURVE('',#413,#411,#11073,.F.);
#11071=EDGE_CURVE('',#411,#407,#11074,.T.);
#11072=EDGE_CURVE('',#407,#413,#11075,.T.);
#11073=LINE('',#412,#11076);
#11074=LINE('',#410,#11077);
#11075=LINE('',#406,#11078);
#11076=VECTOR('',#11079,1.0);
#11077=VECTOR('',#11080,1.0);
#11078=VECTOR('',#11081,1.0);
#11079=DIRECTION('',(1,0,0));
#11080=DIRECTION('',(0,-1,0));
#11081=DIRECTION('',(-0.9883716976506172,0.1520571842539411,0));
#11082=FACE_SURFACE('',(#11087),#11083,.T.);
#11083=PLANE('',#11084);
#11084=AXIS2_PLACEMENT_3D('',#418,#11085,#11086);
#11085=DIRECTION('',(0,-0,-1));
#11086=DIRECTION('',(0,-1,0));
#11087=FACE_BOUND('',#11088,.T.);
#11088=EDGE_LOOP('',(#11089,#11090,#11091));
#11089=ORIENTED_EDGE('',*,*,#11092,.T.);
#11090=ORIENTED_EDGE('',*,*,#11093,.T.);
#11091=ORIENTED_EDGE('',*,*,#11094,.T.);
#11092=EDGE_CURVE('',#419,#417,#11095,.F.);
#11093=EDGE_CURVE('',#417,#415,#11096,.T.);
#11094=EDGE_CURVE('',#415,#419,#11097,.T.);
#11095=LINE('',#418,#11098);
#11096=LINE('',#416,#11099);
#11097=LINE('',#414,#11100);
#11098=VECTOR('',#11101,1.0);
#11099=VECTOR('',#11102,1.0);
#11100=VECTOR('',#11103,1.0);
#11101=DIRECTION('',(0,-1,0));
#11102=DIRECTION('',(-1,0,0));
#11103=DIRECTION('',(0.9883716976506172,0.1520571842539411,0));
#11104=FACE_SURFACE('',(#11109),#11105,.T.);
#11105=PLANE('',#11106);
#11106=AXIS2_PLACEMENT_3D('',#418,#11107,#11108);
#11107=DIRECTION('',(-0,0,-1));
#11108=DIRECTION('',(-0.9883716976506172,-0.1520571842539411,0));
#11109=FACE_BOUND('',#11110,.T.);
#11110=EDGE_LOOP('',(#11111,#11112,#11113));
#11111=ORIENTED_EDGE('',*,*,#11114,.T.);
#11112=ORIENTED_EDGE('',*,*,#11115,.T.);
#11113=ORIENTED_EDGE('',*,*,#11116,.T.);
#11114=EDGE_CURVE('',#419,#415,#11117,.F.);
#11115=EDGE_CURVE('',#415,#425,#11118,.T.);
#11116=EDGE_CURVE('',#425,#419,#11119,.T.);
#11117=LINE('',#418,#11120);
#11118=LINE('',#414,#11121);
#11119=LINE('',#424,#11122);
#11120=VECTOR('',#11123,1.0);
#11121=VECTOR('',#11124,1.0);
#11122=VECTOR('',#11125,1.0);
#11123=DIRECTION('',(-0.9883716976506172,-0.1520571842539411,0));
#11124=DIRECTION('',(0,1,0));
#11125=DIRECTION('',(1,0,0));
#11126=FACE_SURFACE('',(#11131),#11127,.T.);
#11127=PLANE('',#11128);
#11128=AXIS2_PLACEMENT_3D('',#532,#11129,#11130);
#11129=DIRECTION('',(0,-0,-1));
#11130=DIRECTION('',(1,0,0));
#11131=FACE_BOUND('',#11132,.T.);
#11132=EDGE_LOOP('',(#11133,#11134,#11135));
#11133=ORIENTED_EDGE('',*,*,#11136,.T.);
#11134=ORIENTED_EDGE('',*,*,#11137,.T.);
#11135=ORIENTED_EDGE('',*,*,#11138,.T.);
#11136=EDGE_CURVE('',#533,#535,#11139,.F.);
#11137=EDGE_CURVE('',#535,#421,#11140,.T.);
#11138=EDGE_CURVE('',#421,#533,#11141,.T.);
#11139=LINE('',#532,#11142);
#11140=LINE('',#534,#11143);
#11141=LINE('',#420,#11144);
#11142=VECTOR('',#11145,1.0);
#11143=VECTOR('',#11146,1.0);
#11144=VECTOR('',#11147,1.0);
#11145=DIRECTION('',(1,0,0));
#11146=DIRECTION('',(-0.9999646946701397,-0.008402940750374751,0));
#11147=DIRECTION('',(0.9988681787752252,0.047564287341079724,0));
#11148=FACE_SURFACE('',(#11153),#11149,.T.);
#11149=PLANE('',#11150);
#11150=AXIS2_PLACEMENT_3D('',#420,#11151,#11152);
#11151=DIRECTION('',(0,0,-1));
#11152=DIRECTION('',(0.9999646946701397,0.008402940750374751,0));
#11153=FACE_BOUND('',#11154,.T.);
#11154=EDGE_LOOP('',(#11155,#11156,#11157));
#11155=ORIENTED_EDGE('',*,*,#11158,.T.);
#11156=ORIENTED_EDGE('',*,*,#11159,.T.);
#11157=ORIENTED_EDGE('',*,*,#11160,.T.);
#11158=EDGE_CURVE('',#421,#535,#11161,.F.);
#11159=EDGE_CURVE('',#535,#423,#11162,.T.);
#11160=EDGE_CURVE('',#423,#421,#11163,.T.);
#11161=LINE('',#420,#11164);
#11162=LINE('',#534,#11165);
#11163=LINE('',#422,#11166);
#11164=VECTOR('',#11167,1.0);
#11165=VECTOR('',#11168,1.0);
#11166=VECTOR('',#11169,1.0);
#11167=DIRECTION('',(0.9999646946701397,0.008402940750374751,0));
#11168=DIRECTION('',(0.9988681787752252,-0.047564287341079724,0));
#11169=DIRECTION('',(-1,0,0));
#11170=FACE_SURFACE('',(#11175),#11171,.T.);
#11171=PLANE('',#11172);
#11172=AXIS2_PLACEMENT_3D('',#536,#11173,#11174);
#11173=DIRECTION('',(0,0,-1));
#11174=DIRECTION('',(-0.9988680925677157,0.04756609769713329,0));
#11175=FACE_BOUND('',#11176,.T.);
#11176=EDGE_LOOP('',(#11177,#11178,#11179));
#11177=ORIENTED_EDGE('',*,*,#11180,.T.);
#11178=ORIENTED_EDGE('',*,*,#11181,.T.);
#11179=ORIENTED_EDGE('',*,*,#11182,.T.);
#11180=EDGE_CURVE('',#537,#429,#11183,.F.);
#11181=EDGE_CURVE('',#429,#427,#11184,.T.);
#11182=EDGE_CURVE('',#427,#537,#11185,.T.);
#11183=LINE('',#536,#11186);
#11184=LINE('',#428,#11187);
#11185=LINE('',#426,#11188);
#11186=VECTOR('',#11189,1.0);
#11187=VECTOR('',#11190,1.0);
#11188=VECTOR('',#11191,1.0);
#11189=DIRECTION('',(-0.9988680925677157,0.04756609769713329,0));
#11190=DIRECTION('',(1,0,0));
#11191=DIRECTION('',(-0.999964691976607,-0.00840326127938176,0));
#11192=FACE_SURFACE('',(#11197),#11193,.T.);
#11193=PLANE('',#11194);
#11194=AXIS2_PLACEMENT_3D('',#426,#11195,#11196);
#11195=DIRECTION('',(0,0,-1));
#11196=DIRECTION('',(-0.9988680925677157,-0.04756609769713329,0));
#11197=FACE_BOUND('',#11198,.T.);
#11198=EDGE_LOOP('',(#11199,#11200,#11201));
#11199=ORIENTED_EDGE('',*,*,#11202,.T.);
#11200=ORIENTED_EDGE('',*,*,#11203,.T.);
#11201=ORIENTED_EDGE('',*,*,#11204,.T.);
#11202=EDGE_CURVE('',#427,#539,#11205,.F.);
#11203=EDGE_CURVE('',#539,#537,#11206,.T.);
#11204=EDGE_CURVE('',#537,#427,#11207,.T.);
#11205=LINE('',#426,#11208);
#11206=LINE('',#538,#11209);
#11207=LINE('',#536,#11210);
#11208=VECTOR('',#11211,1.0);
#11209=VECTOR('',#11212,1.0);
#11210=VECTOR('',#11213,1.0);
#11211=DIRECTION('',(-0.9988680925677157,-0.04756609769713329,0));
#11212=DIRECTION('',(-1,0,0));
#11213=DIRECTION('',(0.999964691976607,0.00840326127938176,0));
#11214=FACE_SURFACE('',(#11219),#11215,.T.);
#11215=PLANE('',#11216);
#11216=AXIS2_PLACEMENT_3D('',#434,#11217,#11218);
#11217=DIRECTION('',(0,-0,-1));
#11218=DIRECTION('',(0,-1,0));
#11219=FACE_BOUND('',#11220,.T.);
#11220=EDGE_LOOP('',(#11221,#11222,#11223));
#11221=ORIENTED_EDGE('',*,*,#11224,.T.);
#11222=ORIENTED_EDGE('',*,*,#11225,.T.);
#11223=ORIENTED_EDGE('',*,*,#11226,.T.);
#11224=EDGE_CURVE('',#435,#431,#11227,.F.);
#11225=EDGE_CURVE('',#431,#433,#11228,.T.);
#11226=EDGE_CURVE('',#433,#435,#11229,.T.);
#11227=LINE('',#434,#11230);
#11228=LINE('',#430,#11231);
#11229=LINE('',#432,#11232);
#11230=VECTOR('',#11233,1.0);
#11231=VECTOR('',#11234,1.0);
#11232=VECTOR('',#11235,1.0);
#11233=DIRECTION('',(0,-1,0));
#11234=DIRECTION('',(-1,0,0));
#11235=DIRECTION('',(0.9883716976506172,0.1520571842539411,0));
#11236=FACE_SURFACE('',(#11241),#11237,.T.);
#11237=PLANE('',#11238);
#11238=AXIS2_PLACEMENT_3D('',#434,#11239,#11240);
#11239=DIRECTION('',(-0,0,-1));
#11240=DIRECTION('',(-0.9883716976506172,-0.1520571842539411,0));
#11241=FACE_BOUND('',#11242,.T.);
#11242=EDGE_LOOP('',(#11243,#11244,#11245));
#11243=ORIENTED_EDGE('',*,*,#11246,.T.);
#11244=ORIENTED_EDGE('',*,*,#11247,.T.);
#11245=ORIENTED_EDGE('',*,*,#11248,.T.);
#11246=EDGE_CURVE('',#435,#433,#11249,.F.);
#11247=EDGE_CURVE('',#433,#437,#11250,.T.);
#11248=EDGE_CURVE('',#437,#435,#11251,.T.);
#11249=LINE('',#434,#11252);
#11250=LINE('',#432,#11253);
#11251=LINE('',#436,#11254);
#11252=VECTOR('',#11255,1.0);
#11253=VECTOR('',#11256,1.0);
#11254=VECTOR('',#11257,1.0);
#11255=DIRECTION('',(-0.9883716976506172,-0.1520571842539411,0));
#11256=DIRECTION('',(0,1,0));
#11257=DIRECTION('',(1,0,0));
#11258=FACE_SURFACE('',(#11263),#11259,.T.);
#11259=PLANE('',#11260);
#11260=AXIS2_PLACEMENT_3D('',#540,#11261,#11262);
#11261=DIRECTION('',(-1,-0,-0));
#11262=DIRECTION('',(0,0.19910156924232278,-0.9799788595297576));
#11263=FACE_BOUND('',#11264,.T.);
#11264=EDGE_LOOP('',(#11265,#11266,#11267));
#11265=ORIENTED_EDGE('',*,*,#11268,.T.);
#11266=ORIENTED_EDGE('',*,*,#11269,.T.);
#11267=ORIENTED_EDGE('',*,*,#11270,.T.);
#11268=EDGE_CURVE('',#541,#267,#11271,.F.);
#11269=EDGE_CURVE('',#267,#443,#11272,.T.);
#11270=EDGE_CURVE('',#443,#541,#11273,.T.);
#11271=LINE('',#540,#11274);
#11272=LINE('',#266,#11275);
#11273=LINE('',#442,#11276);
#11274=VECTOR('',#11277,1.0);
#11275=VECTOR('',#11278,1.0);
#11276=VECTOR('',#11279,1.0);
#11277=DIRECTION('',(0,0.19910156924232278,-0.9799788595297576));
#11278=DIRECTION('',(0,-0.3091470367532114,0.9510142531354137));
#11279=DIRECTION('',(0,1,0));
#11280=FACE_SURFACE('',(#11285),#11281,.T.);
#11281=PLANE('',#11282);
#11282=AXIS2_PLACEMENT_3D('',#468,#11283,#11284);
#11283=DIRECTION('',(-1,0,0));
#11284=DIRECTION('',(0,1,0));
#11285=FACE_BOUND('',#11286,.T.);
#11286=EDGE_LOOP('',(#11287,#11288,#11289));
#11287=ORIENTED_EDGE('',*,*,#11290,.T.);
#11288=ORIENTED_EDGE('',*,*,#11291,.T.);
#11289=ORIENTED_EDGE('',*,*,#11292,.T.);
#11290=EDGE_CURVE('',#469,#463,#11293,.F.);
#11291=EDGE_CURVE('',#463,#543,#11294,.T.);
#11292=EDGE_CURVE('',#543,#469,#11295,.T.);
#11293=LINE('',#468,#11296);
#11294=LINE('',#462,#11297);
#11295=LINE('',#542,#11298);
#11296=VECTOR('',#11299,1.0);
#11297=VECTOR('',#11300,1.0);
#11298=VECTOR('',#11301,1.0);
#11299=DIRECTION('',(0,1,0));
#11300=DIRECTION('',(0,0,-1));
#11301=DIRECTION('',(0,-0.2873480531726309,0.9578262349392498));
#11302=FACE_SURFACE('',(#11307),#11303,.T.);
#11303=PLANE('',#11304);
#11304=AXIS2_PLACEMENT_3D('',#468,#11305,#11306);
#11305=DIRECTION('',(-1,0,0));
#11306=DIRECTION('',(0,0.2873480531726309,-0.9578262349392498));
#11307=FACE_BOUND('',#11308,.T.);
#11308=EDGE_LOOP('',(#11309,#11310,#11311));
#11309=ORIENTED_EDGE('',*,*,#11312,.T.);
#11310=ORIENTED_EDGE('',*,*,#11313,.T.);
#11311=ORIENTED_EDGE('',*,*,#11314,.T.);
#11312=EDGE_CURVE('',#469,#543,#11315,.F.);
#11313=EDGE_CURVE('',#543,#545,#11316,.T.);
#11314=EDGE_CURVE('',#545,#469,#11317,.T.);
#11315=LINE('',#468,#11318);
#11316=LINE('',#542,#11319);
#11317=LINE('',#544,#11320);
#11318=VECTOR('',#11321,1.0);
#11319=VECTOR('',#11322,1.0);
#11320=VECTOR('',#11323,1.0);
#11321=DIRECTION('',(0,0.2873480531726309,-0.9578262349392498));
#11322=DIRECTION('',(0,-1,0));
#11323=DIRECTION('',(0,0,1));
#11324=FACE_SURFACE('',(#11329),#11325,.T.);
#11325=PLANE('',#11326);
#11326=AXIS2_PLACEMENT_3D('',#540,#11327,#11328);
#11327=DIRECTION('',(-1,0,0));
#11328=DIRECTION('',(0,0.07852791548067674,0.996911915110989));
#11329=FACE_BOUND('',#11330,.T.);
#11330=EDGE_LOOP('',(#11331,#11332,#11333));
#11331=ORIENTED_EDGE('',*,*,#11334,.T.);
#11332=ORIENTED_EDGE('',*,*,#11335,.T.);
#11333=ORIENTED_EDGE('',*,*,#11336,.T.);
#11334=EDGE_CURVE('',#541,#545,#11337,.F.);
#11335=EDGE_CURVE('',#545,#543,#11338,.T.);
#11336=EDGE_CURVE('',#543,#541,#11339,.T.);
#11337=LINE('',#540,#11340);
#11338=LINE('',#544,#11341);
#11339=LINE('',#542,#11342);
#11340=VECTOR('',#11343,1.0);
#11341=VECTOR('',#11344,1.0);
#11342=VECTOR('',#11345,1.0);
#11343=DIRECTION('',(0,0.07852791548067674,0.996911915110989));
#11344=DIRECTION('',(0,1,0));
#11345=DIRECTION('',(0,-0.1932171953126013,-0.981156009733178));
#11346=FACE_SURFACE('',(#11351),#11347,.T.);
#11347=PLANE('',#11348);
#11348=AXIS2_PLACEMENT_3D('',#540,#11349,#11350);
#11349=DIRECTION('',(-1,0,0));
#11350=DIRECTION('',(0,0.3091467034425463,-0.9510143614849391));
#11351=FACE_BOUND('',#11352,.T.);
#11352=EDGE_LOOP('',(#11353,#11354,#11355));
#11353=ORIENTED_EDGE('',*,*,#11356,.T.);
#11354=ORIENTED_EDGE('',*,*,#11357,.T.);
#11355=ORIENTED_EDGE('',*,*,#11358,.T.);
#11356=EDGE_CURVE('',#541,#441,#11359,.F.);
#11357=EDGE_CURVE('',#441,#267,#11360,.T.);
#11358=EDGE_CURVE('',#267,#541,#11361,.T.);
#11359=LINE('',#540,#11362);
#11360=LINE('',#440,#11363);
#11361=LINE('',#266,#11364);
#11362=VECTOR('',#11365,1.0);
#11363=VECTOR('',#11366,1.0);
#11364=VECTOR('',#11367,1.0);
#11365=DIRECTION('',(0,0.3091467034425463,-0.9510143614849391));
#11366=DIRECTION('',(0,-1,0));
#11367=DIRECTION('',(0,-0.19910156924232278,0.9799788595297576));
#11368=FACE_SURFACE('',(#11373),#11369,.T.);
#11369=PLANE('',#11370);
#11370=AXIS2_PLACEMENT_3D('',#544,#11371,#11372);
#11371=DIRECTION('',(-1,0,0));
#11372=DIRECTION('',(0,-0.07852791548067674,-0.996911915110989));
#11373=FACE_BOUND('',#11374,.T.);
#11374=EDGE_LOOP('',(#11375,#11376,#11377));
#11375=ORIENTED_EDGE('',*,*,#11378,.T.);
#11376=ORIENTED_EDGE('',*,*,#11379,.T.);
#11377=ORIENTED_EDGE('',*,*,#11380,.T.);
#11378=EDGE_CURVE('',#545,#541,#11381,.F.);
#11379=EDGE_CURVE('',#541,#443,#11382,.T.);
#11380=EDGE_CURVE('',#443,#545,#11383,.T.);
#11381=LINE('',#544,#11384);
#11382=LINE('',#540,#11385);
#11383=LINE('',#442,#11386);
#11384=VECTOR('',#11387,1.0);
#11385=VECTOR('',#11388,1.0);
#11386=VECTOR('',#11389,1.0);
#11387=DIRECTION('',(0,-0.07852791548067674,-0.996911915110989));
#11388=DIRECTION('',(0,-1,0));
#11389=DIRECTION('',(0,0.1932171953126013,0.981156009733178));
#11390=FACE_SURFACE('',(#11395),#11391,.T.);
#11391=PLANE('',#11392);
#11392=AXIS2_PLACEMENT_3D('',#546,#11393,#11394);
#11393=DIRECTION('',(0,0.9510143614849391,0.3091467034425463));
#11394=DIRECTION('',(-0.8568088569199723,0.1594065994707066,-0.4903754875079667));
#11395=FACE_BOUND('',#11396,.T.);
#11396=EDGE_LOOP('',(#11397,#11398,#11399));
#11397=ORIENTED_EDGE('',*,*,#11400,.T.);
#11398=ORIENTED_EDGE('',*,*,#11401,.T.);
#11399=ORIENTED_EDGE('',*,*,#11402,.T.);
#11400=EDGE_CURVE('',#547,#441,#11403,.F.);
#11401=EDGE_CURVE('',#441,#541,#11404,.T.);
#11402=EDGE_CURVE('',#541,#547,#11405,.T.);
#11403=LINE('',#546,#11406);
#11404=LINE('',#440,#11407);
#11405=LINE('',#540,#11408);
#11406=VECTOR('',#11409,1.0);
#11407=VECTOR('',#11410,1.0);
#11408=VECTOR('',#11411,1.0);
#11409=DIRECTION('',(-0.8568088569199723,0.1594065994707066,-0.4903754875079667));
#11410=DIRECTION('',(0,-0.3091467034425463,0.9510143614849391));
#11411=DIRECTION('',(1,0,0));
#11412=FACE_SURFACE('',(#11417),#11413,.T.);
#11413=PLANE('',#11414);
#11414=AXIS2_PLACEMENT_3D('',#546,#11415,#11416);
#11415=DIRECTION('',(0,0.9510143614849391,0.3091467034425463));
#11416=DIRECTION('',(0,0.3091467034425463,-0.9510143614849391));
#11417=FACE_BOUND('',#11418,.T.);
#11418=EDGE_LOOP('',(#11419,#11420,#11421));
#11419=ORIENTED_EDGE('',*,*,#11422,.T.);
#11420=ORIENTED_EDGE('',*,*,#11423,.T.);
#11421=ORIENTED_EDGE('',*,*,#11424,.T.);
#11422=EDGE_CURVE('',#547,#439,#11425,.F.);
#11423=EDGE_CURVE('',#439,#441,#11426,.T.);
#11424=EDGE_CURVE('',#441,#547,#11427,.T.);
#11425=LINE('',#546,#11428);
#11426=LINE('',#438,#11429);
#11427=LINE('',#440,#11430);
#11428=VECTOR('',#11431,1.0);
#11429=VECTOR('',#11432,1.0);
#11430=VECTOR('',#11433,1.0);
#11431=DIRECTION('',(0,0.3091467034425463,-0.9510143614849391));
#11432=DIRECTION('',(-1,0,0));
#11433=DIRECTION('',(0.8568088569199723,-0.1594065994707066,0.4903754875079667));
#11434=FACE_SURFACE('',(#11439),#11435,.T.);
#11435=PLANE('',#11436);
#11436=AXIS2_PLACEMENT_3D('',#546,#11437,#11438);
#11437=DIRECTION('',(1,0,0));
#11438=DIRECTION('',(0,-1,0));
#11439=FACE_BOUND('',#11440,.T.);
#11440=EDGE_LOOP('',(#11441,#11442,#11443));
#11441=ORIENTED_EDGE('',*,*,#11444,.T.);
#11442=ORIENTED_EDGE('',*,*,#11445,.T.);
#11443=ORIENTED_EDGE('',*,*,#11446,.T.);
#11444=EDGE_CURVE('',#547,#445,#11447,.F.);
#11445=EDGE_CURVE('',#445,#265,#11448,.T.);
#11446=EDGE_CURVE('',#265,#547,#11449,.T.);
#11447=LINE('',#546,#11450);
#11448=LINE('',#444,#11451);
#11449=LINE('',#264,#11452);
#11450=VECTOR('',#11453,1.0);
#11451=VECTOR('',#11454,1.0);
#11452=VECTOR('',#11455,1.0);
#11453=DIRECTION('',(0,-1,0));
#11454=DIRECTION('',(0,0.3091470367532114,-0.9510142531354137));
#11455=DIRECTION('',(0,-0.19910156924232278,0.9799788595297576));
#11456=FACE_SURFACE('',(#11461),#11457,.T.);
#11457=PLANE('',#11458);
#11458=AXIS2_PLACEMENT_3D('',#466,#11459,#11460);
#11459=DIRECTION('',(1,-0,0));
#11460=DIRECTION('',(0,0.2873480531726309,-0.9578262349392498));
#11461=FACE_BOUND('',#11462,.T.);
#11462=EDGE_LOOP('',(#11463,#11464,#11465));
#11463=ORIENTED_EDGE('',*,*,#11466,.T.);
#11464=ORIENTED_EDGE('',*,*,#11467,.T.);
#11465=ORIENTED_EDGE('',*,*,#11468,.T.);
#11466=EDGE_CURVE('',#467,#549,#11469,.F.);
#11467=EDGE_CURVE('',#549,#461,#11470,.T.);
#11468=EDGE_CURVE('',#461,#467,#11471,.T.);
#11469=LINE('',#466,#11472);
#11470=LINE('',#548,#11473);
#11471=LINE('',#460,#11474);
#11472=VECTOR('',#11475,1.0);
#11473=VECTOR('',#11476,1.0);
#11474=VECTOR('',#11477,1.0);
#11475=DIRECTION('',(0,0.2873480531726309,-0.9578262349392498));
#11476=DIRECTION('',(0,0,1));
#11477=DIRECTION('',(0,-1,0));
#11478=FACE_SURFACE('',(#11483),#11479,.T.);
#11479=PLANE('',#11480);
#11480=AXIS2_PLACEMENT_3D('',#466,#11481,#11482);
#11481=DIRECTION('',(1,0,0));
#11482=DIRECTION('',(0,0,-1));
#11483=FACE_BOUND('',#11484,.T.);
#11484=EDGE_LOOP('',(#11485,#11486,#11487));
#11485=ORIENTED_EDGE('',*,*,#11488,.T.);
#11486=ORIENTED_EDGE('',*,*,#11489,.T.);
#11487=ORIENTED_EDGE('',*,*,#11490,.T.);
#11488=EDGE_CURVE('',#467,#551,#11491,.F.);
#11489=EDGE_CURVE('',#551,#549,#11492,.T.);
#11490=EDGE_CURVE('',#549,#467,#11493,.T.);
#11491=LINE('',#466,#11494);
#11492=LINE('',#550,#11495);
#11493=LINE('',#548,#11496);
#11494=VECTOR('',#11497,1.0);
#11495=VECTOR('',#11498,1.0);
#11496=VECTOR('',#11499,1.0);
#11497=DIRECTION('',(0,0,-1));
#11498=DIRECTION('',(0,1,0));
#11499=DIRECTION('',(0,-0.2873480531726309,0.9578262349392498));
#11500=FACE_SURFACE('',(#11505),#11501,.T.);
#11501=PLANE('',#11502);
#11502=AXIS2_PLACEMENT_3D('',#546,#11503,#11504);
#11503=DIRECTION('',(1,0,0));
#11504=DIRECTION('',(0,0.1932171953126013,0.981156009733178));
#11505=FACE_BOUND('',#11506,.T.);
#11506=EDGE_LOOP('',(#11507,#11508,#11509));
#11507=ORIENTED_EDGE('',*,*,#11510,.T.);
#11508=ORIENTED_EDGE('',*,*,#11511,.T.);
#11509=ORIENTED_EDGE('',*,*,#11512,.T.);
#11510=EDGE_CURVE('',#547,#549,#11513,.F.);
#11511=EDGE_CURVE('',#549,#551,#11514,.T.);
#11512=EDGE_CURVE('',#551,#547,#11515,.T.);
#11513=LINE('',#546,#11516);
#11514=LINE('',#548,#11517);
#11515=LINE('',#550,#11518);
#11516=VECTOR('',#11519,1.0);
#11517=VECTOR('',#11520,1.0);
#11518=VECTOR('',#11521,1.0);
#11519=DIRECTION('',(0,0.1932171953126013,0.981156009733178));
#11520=DIRECTION('',(0,-1,0));
#11521=DIRECTION('',(0,-0.07852791548067674,-0.996911915110989));
#11522=FACE_SURFACE('',(#11527),#11523,.T.);
#11523=PLANE('',#11524);
#11524=AXIS2_PLACEMENT_3D('',#546,#11525,#11526);
#11525=DIRECTION('',(1,0,0));
#11526=DIRECTION('',(0,0.19910156924232278,-0.9799788595297576));
#11527=FACE_BOUND('',#11528,.T.);
#11528=EDGE_LOOP('',(#11529,#11530,#11531));
#11529=ORIENTED_EDGE('',*,*,#11532,.T.);
#11530=ORIENTED_EDGE('',*,*,#11533,.T.);
#11531=ORIENTED_EDGE('',*,*,#11534,.T.);
#11532=EDGE_CURVE('',#547,#265,#11535,.F.);
#11533=EDGE_CURVE('',#265,#439,#11536,.T.);
#11534=EDGE_CURVE('',#439,#547,#11537,.T.);
#11535=LINE('',#546,#11538);
#11536=LINE('',#264,#11539);
#11537=LINE('',#438,#11540);
#11538=VECTOR('',#11541,1.0);
#11539=VECTOR('',#11542,1.0);
#11540=VECTOR('',#11543,1.0);
#11541=DIRECTION('',(0,0.19910156924232278,-0.9799788595297576));
#11542=DIRECTION('',(0,1,0));
#11543=DIRECTION('',(0,-0.3091467034425463,0.9510143614849391));
#11544=FACE_SURFACE('',(#11549),#11545,.T.);
#11545=PLANE('',#11546);
#11546=AXIS2_PLACEMENT_3D('',#550,#11547,#11548);
#11547=DIRECTION('',(1,0,0));
#11548=DIRECTION('',(0,-0.1932171953126013,-0.981156009733178));
#11549=FACE_BOUND('',#11550,.T.);
#11550=EDGE_LOOP('',(#11551,#11552,#11553));
#11551=ORIENTED_EDGE('',*,*,#11554,.T.);
#11552=ORIENTED_EDGE('',*,*,#11555,.T.);
#11553=ORIENTED_EDGE('',*,*,#11556,.T.);
#11554=EDGE_CURVE('',#551,#445,#11557,.F.);
#11555=EDGE_CURVE('',#445,#547,#11558,.T.);
#11556=EDGE_CURVE('',#547,#551,#11559,.T.);
#11557=LINE('',#550,#11560);
#11558=LINE('',#444,#11561);
#11559=LINE('',#546,#11562);
#11560=VECTOR('',#11563,1.0);
#11561=VECTOR('',#11564,1.0);
#11562=VECTOR('',#11565,1.0);
#11563=DIRECTION('',(0,-0.1932171953126013,-0.981156009733178));
#11564=DIRECTION('',(0,1,0));
#11565=DIRECTION('',(0,0.07852791548067674,0.996911915110989));
#11566=FACE_SURFACE('',(#11571),#11567,.T.);
#11567=PLANE('',#11568);
#11568=AXIS2_PLACEMENT_3D('',#550,#11569,#11570);
#11569=DIRECTION('',(0,-0.981156009733178,0.1932171953126013));
#11570=DIRECTION('',(-1,0,0));
#11571=FACE_BOUND('',#11572,.T.);
#11572=EDGE_LOOP('',(#11573,#11574,#11575));
#11573=ORIENTED_EDGE('',*,*,#11576,.T.);
#11574=ORIENTED_EDGE('',*,*,#11577,.T.);
#11575=ORIENTED_EDGE('',*,*,#11578,.T.);
#11576=EDGE_CURVE('',#551,#545,#11579,.F.);
#11577=EDGE_CURVE('',#545,#443,#11580,.T.);
#11578=EDGE_CURVE('',#443,#551,#11581,.T.);
#11579=LINE('',#550,#11582);
#11580=LINE('',#544,#11583);
#11581=LINE('',#442,#11584);
#11582=VECTOR('',#11585,1.0);
#11583=VECTOR('',#11586,1.0);
#11584=VECTOR('',#11587,1.0);
#11585=DIRECTION('',(-1,0,0));
#11586=DIRECTION('',(0,-0.1932171953126013,-0.981156009733178));
#11587=DIRECTION('',(0.8568092358513992,0.0996292637449385,0.5059169330684463));
#11588=FACE_SURFACE('',(#11593),#11589,.T.);
#11589=PLANE('',#11590);
#11590=AXIS2_PLACEMENT_3D('',#550,#11591,#11592);
#11591=DIRECTION('',(0,-0.981156009733178,0.1932171953126013));
#11592=DIRECTION('',(-0.8568092358513992,-0.0996292637449385,-0.5059169330684463));
#11593=FACE_BOUND('',#11594,.T.);
#11594=EDGE_LOOP('',(#11595,#11596,#11597));
#11595=ORIENTED_EDGE('',*,*,#11598,.T.);
#11596=ORIENTED_EDGE('',*,*,#11599,.T.);
#11597=ORIENTED_EDGE('',*,*,#11600,.T.);
#11598=EDGE_CURVE('',#551,#443,#11601,.F.);
#11599=EDGE_CURVE('',#443,#445,#11602,.T.);
#11600=EDGE_CURVE('',#445,#551,#11603,.T.);
#11601=LINE('',#550,#11604);
#11602=LINE('',#442,#11605);
#11603=LINE('',#444,#11606);
#11604=VECTOR('',#11607,1.0);
#11605=VECTOR('',#11608,1.0);
#11606=VECTOR('',#11609,1.0);
#11607=DIRECTION('',(-0.8568092358513992,-0.0996292637449385,-0.5059169330684463));
#11608=DIRECTION('',(1,0,0));
#11609=DIRECTION('',(0,0.1932171953126013,0.981156009733178));
#11610=FACE_SURFACE('',(#11615),#11611,.T.);
#11611=PLANE('',#11612);
#11612=AXIS2_PLACEMENT_3D('',#456,#11613,#11614);
#11613=DIRECTION('',(0,-1,0));
#11614=DIRECTION('',(-0.9988123511248966,0,0.04872255371340959));
#11615=FACE_BOUND('',#11616,.T.);
#11616=EDGE_LOOP('',(#11617,#11618,#11619));
#11617=ORIENTED_EDGE('',*,*,#11620,.T.);
#11618=ORIENTED_EDGE('',*,*,#11621,.T.);
#11619=ORIENTED_EDGE('',*,*,#11622,.T.);
#11620=EDGE_CURVE('',#457,#553,#11623,.F.);
#11621=EDGE_CURVE('',#553,#465,#11624,.T.);
#11622=EDGE_CURVE('',#465,#457,#11625,.T.);
#11623=LINE('',#456,#11626);
#11624=LINE('',#552,#11627);
#11625=LINE('',#464,#11628);
#11626=VECTOR('',#11629,1.0);
#11627=VECTOR('',#11630,1.0);
#11628=VECTOR('',#11631,1.0);
#11629=DIRECTION('',(-0.9988123511248966,0,0.04872255371340959));
#11630=DIRECTION('',(0,0,-1));
#11631=DIRECTION('',(1,0,0));
#11632=FACE_SURFACE('',(#11637),#11633,.T.);
#11633=PLANE('',#11634);
#11634=AXIS2_PLACEMENT_3D('',#552,#11635,#11636);
#11635=DIRECTION('',(0,-1,0));
#11636=DIRECTION('',(0.9988123511248966,0,-0.04872255371340959));
#11637=FACE_BOUND('',#11638,.T.);
#11638=EDGE_LOOP('',(#11639,#11640,#11641));
#11639=ORIENTED_EDGE('',*,*,#11642,.T.);
#11640=ORIENTED_EDGE('',*,*,#11643,.T.);
#11641=ORIENTED_EDGE('',*,*,#11644,.T.);
#11642=EDGE_CURVE('',#553,#457,#11645,.F.);
#11643=EDGE_CURVE('',#457,#555,#11646,.T.);
#11644=EDGE_CURVE('',#555,#553,#11647,.T.);
#11645=LINE('',#552,#11648);
#11646=LINE('',#456,#11649);
#11647=LINE('',#554,#11650);
#11648=VECTOR('',#11651,1.0);
#11649=VECTOR('',#11652,1.0);
#11650=VECTOR('',#11653,1.0);
#11651=DIRECTION('',(0.9988123511248966,0,-0.04872255371340959));
#11652=DIRECTION('',(0,0,1));
#11653=DIRECTION('',(-1,0,0));
#11654=FACE_SURFACE('',(#11659),#11655,.T.);
#11655=PLANE('',#11656);
#11656=AXIS2_PLACEMENT_3D('',#464,#11657,#11658);
#11657=DIRECTION('',(-1,0,0));
#11658=DIRECTION('',(0,0.9994664446829739,0.032662301706643616));
#11659=FACE_BOUND('',#11660,.T.);
#11660=EDGE_LOOP('',(#11661,#11662,#11663));
#11661=ORIENTED_EDGE('',*,*,#11664,.T.);
#11662=ORIENTED_EDGE('',*,*,#11665,.T.);
#11663=ORIENTED_EDGE('',*,*,#11666,.T.);
#11664=EDGE_CURVE('',#465,#557,#11667,.F.);
#11665=EDGE_CURVE('',#557,#447,#11668,.T.);
#11666=EDGE_CURVE('',#447,#465,#11669,.T.);
#11667=LINE('',#464,#11670);
#11668=LINE('',#556,#11671);
#11669=LINE('',#446,#11672);
#11670=VECTOR('',#11673,1.0);
#11671=VECTOR('',#11674,1.0);
#11672=VECTOR('',#11675,1.0);
#11673=DIRECTION('',(0,0.9994664446829739,0.032662301706643616));
#11674=DIRECTION('',(0,0,-1));
#11675=DIRECTION('',(0,-1,0));
#11676=FACE_SURFACE('',(#11681),#11677,.T.);
#11677=PLANE('',#11678);
#11678=AXIS2_PLACEMENT_3D('',#556,#11679,#11680);
#11679=DIRECTION('',(-1,-0,0));
#11680=DIRECTION('',(0,-0.9994664446829739,-0.032662301706643616));
#11681=FACE_BOUND('',#11682,.T.);
#11682=EDGE_LOOP('',(#11683,#11684,#11685));
#11683=ORIENTED_EDGE('',*,*,#11686,.T.);
#11684=ORIENTED_EDGE('',*,*,#11687,.T.);
#11685=ORIENTED_EDGE('',*,*,#11688,.T.);
#11686=EDGE_CURVE('',#557,#465,#11689,.F.);
#11687=EDGE_CURVE('',#465,#553,#11690,.T.);
#11688=EDGE_CURVE('',#553,#557,#11691,.T.);
#11689=LINE('',#556,#11692);
#11690=LINE('',#464,#11693);
#11691=LINE('',#552,#11694);
#11692=VECTOR('',#11695,1.0);
#11693=VECTOR('',#11696,1.0);
#11694=VECTOR('',#11697,1.0);
#11695=DIRECTION('',(0,-0.9994664446829739,-0.032662301706643616));
#11696=DIRECTION('',(0,0,1));
#11697=DIRECTION('',(0,1,0));
#11698=FACE_SURFACE('',(#11703),#11699,.T.);
#11699=PLANE('',#11700);
#11700=AXIS2_PLACEMENT_3D('',#446,#11701,#11702);
#11701=DIRECTION('',(0,1,0));
#11702=DIRECTION('',(0.9988123511248966,0,0.04872255371340959));
#11703=FACE_BOUND('',#11704,.T.);
#11704=EDGE_LOOP('',(#11705,#11706,#11707));
#11705=ORIENTED_EDGE('',*,*,#11708,.T.);
#11706=ORIENTED_EDGE('',*,*,#11709,.T.);
#11707=ORIENTED_EDGE('',*,*,#11710,.T.);
#11708=EDGE_CURVE('',#447,#559,#11711,.F.);
#11709=EDGE_CURVE('',#559,#449,#11712,.T.);
#11710=EDGE_CURVE('',#449,#447,#11713,.T.);
#11711=LINE('',#446,#11714);
#11712=LINE('',#558,#11715);
#11713=LINE('',#448,#11716);
#11714=VECTOR('',#11717,1.0);
#11715=VECTOR('',#11718,1.0);
#11716=VECTOR('',#11719,1.0);
#11717=DIRECTION('',(0.9988123511248966,0,0.04872255371340959));
#11718=DIRECTION('',(0,0,-1));
#11719=DIRECTION('',(-1,0,0));
#11720=FACE_SURFACE('',(#11725),#11721,.T.);
#11721=PLANE('',#11722);
#11722=AXIS2_PLACEMENT_3D('',#558,#11723,#11724);
#11723=DIRECTION('',(0,1,0));
#11724=DIRECTION('',(-0.9988123511248966,0,-0.04872255371340959));
#11725=FACE_BOUND('',#11726,.T.);
#11726=EDGE_LOOP('',(#11727,#11728,#11729));
#11727=ORIENTED_EDGE('',*,*,#11730,.T.);
#11728=ORIENTED_EDGE('',*,*,#11731,.T.);
#11729=ORIENTED_EDGE('',*,*,#11732,.T.);
#11730=EDGE_CURVE('',#559,#447,#11733,.F.);
#11731=EDGE_CURVE('',#447,#557,#11734,.T.);
#11732=EDGE_CURVE('',#557,#559,#11735,.T.);
#11733=LINE('',#558,#11736);
#11734=LINE('',#446,#11737);
#11735=LINE('',#556,#11738);
#11736=VECTOR('',#11739,1.0);
#11737=VECTOR('',#11740,1.0);
#11738=VECTOR('',#11741,1.0);
#11739=DIRECTION('',(-0.9988123511248966,0,-0.04872255371340959));
#11740=DIRECTION('',(0,0,1));
#11741=DIRECTION('',(1,0,0));
#11742=FACE_SURFACE('',(#11747),#11743,.T.);
#11743=PLANE('',#11744);
#11744=AXIS2_PLACEMENT_3D('',#448,#11745,#11746);
#11745=DIRECTION('',(1,0,0));
#11746=DIRECTION('',(0,-0.9994664446829739,0.032662301706643616));
#11747=FACE_BOUND('',#11748,.T.);
#11748=EDGE_LOOP('',(#11749,#11750,#11751));
#11749=ORIENTED_EDGE('',*,*,#11752,.T.);
#11750=ORIENTED_EDGE('',*,*,#11753,.T.);
#11751=ORIENTED_EDGE('',*,*,#11754,.T.);
#11752=EDGE_CURVE('',#449,#555,#11755,.F.);
#11753=EDGE_CURVE('',#555,#457,#11756,.T.);
#11754=EDGE_CURVE('',#457,#449,#11757,.T.);
#11755=LINE('',#448,#11758);
#11756=LINE('',#554,#11759);
#11757=LINE('',#456,#11760);
#11758=VECTOR('',#11761,1.0);
#11759=VECTOR('',#11762,1.0);
#11760=VECTOR('',#11763,1.0);
#11761=DIRECTION('',(0,-0.9994664446829739,0.032662301706643616));
#11762=DIRECTION('',(0,0,-1));
#11763=DIRECTION('',(0,1,0));
#11764=FACE_SURFACE('',(#11769),#11765,.T.);
#11765=PLANE('',#11766);
#11766=AXIS2_PLACEMENT_3D('',#554,#11767,#11768);
#11767=DIRECTION('',(1,-0,0));
#11768=DIRECTION('',(0,0.9994664446829739,-0.032662301706643616));
#11769=FACE_BOUND('',#11770,.T.);
#11770=EDGE_LOOP('',(#11771,#11772,#11773));
#11771=ORIENTED_EDGE('',*,*,#11774,.T.);
#11772=ORIENTED_EDGE('',*,*,#11775,.T.);
#11773=ORIENTED_EDGE('',*,*,#11776,.T.);
#11774=EDGE_CURVE('',#555,#449,#11777,.F.);
#11775=EDGE_CURVE('',#449,#559,#11778,.T.);
#11776=EDGE_CURVE('',#559,#555,#11779,.T.);
#11777=LINE('',#554,#11780);
#11778=LINE('',#448,#11781);
#11779=LINE('',#558,#11782);
#11780=VECTOR('',#11783,1.0);
#11781=VECTOR('',#11784,1.0);
#11782=VECTOR('',#11785,1.0);
#11783=DIRECTION('',(0,0.9994664446829739,-0.032662301706643616));
#11784=DIRECTION('',(0,0,1));
#11785=DIRECTION('',(0,-1,0));
#11786=FACE_SURFACE('',(#11791),#11787,.T.);
#11787=PLANE('',#11788);
#11788=AXIS2_PLACEMENT_3D('',#460,#11789,#11790);
#11789=DIRECTION('',(0,1,0));
#11790=DIRECTION('',(-0.9740078851680585,0,-0.2265141047053054));
#11791=FACE_BOUND('',#11792,.T.);
#11792=EDGE_LOOP('',(#11793,#11794,#11795));
#11793=ORIENTED_EDGE('',*,*,#11796,.T.);
#11794=ORIENTED_EDGE('',*,*,#11797,.T.);
#11795=ORIENTED_EDGE('',*,*,#11798,.T.);
#11796=EDGE_CURVE('',#461,#543,#11799,.F.);
#11797=EDGE_CURVE('',#543,#463,#11800,.T.);
#11798=EDGE_CURVE('',#463,#461,#11801,.T.);
#11799=LINE('',#460,#11802);
#11800=LINE('',#542,#11803);
#11801=LINE('',#462,#11804);
#11802=VECTOR('',#11805,1.0);
#11803=VECTOR('',#11806,1.0);
#11804=VECTOR('',#11807,1.0);
#11805=DIRECTION('',(-0.9740078851680585,0,-0.2265141047053054));
#11806=DIRECTION('',(0,0,1));
#11807=DIRECTION('',(1,0,0));
#11808=FACE_SURFACE('',(#11813),#11809,.T.);
#11809=PLANE('',#11810);
#11810=AXIS2_PLACEMENT_3D('',#460,#11811,#11812);
#11811=DIRECTION('',(0,1,0));
#11812=DIRECTION('',(0,0,-1));
#11813=FACE_BOUND('',#11814,.T.);
#11814=EDGE_LOOP('',(#11815,#11816,#11817));
#11815=ORIENTED_EDGE('',*,*,#11818,.T.);
#11816=ORIENTED_EDGE('',*,*,#11819,.T.);
#11817=ORIENTED_EDGE('',*,*,#11820,.T.);
#11818=EDGE_CURVE('',#461,#549,#11821,.F.);
#11819=EDGE_CURVE('',#549,#543,#11822,.T.);
#11820=EDGE_CURVE('',#543,#461,#11823,.T.);
#11821=LINE('',#460,#11824);
#11822=LINE('',#548,#11825);
#11823=LINE('',#542,#11826);
#11824=VECTOR('',#11827,1.0);
#11825=VECTOR('',#11828,1.0);
#11826=VECTOR('',#11829,1.0);
#11827=DIRECTION('',(0,0,-1));
#11828=DIRECTION('',(-1,0,0));
#11829=DIRECTION('',(0.9740078851680585,0,0.2265141047053054));
#11830=FACE_SURFACE('',(#11835),#11831,.T.);
#11831=PLANE('',#11832);
#11832=AXIS2_PLACEMENT_3D('',#466,#11833,#11834);
#11833=DIRECTION('',(-0,-1,0));
#11834=DIRECTION('',(-1,0,0));
#11835=FACE_BOUND('',#11836,.T.);
#11836=EDGE_LOOP('',(#11837,#11838,#11839));
#11837=ORIENTED_EDGE('',*,*,#11840,.T.);
#11838=ORIENTED_EDGE('',*,*,#11841,.T.);
#11839=ORIENTED_EDGE('',*,*,#11842,.T.);
#11840=EDGE_CURVE('',#467,#469,#11843,.F.);
#11841=EDGE_CURVE('',#469,#545,#11844,.T.);
#11842=EDGE_CURVE('',#545,#467,#11845,.T.);
#11843=LINE('',#466,#11846);
#11844=LINE('',#468,#11847);
#11845=LINE('',#544,#11848);
#11846=VECTOR('',#11849,1.0);
#11847=VECTOR('',#11850,1.0);
#11848=VECTOR('',#11851,1.0);
#11849=DIRECTION('',(-1,0,0));
#11850=DIRECTION('',(0,0,-1));
#11851=DIRECTION('',(0.9740078851680585,0,0.2265141047053054));
#11852=FACE_SURFACE('',(#11857),#11853,.T.);
#11853=PLANE('',#11854);
#11854=AXIS2_PLACEMENT_3D('',#466,#11855,#11856);
#11855=DIRECTION('',(0,-1,-0));
#11856=DIRECTION('',(-0.9740078851680585,0,-0.2265141047053054));
#11857=FACE_BOUND('',#11858,.T.);
#11858=EDGE_LOOP('',(#11859,#11860,#11861));
#11859=ORIENTED_EDGE('',*,*,#11862,.T.);
#11860=ORIENTED_EDGE('',*,*,#11863,.T.);
#11861=ORIENTED_EDGE('',*,*,#11864,.T.);
#11862=EDGE_CURVE('',#467,#545,#11865,.F.);
#11863=EDGE_CURVE('',#545,#551,#11866,.T.);
#11864=EDGE_CURVE('',#551,#467,#11867,.T.);
#11865=LINE('',#466,#11868);
#11866=LINE('',#544,#11869);
#11867=LINE('',#550,#11870);
#11868=VECTOR('',#11871,1.0);
#11869=VECTOR('',#11872,1.0);
#11870=VECTOR('',#11873,1.0);
#11871=DIRECTION('',(-0.9740078851680585,0,-0.2265141047053054));
#11872=DIRECTION('',(1,0,0));
#11873=DIRECTION('',(0,0,1));
#11874=FACE_SURFACE('',(#11879),#11875,.T.);
#11875=PLANE('',#11876);
#11876=AXIS2_PLACEMENT_3D('',#560,#11877,#11878);
#11877=DIRECTION('',(0,-1,0));
#11878=DIRECTION('',(0,0,1));
#11879=FACE_BOUND('',#11880,.T.);
#11880=EDGE_LOOP('',(#11881,#11882,#11883));
#11881=ORIENTED_EDGE('',*,*,#11884,.T.);
#11882=ORIENTED_EDGE('',*,*,#11885,.T.);
#11883=ORIENTED_EDGE('',*,*,#11886,.T.);
#11884=EDGE_CURVE('',#561,#459,#11887,.F.);
#11885=EDGE_CURVE('',#459,#455,#11888,.T.);
#11886=EDGE_CURVE('',#455,#561,#11889,.T.);
#11887=LINE('',#560,#11890);
#11888=LINE('',#458,#11891);
#11889=LINE('',#454,#11892);
#11890=VECTOR('',#11893,1.0);
#11891=VECTOR('',#11894,1.0);
#11892=VECTOR('',#11895,1.0);
#11893=DIRECTION('',(0,0,1));
#11894=DIRECTION('',(-1,0,0));
#11895=DIRECTION('',(0.9740078851680585,0,-0.2265141047053054));
#11896=FACE_SURFACE('',(#11901),#11897,.T.);
#11897=PLANE('',#11898);
#11898=AXIS2_PLACEMENT_3D('',#454,#11899,#11900);
#11899=DIRECTION('',(0,-1,0));
#11900=DIRECTION('',(0,0,-1));
#11901=FACE_BOUND('',#11902,.T.);
#11902=EDGE_LOOP('',(#11903,#11904,#11905));
#11903=ORIENTED_EDGE('',*,*,#11906,.T.);
#11904=ORIENTED_EDGE('',*,*,#11907,.T.);
#11905=ORIENTED_EDGE('',*,*,#11908,.T.);
#11906=EDGE_CURVE('',#455,#563,#11909,.F.);
#11907=EDGE_CURVE('',#563,#561,#11910,.T.);
#11908=EDGE_CURVE('',#561,#455,#11911,.T.);
#11909=LINE('',#454,#11912);
#11910=LINE('',#562,#11913);
#11911=LINE('',#560,#11914);
#11912=VECTOR('',#11915,1.0);
#11913=VECTOR('',#11916,1.0);
#11914=VECTOR('',#11917,1.0);
#11915=DIRECTION('',(0,0,-1));
#11916=DIRECTION('',(1,0,0));
#11917=DIRECTION('',(-0.9740078851680585,0,0.2265141047053054));
#11918=FACE_SURFACE('',(#11923),#11919,.T.);
#11919=PLANE('',#11920);
#11920=AXIS2_PLACEMENT_3D('',#330,#11921,#11922);
#11921=DIRECTION('',(1,0,-0));
#11922=DIRECTION('',(0,0.19910156924232278,0.9799788595297576));
#11923=FACE_BOUND('',#11924,.T.);
#11924=EDGE_LOOP('',(#11925,#11926,#11927));
#11925=ORIENTED_EDGE('',*,*,#11928,.T.);
#11926=ORIENTED_EDGE('',*,*,#11929,.T.);
#11927=ORIENTED_EDGE('',*,*,#11930,.T.);
#11928=EDGE_CURVE('',#331,#565,#11931,.F.);
#11929=EDGE_CURVE('',#565,#471,#11932,.T.);
#11930=EDGE_CURVE('',#471,#331,#11933,.T.);
#11931=LINE('',#330,#11934);
#11932=LINE('',#564,#11935);
#11933=LINE('',#470,#11936);
#11934=VECTOR('',#11937,1.0);
#11935=VECTOR('',#11938,1.0);
#11936=VECTOR('',#11939,1.0);
#11937=DIRECTION('',(0,0.19910156924232278,0.9799788595297576));
#11938=DIRECTION('',(0,-0.3091473700637626,-0.9510141447857959));
#11939=DIRECTION('',(0,1,0));
#11940=FACE_SURFACE('',(#11945),#11941,.T.);
#11941=PLANE('',#11942);
#11942=AXIS2_PLACEMENT_3D('',#330,#11943,#11944);
#11943=DIRECTION('',(1,0,0));
#11944=DIRECTION('',(0,0.3091467034425463,0.9510143614849391));
#11945=FACE_BOUND('',#11946,.T.);
#11946=EDGE_LOOP('',(#11947,#11948,#11949));
#11947=ORIENTED_EDGE('',*,*,#11950,.T.);
#11948=ORIENTED_EDGE('',*,*,#11951,.T.);
#11949=ORIENTED_EDGE('',*,*,#11952,.T.);
#11950=EDGE_CURVE('',#331,#503,#11953,.F.);
#11951=EDGE_CURVE('',#503,#565,#11954,.T.);
#11952=EDGE_CURVE('',#565,#331,#11955,.T.);
#11953=LINE('',#330,#11956);
#11954=LINE('',#502,#11957);
#11955=LINE('',#564,#11958);
#11956=VECTOR('',#11959,1.0);
#11957=VECTOR('',#11960,1.0);
#11958=VECTOR('',#11961,1.0);
#11959=DIRECTION('',(0,0.3091467034425463,0.9510143614849391));
#11960=DIRECTION('',(0,-1,0));
#11961=DIRECTION('',(0,-0.19910156924232278,-0.9799788595297576));
#11962=FACE_SURFACE('',(#11967),#11963,.T.);
#11963=PLANE('',#11964);
#11964=AXIS2_PLACEMENT_3D('',#458,#11965,#11966);
#11965=DIRECTION('',(1,-0,0));
#11966=DIRECTION('',(0,0.2873472151409395,-0.9578264863485173));
#11967=FACE_BOUND('',#11968,.T.);
#11968=EDGE_LOOP('',(#11969,#11970,#11971));
#11969=ORIENTED_EDGE('',*,*,#11972,.T.);
#11970=ORIENTED_EDGE('',*,*,#11973,.T.);
#11971=ORIENTED_EDGE('',*,*,#11974,.T.);
#11972=EDGE_CURVE('',#459,#567,#11975,.F.);
#11973=EDGE_CURVE('',#567,#451,#11976,.T.);
#11974=EDGE_CURVE('',#451,#459,#11977,.T.);
#11975=LINE('',#458,#11978);
#11976=LINE('',#566,#11979);
#11977=LINE('',#450,#11980);
#11978=VECTOR('',#11981,1.0);
#11979=VECTOR('',#11982,1.0);
#11980=VECTOR('',#11983,1.0);
#11981=DIRECTION('',(0,0.2873472151409395,-0.9578264863485173));
#11982=DIRECTION('',(0,0,1));
#11983=DIRECTION('',(0,-1,0));
#11984=FACE_SURFACE('',(#11989),#11985,.T.);
#11985=PLANE('',#11986);
#11986=AXIS2_PLACEMENT_3D('',#502,#11987,#11988);
#11987=DIRECTION('',(1,0,0));
#11988=DIRECTION('',(0,-0.1932171953126013,0.981156009733178));
#11989=FACE_BOUND('',#11990,.T.);
#11990=EDGE_LOOP('',(#11991,#11992,#11993));
#11991=ORIENTED_EDGE('',*,*,#11994,.T.);
#11992=ORIENTED_EDGE('',*,*,#11995,.T.);
#11993=ORIENTED_EDGE('',*,*,#11996,.T.);
#11994=EDGE_CURVE('',#503,#567,#11997,.F.);
#11995=EDGE_CURVE('',#567,#565,#11998,.T.);
#11996=EDGE_CURVE('',#565,#503,#11999,.T.);
#11997=LINE('',#502,#12000);
#11998=LINE('',#566,#12001);
#11999=LINE('',#564,#12002);
#12000=VECTOR('',#12003,1.0);
#12001=VECTOR('',#12004,1.0);
#12002=VECTOR('',#12005,1.0);
#12003=DIRECTION('',(0,-0.1932171953126013,0.981156009733178));
#12004=DIRECTION('',(0,0.07852828762219816,-0.9969118857968969));
#12005=DIRECTION('',(0,1,0));
#12006=FACE_SURFACE('',(#12011),#12007,.T.);
#12007=PLANE('',#12008);
#12008=AXIS2_PLACEMENT_3D('',#564,#12009,#12010);
#12009=DIRECTION('',(1,0,0));
#12010=DIRECTION('',(0,-0.07852828762219816,0.9969118857968969));
#12011=FACE_BOUND('',#12012,.T.);
#12012=EDGE_LOOP('',(#12013,#12014,#12015));
#12013=ORIENTED_EDGE('',*,*,#12016,.T.);
#12014=ORIENTED_EDGE('',*,*,#12017,.T.);
#12015=ORIENTED_EDGE('',*,*,#12018,.T.);
#12016=EDGE_CURVE('',#565,#567,#12019,.F.);
#12017=EDGE_CURVE('',#567,#561,#12020,.T.);
#12018=EDGE_CURVE('',#561,#565,#12021,.T.);
#12019=LINE('',#564,#12022);
#12020=LINE('',#566,#12023);
#12021=LINE('',#560,#12024);
#12022=VECTOR('',#12025,1.0);
#12023=VECTOR('',#12026,1.0);
#12024=VECTOR('',#12027,1.0);
#12025=DIRECTION('',(0,-0.07852828762219816,0.9969118857968969));
#12026=DIRECTION('',(0,-1,0));
#12027=DIRECTION('',(0,0.1932171953126013,-0.981156009733178));
#12028=FACE_SURFACE('',(#12033),#12029,.T.);
#12029=PLANE('',#12030);
#12030=AXIS2_PLACEMENT_3D('',#458,#12031,#12032);
#12031=DIRECTION('',(1,0,0));
#12032=DIRECTION('',(0,0,-1));
#12033=FACE_BOUND('',#12034,.T.);
#12034=EDGE_LOOP('',(#12035,#12036,#12037));
#12035=ORIENTED_EDGE('',*,*,#12038,.T.);
#12036=ORIENTED_EDGE('',*,*,#12039,.T.);
#12037=ORIENTED_EDGE('',*,*,#12040,.T.);
#12038=EDGE_CURVE('',#459,#561,#12041,.F.);
#12039=EDGE_CURVE('',#561,#567,#12042,.T.);
#12040=EDGE_CURVE('',#567,#459,#12043,.T.);
#12041=LINE('',#458,#12044);
#12042=LINE('',#560,#12045);
#12043=LINE('',#566,#12046);
#12044=VECTOR('',#12047,1.0);
#12045=VECTOR('',#12048,1.0);
#12046=VECTOR('',#12049,1.0);
#12047=DIRECTION('',(0,0,-1));
#12048=DIRECTION('',(0,1,0));
#12049=DIRECTION('',(0,-0.2873472151409395,0.9578264863485173));
#12050=FACE_SURFACE('',(#12055),#12051,.T.);
#12051=PLANE('',#12052);
#12052=AXIS2_PLACEMENT_3D('',#566,#12053,#12054);
#12053=DIRECTION('',(0,1,-0));
#12054=DIRECTION('',(-0.9740078851680585,0,0.2265141047053054));
#12055=FACE_BOUND('',#12056,.T.);
#12056=EDGE_LOOP('',(#12057,#12058,#12059));
#12057=ORIENTED_EDGE('',*,*,#12060,.T.);
#12058=ORIENTED_EDGE('',*,*,#12061,.T.);
#12059=ORIENTED_EDGE('',*,*,#12062,.T.);
#12060=EDGE_CURVE('',#567,#453,#12063,.F.);
#12061=EDGE_CURVE('',#453,#451,#12064,.T.);
#12062=EDGE_CURVE('',#451,#567,#12065,.T.);
#12063=LINE('',#566,#12066);
#12064=LINE('',#452,#12067);
#12065=LINE('',#450,#12068);
#12066=VECTOR('',#12069,1.0);
#12067=VECTOR('',#12070,1.0);
#12068=VECTOR('',#12071,1.0);
#12069=DIRECTION('',(-0.9740078851680585,0,0.2265141047053054));
#12070=DIRECTION('',(1,0,0));
#12071=DIRECTION('',(0,0,-1));
#12072=FACE_SURFACE('',(#12077),#12073,.T.);
#12073=PLANE('',#12074);
#12074=AXIS2_PLACEMENT_3D('',#452,#12075,#12076);
#12075=DIRECTION('',(0,1,0));
#12076=DIRECTION('',(0.9740078851680585,0,-0.2265141047053054));
#12077=FACE_BOUND('',#12078,.T.);
#12078=EDGE_LOOP('',(#12079,#12080,#12081));
#12079=ORIENTED_EDGE('',*,*,#12082,.T.);
#12080=ORIENTED_EDGE('',*,*,#12083,.T.);
#12081=ORIENTED_EDGE('',*,*,#12084,.T.);
#12082=EDGE_CURVE('',#453,#567,#12085,.F.);
#12083=EDGE_CURVE('',#567,#569,#12086,.T.);
#12084=EDGE_CURVE('',#569,#453,#12087,.T.);
#12085=LINE('',#452,#12088);
#12086=LINE('',#566,#12089);
#12087=LINE('',#568,#12090);
#12088=VECTOR('',#12091,1.0);
#12089=VECTOR('',#12092,1.0);
#12090=VECTOR('',#12093,1.0);
#12091=DIRECTION('',(0.9740078851680585,0,-0.2265141047053054));
#12092=DIRECTION('',(-1,0,0));
#12093=DIRECTION('',(0,0,1));
#12094=FACE_SURFACE('',(#12099),#12095,.T.);
#12095=PLANE('',#12096);
#12096=AXIS2_PLACEMENT_3D('',#328,#12097,#12098);
#12097=DIRECTION('',(-1,0,0));
#12098=DIRECTION('',(0,-1,0));
#12099=FACE_BOUND('',#12100,.T.);
#12100=EDGE_LOOP('',(#12101,#12102,#12103));
#12101=ORIENTED_EDGE('',*,*,#12104,.T.);
#12102=ORIENTED_EDGE('',*,*,#12105,.T.);
#12103=ORIENTED_EDGE('',*,*,#12106,.T.);
#12104=EDGE_CURVE('',#329,#473,#12107,.F.);
#12105=EDGE_CURVE('',#473,#571,#12108,.T.);
#12106=EDGE_CURVE('',#571,#329,#12109,.T.);
#12107=LINE('',#328,#12110);
#12108=LINE('',#472,#12111);
#12109=LINE('',#570,#12112);
#12110=VECTOR('',#12113,1.0);
#12111=VECTOR('',#12114,1.0);
#12112=VECTOR('',#12115,1.0);
#12113=DIRECTION('',(0,-1,0));
#12114=DIRECTION('',(0,0.3091473700637626,0.9510141447857959));
#12115=DIRECTION('',(0,-0.19910156924232278,-0.9799788595297576));
#12116=FACE_SURFACE('',(#12121),#12117,.T.);
#12117=PLANE('',#12118);
#12118=AXIS2_PLACEMENT_3D('',#328,#12119,#12120);
#12119=DIRECTION('',(-1,0,0));
#12120=DIRECTION('',(0,0.19910156924232278,0.9799788595297576));
#12121=FACE_BOUND('',#12122,.T.);
#12122=EDGE_LOOP('',(#12123,#12124,#12125));
#12123=ORIENTED_EDGE('',*,*,#12126,.T.);
#12124=ORIENTED_EDGE('',*,*,#12127,.T.);
#12125=ORIENTED_EDGE('',*,*,#12128,.T.);
#12126=EDGE_CURVE('',#329,#571,#12129,.F.);
#12127=EDGE_CURVE('',#571,#505,#12130,.T.);
#12128=EDGE_CURVE('',#505,#329,#12131,.T.);
#12129=LINE('',#328,#12132);
#12130=LINE('',#570,#12133);
#12131=LINE('',#504,#12134);
#12132=VECTOR('',#12135,1.0);
#12133=VECTOR('',#12136,1.0);
#12134=VECTOR('',#12137,1.0);
#12135=DIRECTION('',(0,0.19910156924232278,0.9799788595297576));
#12136=DIRECTION('',(0,1,0));
#12137=DIRECTION('',(0,-0.3091467034425463,-0.9510143614849391));
#12138=FACE_SURFACE('',(#12143),#12139,.T.);
#12139=PLANE('',#12140);
#12140=AXIS2_PLACEMENT_3D('',#454,#12141,#12142);
#12141=DIRECTION('',(-1,0,0));
#12142=DIRECTION('',(0,1,0));
#12143=FACE_BOUND('',#12144,.T.);
#12144=EDGE_LOOP('',(#12145,#12146,#12147));
#12145=ORIENTED_EDGE('',*,*,#12148,.T.);
#12146=ORIENTED_EDGE('',*,*,#12149,.T.);
#12147=ORIENTED_EDGE('',*,*,#12150,.T.);
#12148=EDGE_CURVE('',#455,#453,#12151,.F.);
#12149=EDGE_CURVE('',#453,#569,#12152,.T.);
#12150=EDGE_CURVE('',#569,#455,#12153,.T.);
#12151=LINE('',#454,#12154);
#12152=LINE('',#452,#12155);
#12153=LINE('',#568,#12156);
#12154=VECTOR('',#12157,1.0);
#12155=VECTOR('',#12158,1.0);
#12156=VECTOR('',#12159,1.0);
#12157=DIRECTION('',(0,1,0));
#12158=DIRECTION('',(0,0,-1));
#12159=DIRECTION('',(0,-0.2873472151409395,0.9578264863485173));
#12160=FACE_SURFACE('',(#12165),#12161,.T.);
#12161=PLANE('',#12162);
#12162=AXIS2_PLACEMENT_3D('',#504,#12163,#12164);
#12163=DIRECTION('',(-1,0,0));
#12164=DIRECTION('',(0,-1,0));
#12165=FACE_BOUND('',#12166,.T.);
#12166=EDGE_LOOP('',(#12167,#12168,#12169));
#12167=ORIENTED_EDGE('',*,*,#12170,.T.);
#12168=ORIENTED_EDGE('',*,*,#12171,.T.);
#12169=ORIENTED_EDGE('',*,*,#12172,.T.);
#12170=EDGE_CURVE('',#505,#571,#12173,.F.);
#12171=EDGE_CURVE('',#571,#569,#12174,.T.);
#12172=EDGE_CURVE('',#569,#505,#12175,.T.);
#12173=LINE('',#504,#12176);
#12174=LINE('',#570,#12177);
#12175=LINE('',#568,#12178);
#12176=VECTOR('',#12179,1.0);
#12177=VECTOR('',#12180,1.0);
#12178=VECTOR('',#12181,1.0);
#12179=DIRECTION('',(0,-1,0));
#12180=DIRECTION('',(0,-0.07852828762219816,0.9969118857968969));
#12181=DIRECTION('',(0,0.1932171953126013,-0.981156009733178));
#12182=FACE_SURFACE('',(#12187),#12183,.T.);
#12183=PLANE('',#12184);
#12184=AXIS2_PLACEMENT_3D('',#570,#12185,#12186);
#12185=DIRECTION('',(-1,0,0));
#12186=DIRECTION('',(0,-0.1932171953126013,0.981156009733178));
#12187=FACE_BOUND('',#12188,.T.);
#12188=EDGE_LOOP('',(#12189,#12190,#12191));
#12189=ORIENTED_EDGE('',*,*,#12192,.T.);
#12190=ORIENTED_EDGE('',*,*,#12193,.T.);
#12191=ORIENTED_EDGE('',*,*,#12194,.T.);
#12192=EDGE_CURVE('',#571,#563,#12195,.F.);
#12193=EDGE_CURVE('',#563,#569,#12196,.T.);
#12194=EDGE_CURVE('',#569,#571,#12197,.T.);
#12195=LINE('',#570,#12198);
#12196=LINE('',#562,#12199);
#12197=LINE('',#568,#12200);
#12198=VECTOR('',#12201,1.0);
#12199=VECTOR('',#12202,1.0);
#12200=VECTOR('',#12203,1.0);
#12201=DIRECTION('',(0,-0.1932171953126013,0.981156009733178));
#12202=DIRECTION('',(0,1,0));
#12203=DIRECTION('',(0,0.07852828762219816,-0.9969118857968969));
#12204=FACE_SURFACE('',(#12209),#12205,.T.);
#12205=PLANE('',#12206);
#12206=AXIS2_PLACEMENT_3D('',#454,#12207,#12208);
#12207=DIRECTION('',(-1,0,0));
#12208=DIRECTION('',(0,0.2873472151409395,-0.9578264863485173));
#12209=FACE_BOUND('',#12210,.T.);
#12210=EDGE_LOOP('',(#12211,#12212,#12213));
#12211=ORIENTED_EDGE('',*,*,#12214,.T.);
#12212=ORIENTED_EDGE('',*,*,#12215,.T.);
#12213=ORIENTED_EDGE('',*,*,#12216,.T.);
#12214=EDGE_CURVE('',#455,#569,#12217,.F.);
#12215=EDGE_CURVE('',#569,#563,#12218,.T.);
#12216=EDGE_CURVE('',#563,#455,#12219,.T.);
#12217=LINE('',#454,#12220);
#12218=LINE('',#568,#12221);
#12219=LINE('',#562,#12222);
#12220=VECTOR('',#12223,1.0);
#12221=VECTOR('',#12224,1.0);
#12222=VECTOR('',#12225,1.0);
#12223=DIRECTION('',(0,0.2873472151409395,-0.9578264863485173));
#12224=DIRECTION('',(0,-1,0));
#12225=DIRECTION('',(0,0,1));
#12226=FACE_SURFACE('',(#12231),#12227,.T.);
#12227=PLANE('',#12228);
#12228=AXIS2_PLACEMENT_3D('',#470,#12229,#12230);
#12229=DIRECTION('',(0,-0.9510141447857959,0.3091473700637626));
#12230=DIRECTION('',(0,0.3091473700637626,0.9510141447857959));
#12231=FACE_BOUND('',#12232,.T.);
#12232=EDGE_LOOP('',(#12233,#12234,#12235));
#12233=ORIENTED_EDGE('',*,*,#12236,.T.);
#12234=ORIENTED_EDGE('',*,*,#12237,.T.);
#12235=ORIENTED_EDGE('',*,*,#12238,.T.);
#12236=EDGE_CURVE('',#471,#565,#12239,.F.);
#12237=EDGE_CURVE('',#565,#571,#12240,.T.);
#12238=EDGE_CURVE('',#571,#471,#12241,.T.);
#12239=LINE('',#470,#12242);
#12240=LINE('',#564,#12243);
#12241=LINE('',#570,#12244);
#12242=VECTOR('',#12245,1.0);
#12243=VECTOR('',#12246,1.0);
#12244=VECTOR('',#12247,1.0);
#12245=DIRECTION('',(0,0.3091473700637626,0.9510141447857959));
#12246=DIRECTION('',(-1,0,0));
#12247=DIRECTION('',(0.856808805011586,-0.15940696986860306,-0.4903754577993566));
#12248=FACE_SURFACE('',(#12253),#12249,.T.);
#12249=PLANE('',#12250);
#12250=AXIS2_PLACEMENT_3D('',#570,#12251,#12252);
#12251=DIRECTION('',(0,-0.9510141447857959,0.3091473700637626));
#12252=DIRECTION('',(0,-0.3091473700637626,-0.9510141447857959));
#12253=FACE_BOUND('',#12254,.T.);
#12254=EDGE_LOOP('',(#12255,#12256,#12257));
#12255=ORIENTED_EDGE('',*,*,#12258,.T.);
#12256=ORIENTED_EDGE('',*,*,#12259,.T.);
#12257=ORIENTED_EDGE('',*,*,#12260,.T.);
#12258=EDGE_CURVE('',#571,#473,#12261,.F.);
#12259=EDGE_CURVE('',#473,#471,#12262,.T.);
#12260=EDGE_CURVE('',#471,#571,#12263,.T.);
#12261=LINE('',#570,#12264);
#12262=LINE('',#472,#12265);
#12263=LINE('',#470,#12266);
#12264=VECTOR('',#12267,1.0);
#12265=VECTOR('',#12268,1.0);
#12266=VECTOR('',#12269,1.0);
#12267=DIRECTION('',(0,-0.3091473700637626,-0.9510141447857959));
#12268=DIRECTION('',(1,0,0));
#12269=DIRECTION('',(-0.856808805011586,0.15940696986860306,0.4903754577993566));
#12270=FACE_SURFACE('',(#12275),#12271,.T.);
#12271=PLANE('',#12272);
#12272=AXIS2_PLACEMENT_3D('',#572,#12273,#12274);
#12273=DIRECTION('',(1,-0,0));
#12274=DIRECTION('',(0,-0.9332195375140971,-0.3593066862750743));
#12275=FACE_BOUND('',#12276,.T.);
#12276=EDGE_LOOP('',(#12277,#12278,#12279));
#12277=ORIENTED_EDGE('',*,*,#12280,.T.);
#12278=ORIENTED_EDGE('',*,*,#12281,.T.);
#12279=ORIENTED_EDGE('',*,*,#12282,.T.);
#12280=EDGE_CURVE('',#573,#575,#12283,.F.);
#12281=EDGE_CURVE('',#575,#483,#12284,.T.);
#12282=EDGE_CURVE('',#483,#573,#12285,.T.);
#12283=LINE('',#572,#12286);
#12284=LINE('',#574,#12287);
#12285=LINE('',#482,#12288);
#12286=VECTOR('',#12289,1.0);
#12287=VECTOR('',#12290,1.0);
#12288=VECTOR('',#12291,1.0);
#12289=DIRECTION('',(0,-0.9332195375140971,-0.3593066862750743));
#12290=DIRECTION('',(0,0.9430547614743705,0.3326375157142055));
#12291=DIRECTION('',(0,-0.9867146524501023,-0.16246290235088728));
#12292=FACE_SURFACE('',(#12297),#12293,.T.);
#12293=PLANE('',#12294);
#12294=AXIS2_PLACEMENT_3D('',#576,#12295,#12296);
#12295=DIRECTION('',(-1,0,0));
#12296=DIRECTION('',(0,-0.006315030451059859,0.9999800599963993));
#12297=FACE_BOUND('',#12298,.T.);
#12298=EDGE_LOOP('',(#12299,#12300,#12301));
#12299=ORIENTED_EDGE('',*,*,#12302,.T.);
#12300=ORIENTED_EDGE('',*,*,#12303,.T.);
#12301=ORIENTED_EDGE('',*,*,#12304,.T.);
#12302=EDGE_CURVE('',#577,#487,#12305,.F.);
#12303=EDGE_CURVE('',#487,#579,#12306,.T.);
#12304=EDGE_CURVE('',#579,#577,#12307,.T.);
#12305=LINE('',#576,#12308);
#12306=LINE('',#486,#12309);
#12307=LINE('',#578,#12310);
#12308=VECTOR('',#12311,1.0);
#12309=VECTOR('',#12312,1.0);
#12310=VECTOR('',#12313,1.0);
#12311=DIRECTION('',(0,-0.006315030451059859,0.9999800599963993));
#12312=DIRECTION('',(0,0.6320166914256016,-0.7749547740090618));
#12313=DIRECTION('',(0,-0.6781738480568195,0.7349015116407137));
#12314=FACE_SURFACE('',(#12319),#12315,.T.);
#12315=PLANE('',#12316);
#12316=AXIS2_PLACEMENT_3D('',#500,#12317,#12318);
#12317=DIRECTION('',(-1,0,0));
#12318=DIRECTION('',(0,0.44588371092228474,-0.8950908983640558));
#12319=FACE_BOUND('',#12320,.T.);
#12320=EDGE_LOOP('',(#12321,#12322,#12323));
#12321=ORIENTED_EDGE('',*,*,#12324,.T.);
#12322=ORIENTED_EDGE('',*,*,#12325,.T.);
#12323=ORIENTED_EDGE('',*,*,#12326,.T.);
#12324=EDGE_CURVE('',#501,#491,#12327,.F.);
#12325=EDGE_CURVE('',#491,#581,#12328,.T.);
#12326=EDGE_CURVE('',#581,#501,#12329,.T.);
#12327=LINE('',#500,#12330);
#12328=LINE('',#490,#12331);
#12329=LINE('',#580,#12332);
#12330=VECTOR('',#12333,1.0);
#12331=VECTOR('',#12334,1.0);
#12332=VECTOR('',#12335,1.0);
#12333=DIRECTION('',(0,0.44588371092228474,-0.8950908983640558));
#12334=DIRECTION('',(0,-0.6212309008574509,0.7836275695889215));
#12335=DIRECTION('',(0,-0.12569821999568687,0.9920685245938992));
#12336=FACE_SURFACE('',(#12341),#12337,.T.);
#12337=PLANE('',#12338);
#12338=AXIS2_PLACEMENT_3D('',#490,#12339,#12340);
#12339=DIRECTION('',(-1,0,-0));
#12340=DIRECTION('',(0,0.03958885127401112,-0.9992160541418479));
#12341=FACE_BOUND('',#12342,.T.);
#12342=EDGE_LOOP('',(#12343,#12344,#12345));
#12343=ORIENTED_EDGE('',*,*,#12346,.T.);
#12344=ORIENTED_EDGE('',*,*,#12347,.T.);
#12345=ORIENTED_EDGE('',*,*,#12348,.T.);
#12346=EDGE_CURVE('',#491,#489,#12349,.F.);
#12347=EDGE_CURVE('',#489,#583,#12350,.T.);
#12348=EDGE_CURVE('',#583,#491,#12351,.T.);
#12349=LINE('',#490,#12352);
#12350=LINE('',#488,#12353);
#12351=LINE('',#582,#12354);
#12352=VECTOR('',#12355,1.0);
#12353=VECTOR('',#12356,1.0);
#12354=VECTOR('',#12357,1.0);
#12355=DIRECTION('',(0,0.03958885127401112,-0.9992160541418479));
#12356=DIRECTION('',(0,-0.24618630322986657,0.9692225255853333));
#12357=DIRECTION('',(0,0.5114649166170598,0.8593041598118235));
#12358=FACE_SURFACE('',(#12363),#12359,.T.);
#12359=PLANE('',#12360);
#12360=AXIS2_PLACEMENT_3D('',#584,#12361,#12362);
#12361=DIRECTION('',(-1,0,0));
#12362=DIRECTION('',(0,0.3929540074195044,0.9195581265221638));
#12363=FACE_BOUND('',#12364,.T.);
#12364=EDGE_LOOP('',(#12365,#12366,#12367));
#12365=ORIENTED_EDGE('',*,*,#12368,.T.);
#12366=ORIENTED_EDGE('',*,*,#12369,.T.);
#12367=ORIENTED_EDGE('',*,*,#12370,.T.);
#12368=EDGE_CURVE('',#585,#587,#12371,.F.);
#12369=EDGE_CURVE('',#587,#489,#12372,.T.);
#12370=EDGE_CURVE('',#489,#585,#12373,.T.);
#12371=LINE('',#584,#12374);
#12372=LINE('',#586,#12375);
#12373=LINE('',#488,#12376);
#12374=VECTOR('',#12377,1.0);
#12375=VECTOR('',#12378,1.0);
#12376=VECTOR('',#12379,1.0);
#12377=DIRECTION('',(0,0.3929540074195044,0.9195581265221638));
#12378=DIRECTION('',(0,0.8948031885034536,-0.4464608088556629));
#12379=DIRECTION('',(0,-0.7492268226212537,-0.6623134969671541));
#12380=FACE_SURFACE('',(#12385),#12381,.T.);
#12381=PLANE('',#12382);
#12382=AXIS2_PLACEMENT_3D('',#588,#12383,#12384);
#12383=DIRECTION('',(-1,0,0));
#12384=DIRECTION('',(0,-0.7170440650256743,-0.6970278393374663));
#12385=FACE_BOUND('',#12386,.T.);
#12386=EDGE_LOOP('',(#12387,#12388,#12389));
#12387=ORIENTED_EDGE('',*,*,#12390,.T.);
#12388=ORIENTED_EDGE('',*,*,#12391,.T.);
#12389=ORIENTED_EDGE('',*,*,#12392,.T.);
#12390=EDGE_CURVE('',#589,#497,#12393,.F.);
#12391=EDGE_CURVE('',#497,#591,#12394,.T.);
#12392=EDGE_CURVE('',#591,#589,#12395,.T.);
#12393=LINE('',#588,#12396);
#12394=LINE('',#496,#12397);
#12395=LINE('',#590,#12398);
#12396=VECTOR('',#12399,1.0);
#12397=VECTOR('',#12400,1.0);
#12398=VECTOR('',#12401,1.0);
#12399=DIRECTION('',(0,-0.7170440650256743,-0.6970278393374663));
#12400=DIRECTION('',(0,-0.7090159294676655,0.7051924643394187));
#12401=DIRECTION('',(0,0.9935267059368821,0.11359878780254783));
#12402=FACE_SURFACE('',(#12407),#12403,.T.);
#12403=PLANE('',#12404);
#12404=AXIS2_PLACEMENT_3D('',#592,#12405,#12406);
#12405=DIRECTION('',(-1,0,-0));
#12406=DIRECTION('',(0,0.9549968656033243,-0.2966158908214902));
#12407=FACE_BOUND('',#12408,.T.);
#12408=EDGE_LOOP('',(#12409,#12410,#12411));
#12409=ORIENTED_EDGE('',*,*,#12412,.T.);
#12410=ORIENTED_EDGE('',*,*,#12413,.T.);
#12411=ORIENTED_EDGE('',*,*,#12414,.T.);
#12412=EDGE_CURVE('',#593,#591,#12415,.F.);
#12413=EDGE_CURVE('',#591,#499,#12416,.T.);
#12414=EDGE_CURVE('',#499,#593,#12417,.T.);
#12415=LINE('',#592,#12418);
#12416=LINE('',#590,#12419);
#12417=LINE('',#498,#12420);
#12418=VECTOR('',#12421,1.0);
#12419=VECTOR('',#12422,1.0);
#12420=VECTOR('',#12423,1.0);
#12421=DIRECTION('',(0,0.9549968656033243,-0.2966158908214902));
#12422=DIRECTION('',(0,-0.9968952383950923,-0.07873934000988449));
#12423=DIRECTION('',(0,0.7750090447489797,0.6319501408792263));
#12424=FACE_SURFACE('',(#12429),#12425,.T.);
#12425=PLANE('',#12426);
#12426=AXIS2_PLACEMENT_3D('',#594,#12427,#12428);
#12427=DIRECTION('',(-1,0,-0));
#12428=DIRECTION('',(0,0.2257872192282492,-0.9741766429314421));
#12429=FACE_BOUND('',#12430,.T.);
#12430=EDGE_LOOP('',(#12431,#12432,#12433));
#12431=ORIENTED_EDGE('',*,*,#12434,.T.);
#12432=ORIENTED_EDGE('',*,*,#12435,.T.);
#12433=ORIENTED_EDGE('',*,*,#12436,.T.);
#12434=EDGE_CURVE('',#595,#597,#12437,.F.);
#12435=EDGE_CURVE('',#597,#479,#12438,.T.);
#12436=EDGE_CURVE('',#479,#595,#12439,.T.);
#12437=LINE('',#594,#12440);
#12438=LINE('',#596,#12441);
#12439=LINE('',#478,#12442);
#12440=VECTOR('',#12443,1.0);
#12441=VECTOR('',#12444,1.0);
#12442=VECTOR('',#12445,1.0);
#12443=DIRECTION('',(0,0.2257872192282492,-0.9741766429314421));
#12444=DIRECTION('',(0,-0.978679643303445,0.20539268678178826));
#12445=DIRECTION('',(0,0.42094823894485334,0.9070846598467128));
#12446=FACE_SURFACE('',(#12451),#12447,.T.);
#12447=PLANE('',#12448);
#12448=AXIS2_PLACEMENT_3D('',#498,#12449,#12450);
#12449=DIRECTION('',(-1,0,0));
#12450=DIRECTION('',(0,-0.5166129396063887,0.8562190552838952));
#12451=FACE_BOUND('',#12452,.T.);
#12452=EDGE_LOOP('',(#12453,#12454,#12455));
#12453=ORIENTED_EDGE('',*,*,#12456,.T.);
#12454=ORIENTED_EDGE('',*,*,#12457,.T.);
#12455=ORIENTED_EDGE('',*,*,#12458,.T.);
#12456=EDGE_CURVE('',#499,#479,#12459,.F.);
#12457=EDGE_CURVE('',#479,#599,#12460,.T.);
#12458=EDGE_CURVE('',#599,#499,#12461,.T.);
#12459=LINE('',#498,#12462);
#12460=LINE('',#478,#12463);
#12461=LINE('',#598,#12464);
#12462=VECTOR('',#12465,1.0);
#12463=VECTOR('',#12466,1.0);
#12464=VECTOR('',#12467,1.0);
#12465=DIRECTION('',(0,-0.5166129396063887,0.8562190552838952));
#12466=DIRECTION('',(0,0.6917846039982979,-0.7221039133469077));
#12467=DIRECTION('',(0,0.3876028189730351,-0.9218264775564632));
#12468=FACE_SURFACE('',(#12473),#12469,.T.);
#12469=PLANE('',#12470);
#12470=AXIS2_PLACEMENT_3D('',#598,#12471,#12472);
#12471=DIRECTION('',(-1,0,0));
#12472=DIRECTION('',(0,-0.6917846039982979,0.7221039133469077));
#12473=FACE_BOUND('',#12474,.T.);
#12474=EDGE_LOOP('',(#12475,#12476,#12477));
#12475=ORIENTED_EDGE('',*,*,#12478,.T.);
#12476=ORIENTED_EDGE('',*,*,#12479,.T.);
#12477=ORIENTED_EDGE('',*,*,#12480,.T.);
#12478=EDGE_CURVE('',#599,#479,#12481,.F.);
#12479=EDGE_CURVE('',#479,#597,#12482,.T.);
#12480=EDGE_CURVE('',#597,#599,#12483,.T.);
#12481=LINE('',#598,#12484);
#12482=LINE('',#478,#12485);
#12483=LINE('',#596,#12486);
#12484=VECTOR('',#12487,1.0);
#12485=VECTOR('',#12488,1.0);
#12486=VECTOR('',#12489,1.0);
#12487=DIRECTION('',(0,-0.6917846039982979,0.7221039133469077));
#12488=DIRECTION('',(0,0.978679643303445,-0.20539268678178826));
#12489=DIRECTION('',(0,0.45639896470766744,-0.8897752441003117));
#12490=FACE_SURFACE('',(#12495),#12491,.T.);
#12491=PLANE('',#12492);
#12492=AXIS2_PLACEMENT_3D('',#598,#12493,#12494);
#12493=DIRECTION('',(-1,0,0));
#12494=DIRECTION('',(0,0.6755114273649353,-0.737349517867468));
#12495=FACE_BOUND('',#12496,.T.);
#12496=EDGE_LOOP('',(#12497,#12498,#12499));
#12497=ORIENTED_EDGE('',*,*,#12500,.T.);
#12498=ORIENTED_EDGE('',*,*,#12501,.T.);
#12499=ORIENTED_EDGE('',*,*,#12502,.T.);
#12500=EDGE_CURVE('',#599,#601,#12503,.F.);
#12501=EDGE_CURVE('',#601,#499,#12504,.T.);
#12502=EDGE_CURVE('',#499,#599,#12505,.T.);
#12503=LINE('',#598,#12506);
#12504=LINE('',#600,#12507);
#12505=LINE('',#498,#12508);
#12506=VECTOR('',#12509,1.0);
#12507=VECTOR('',#12510,1.0);
#12508=VECTOR('',#12511,1.0);
#12509=DIRECTION('',(0,0.6755114273649353,-0.737349517867468));
#12510=DIRECTION('',(0,-0.1467756372050824,-0.9891698096500124));
#12511=DIRECTION('',(0,-0.3876028189730351,0.9218264775564632));
#12512=FACE_SURFACE('',(#12517),#12513,.T.);
#12513=PLANE('',#12514);
#12514=AXIS2_PLACEMENT_3D('',#498,#12515,#12516);
#12515=DIRECTION('',(-1,0,0));
#12516=DIRECTION('',(0,0.1467756372050824,0.9891698096500124));
#12517=FACE_BOUND('',#12518,.T.);
#12518=EDGE_LOOP('',(#12519,#12520,#12521));
#12519=ORIENTED_EDGE('',*,*,#12522,.T.);
#12520=ORIENTED_EDGE('',*,*,#12523,.T.);
#12521=ORIENTED_EDGE('',*,*,#12524,.T.);
#12522=EDGE_CURVE('',#499,#601,#12525,.F.);
#12523=EDGE_CURVE('',#601,#593,#12526,.T.);
#12524=EDGE_CURVE('',#593,#499,#12527,.T.);
#12525=LINE('',#498,#12528);
#12526=LINE('',#600,#12529);
#12527=LINE('',#592,#12530);
#12528=VECTOR('',#12531,1.0);
#12529=VECTOR('',#12532,1.0);
#12530=VECTOR('',#12533,1.0);
#12531=DIRECTION('',(0,0.1467756372050824,0.9891698096500124));
#12532=DIRECTION('',(0,0.8399559220685344,-0.5426546314019608));
#12533=DIRECTION('',(0,-0.7750090447489797,-0.6319501408792263));
#12534=FACE_SURFACE('',(#12539),#12535,.T.);
#12535=PLANE('',#12536);
#12536=AXIS2_PLACEMENT_3D('',#496,#12537,#12538);
#12537=DIRECTION('',(-1,0,0));
#12538=DIRECTION('',(0,-0.9639946343219181,0.2659216895978048));
#12539=FACE_BOUND('',#12540,.T.);
#12540=EDGE_LOOP('',(#12541,#12542,#12543));
#12541=ORIENTED_EDGE('',*,*,#12544,.T.);
#12542=ORIENTED_EDGE('',*,*,#12545,.T.);
#12543=ORIENTED_EDGE('',*,*,#12546,.T.);
#12544=EDGE_CURVE('',#497,#499,#12547,.F.);
#12545=EDGE_CURVE('',#499,#591,#12548,.T.);
#12546=EDGE_CURVE('',#591,#497,#12549,.T.);
#12547=LINE('',#496,#12550);
#12548=LINE('',#498,#12551);
#12549=LINE('',#590,#12552);
#12550=VECTOR('',#12553,1.0);
#12551=VECTOR('',#12554,1.0);
#12552=VECTOR('',#12555,1.0);
#12553=DIRECTION('',(0,-0.9639946343219181,0.2659216895978048));
#12554=DIRECTION('',(0,0.9968952383950923,0.07873934000988449));
#12555=DIRECTION('',(0,0.7090159294676655,-0.7051924643394187));
#12556=FACE_SURFACE('',(#12561),#12557,.T.);
#12557=PLANE('',#12558);
#12558=AXIS2_PLACEMENT_3D('',#602,#12559,#12560);
#12559=DIRECTION('',(-1,-0,0));
#12560=DIRECTION('',(0,-0.5700458117163247,-0.8216129091881873));
#12561=FACE_BOUND('',#12562,.T.);
#12562=EDGE_LOOP('',(#12563,#12564,#12565));
#12563=ORIENTED_EDGE('',*,*,#12566,.T.);
#12564=ORIENTED_EDGE('',*,*,#12567,.T.);
#12565=ORIENTED_EDGE('',*,*,#12568,.T.);
#12566=EDGE_CURVE('',#603,#605,#12569,.F.);
#12567=EDGE_CURVE('',#605,#475,#12570,.T.);
#12568=EDGE_CURVE('',#475,#603,#12571,.T.);
#12569=LINE('',#602,#12572);
#12570=LINE('',#604,#12573);
#12571=LINE('',#474,#12574);
#12572=VECTOR('',#12575,1.0);
#12573=VECTOR('',#12576,1.0);
#12574=VECTOR('',#12577,1.0);
#12575=DIRECTION('',(0,-0.5700458117163247,-0.8216129091881873));
#12576=DIRECTION('',(0,0.5110898837503811,0.8595272716604296));
#12577=DIRECTION('',(0,-0.1720529880438463,-0.9850876962510415));
#12578=FACE_SURFACE('',(#12583),#12579,.T.);
#12579=PLANE('',#12580);
#12580=AXIS2_PLACEMENT_3D('',#574,#12581,#12582);
#12581=DIRECTION('',(-1,0,0));
#12582=DIRECTION('',(0,-0.7858294603228881,-0.6184432547038073));
#12583=FACE_BOUND('',#12584,.T.);
#12584=EDGE_LOOP('',(#12585,#12586,#12587));
#12585=ORIENTED_EDGE('',*,*,#12588,.T.);
#12586=ORIENTED_EDGE('',*,*,#12589,.T.);
#12587=ORIENTED_EDGE('',*,*,#12590,.T.);
#12588=EDGE_CURVE('',#575,#603,#12591,.F.);
#12589=EDGE_CURVE('',#603,#475,#12592,.T.);
#12590=EDGE_CURVE('',#475,#575,#12593,.T.);
#12591=LINE('',#574,#12594);
#12592=LINE('',#602,#12595);
#12593=LINE('',#474,#12596);
#12594=VECTOR('',#12597,1.0);
#12595=VECTOR('',#12598,1.0);
#12596=VECTOR('',#12599,1.0);
#12597=DIRECTION('',(0,-0.7858294603228881,-0.6184432547038073));
#12598=DIRECTION('',(0,0.1720529880438463,0.9850876962510415));
#12599=DIRECTION('',(0,0.850180091877259,0.5264919860506669));
#12600=FACE_SURFACE('',(#12605),#12601,.T.);
#12601=PLANE('',#12602);
#12602=AXIS2_PLACEMENT_3D('',#606,#12603,#12604);
#12603=DIRECTION('',(-1,0,0));
#12604=DIRECTION('',(0,-0.16505215376746205,-0.986284840467865));
#12605=FACE_BOUND('',#12606,.T.);
#12606=EDGE_LOOP('',(#12607,#12608,#12609));
#12607=ORIENTED_EDGE('',*,*,#12610,.T.);
#12608=ORIENTED_EDGE('',*,*,#12611,.T.);
#12609=ORIENTED_EDGE('',*,*,#12612,.T.);
#12610=EDGE_CURVE('',#607,#495,#12613,.F.);
#12611=EDGE_CURVE('',#495,#589,#12614,.T.);
#12612=EDGE_CURVE('',#589,#607,#12615,.T.);
#12613=LINE('',#606,#12616);
#12614=LINE('',#494,#12617);
#12615=LINE('',#588,#12618);
#12616=VECTOR('',#12619,1.0);
#12617=VECTOR('',#12620,1.0);
#12618=VECTOR('',#12621,1.0);
#12619=DIRECTION('',(0,-0.16505215376746205,-0.986284840467865));
#12620=DIRECTION('',(0,-0.7596539259767008,0.6503275426646062));
#12621=DIRECTION('',(0,0.8543868328458598,0.5196375081339113));
#12622=FACE_SURFACE('',(#12627),#12623,.T.);
#12623=PLANE('',#12624);
#12624=AXIS2_PLACEMENT_3D('',#606,#12625,#12626);
#12625=DIRECTION('',(-1,0,0));
#12626=DIRECTION('',(0,0.663704885647548,0.7479945352524812));
#12627=FACE_BOUND('',#12628,.T.);
#12628=EDGE_LOOP('',(#12629,#12630,#12631));
#12629=ORIENTED_EDGE('',*,*,#12632,.T.);
#12630=ORIENTED_EDGE('',*,*,#12633,.T.);
#12631=ORIENTED_EDGE('',*,*,#12634,.T.);
#12632=EDGE_CURVE('',#607,#585,#12635,.F.);
#12633=EDGE_CURVE('',#585,#493,#12636,.T.);
#12634=EDGE_CURVE('',#493,#607,#12637,.T.);
#12635=LINE('',#606,#12638);
#12636=LINE('',#584,#12639);
#12637=LINE('',#492,#12640);
#12638=VECTOR('',#12641,1.0);
#12639=VECTOR('',#12642,1.0);
#12640=VECTOR('',#12643,1.0);
#12641=DIRECTION('',(0,0.663704885647548,0.7479945352524812));
#12642=DIRECTION('',(0,-0.10038386216398189,-0.9949487827104683));
#12643=DIRECTION('',(0,-0.9552388340978717,0.29583571425934846));
#12644=FACE_SURFACE('',(#12649),#12645,.T.);
#12645=PLANE('',#12646);
#12646=AXIS2_PLACEMENT_3D('',#484,#12647,#12648);
#12647=DIRECTION('',(-1,0,0));
#12648=DIRECTION('',(0,-0.9947005948195734,-0.1028140392436114));
#12649=FACE_BOUND('',#12650,.T.);
#12650=EDGE_LOOP('',(#12651,#12652,#12653));
#12651=ORIENTED_EDGE('',*,*,#12654,.T.);
#12652=ORIENTED_EDGE('',*,*,#12655,.T.);
#12653=ORIENTED_EDGE('',*,*,#12656,.T.);
#12654=EDGE_CURVE('',#485,#573,#12657,.F.);
#12655=EDGE_CURVE('',#573,#483,#12658,.T.);
#12656=EDGE_CURVE('',#483,#485,#12659,.T.);
#12657=LINE('',#484,#12660);
#12658=LINE('',#572,#12661);
#12659=LINE('',#482,#12662);
#12660=VECTOR('',#12663,1.0);
#12661=VECTOR('',#12664,1.0);
#12662=VECTOR('',#12665,1.0);
#12663=DIRECTION('',(0,-0.9947005948195734,-0.1028140392436114));
#12664=DIRECTION('',(0,0.9867146524501023,0.16246290235088728));
#12665=DIRECTION('',(0,0.9965399444756666,0.08311521560120673));
#12666=FACE_SURFACE('',(#12671),#12667,.T.);
#12667=PLANE('',#12668);
#12668=AXIS2_PLACEMENT_3D('',#494,#12669,#12670);
#12669=DIRECTION('',(-1,-0,0));
#12670=DIRECTION('',(0,-0.9541333604474586,-0.29938191408506987));
#12671=FACE_BOUND('',#12672,.T.);
#12672=EDGE_LOOP('',(#12673,#12674,#12675));
#12673=ORIENTED_EDGE('',*,*,#12676,.T.);
#12674=ORIENTED_EDGE('',*,*,#12677,.T.);
#12675=ORIENTED_EDGE('',*,*,#12678,.T.);
#12676=EDGE_CURVE('',#495,#497,#12679,.F.);
#12677=EDGE_CURVE('',#497,#589,#12680,.T.);
#12678=EDGE_CURVE('',#589,#495,#12681,.T.);
#12679=LINE('',#494,#12682);
#12680=LINE('',#496,#12683);
#12681=LINE('',#588,#12684);
#12682=VECTOR('',#12685,1.0);
#12683=VECTOR('',#12686,1.0);
#12684=VECTOR('',#12687,1.0);
#12685=DIRECTION('',(0,-0.9541333604474586,-0.29938191408506987));
#12686=DIRECTION('',(0,0.7170440650256743,0.6970278393374663));
#12687=DIRECTION('',(0,0.7596539259767008,-0.6503275426646062));
#12688=FACE_SURFACE('',(#12693),#12689,.T.);
#12689=PLANE('',#12690);
#12690=AXIS2_PLACEMENT_3D('',#492,#12691,#12692);
#12691=DIRECTION('',(-1,-0,0));
#12692=DIRECTION('',(0,-0.7642829128226538,-0.6448810969219982));
#12693=FACE_BOUND('',#12694,.T.);
#12694=EDGE_LOOP('',(#12695,#12696,#12697));
#12695=ORIENTED_EDGE('',*,*,#12698,.T.);
#12696=ORIENTED_EDGE('',*,*,#12699,.T.);
#12697=ORIENTED_EDGE('',*,*,#12700,.T.);
#12698=EDGE_CURVE('',#493,#495,#12701,.F.);
#12699=EDGE_CURVE('',#495,#607,#12702,.T.);
#12700=EDGE_CURVE('',#607,#493,#12703,.T.);
#12701=LINE('',#492,#12704);
#12702=LINE('',#494,#12705);
#12703=LINE('',#606,#12706);
#12704=VECTOR('',#12707,1.0);
#12705=VECTOR('',#12708,1.0);
#12706=VECTOR('',#12709,1.0);
#12707=DIRECTION('',(0,-0.7642829128226538,-0.6448810969219982));
#12708=DIRECTION('',(0,0.16505215376746205,0.986284840467865));
#12709=DIRECTION('',(0,0.9552388340978717,-0.29583571425934846));
#12710=FACE_SURFACE('',(#12715),#12711,.T.);
#12711=PLANE('',#12712);
#12712=AXIS2_PLACEMENT_3D('',#492,#12713,#12714);
#12713=DIRECTION('',(-1,0,0));
#12714=DIRECTION('',(0,0.10038386216398189,0.9949487827104683));
#12715=FACE_BOUND('',#12716,.T.);
#12716=EDGE_LOOP('',(#12717,#12718,#12719));
#12717=ORIENTED_EDGE('',*,*,#12720,.T.);
#12718=ORIENTED_EDGE('',*,*,#12721,.T.);
#12719=ORIENTED_EDGE('',*,*,#12722,.T.);
#12720=EDGE_CURVE('',#493,#585,#12723,.F.);
#12721=EDGE_CURVE('',#585,#489,#12724,.T.);
#12722=EDGE_CURVE('',#489,#493,#12725,.T.);
#12723=LINE('',#492,#12726);
#12724=LINE('',#584,#12727);
#12725=LINE('',#488,#12728);
#12726=VECTOR('',#12729,1.0);
#12727=VECTOR('',#12730,1.0);
#12728=VECTOR('',#12731,1.0);
#12729=DIRECTION('',(0,0.10038386216398189,0.9949487827104683));
#12730=DIRECTION('',(0,0.7492268226212537,0.6623134969671541));
#12731=DIRECTION('',(0,-0.44036526042324825,-0.8978187107720382));
#12732=FACE_SURFACE('',(#12737),#12733,.T.);
#12733=PLANE('',#12734);
#12734=AXIS2_PLACEMENT_3D('',#586,#12735,#12736);
#12735=DIRECTION('',(-1,0,0));
#12736=DIRECTION('',(0,0.07835243377053983,0.9969257224699507));
#12737=FACE_BOUND('',#12738,.T.);
#12738=EDGE_LOOP('',(#12739,#12740,#12741));
#12739=ORIENTED_EDGE('',*,*,#12742,.T.);
#12740=ORIENTED_EDGE('',*,*,#12743,.T.);
#12741=ORIENTED_EDGE('',*,*,#12744,.T.);
#12742=EDGE_CURVE('',#587,#583,#12745,.F.);
#12743=EDGE_CURVE('',#583,#489,#12746,.T.);
#12744=EDGE_CURVE('',#489,#587,#12747,.T.);
#12745=LINE('',#586,#12748);
#12746=LINE('',#582,#12749);
#12747=LINE('',#488,#12750);
#12748=VECTOR('',#12751,1.0);
#12749=VECTOR('',#12752,1.0);
#12750=VECTOR('',#12753,1.0);
#12751=DIRECTION('',(0,0.07835243377053983,0.9969257224699507));
#12752=DIRECTION('',(0,0.24618630322986657,-0.9692225255853333));
#12753=DIRECTION('',(0,-0.8948031885034536,0.4464608088556629));
#12754=FACE_SURFACE('',(#12759),#12755,.T.);
#12755=PLANE('',#12756);
#12756=AXIS2_PLACEMENT_3D('',#582,#12757,#12758);
#12757=DIRECTION('',(-1,0,0));
#12758=DIRECTION('',(0,-0.20793321232988368,0.978143025947727));
#12759=FACE_BOUND('',#12760,.T.);
#12760=EDGE_LOOP('',(#12761,#12762,#12763));
#12761=ORIENTED_EDGE('',*,*,#12764,.T.);
#12762=ORIENTED_EDGE('',*,*,#12765,.T.);
#12763=ORIENTED_EDGE('',*,*,#12766,.T.);
#12764=EDGE_CURVE('',#583,#581,#12767,.F.);
#12765=EDGE_CURVE('',#581,#491,#12768,.T.);
#12766=EDGE_CURVE('',#491,#583,#12769,.T.);
#12767=LINE('',#582,#12770);
#12768=LINE('',#580,#12771);
#12769=LINE('',#490,#12772);
#12770=VECTOR('',#12773,1.0);
#12771=VECTOR('',#12774,1.0);
#12772=VECTOR('',#12775,1.0);
#12773=DIRECTION('',(0,-0.20793321232988368,0.978143025947727));
#12774=DIRECTION('',(0,0.6212309008574509,-0.7836275695889215));
#12775=DIRECTION('',(0,-0.5114649166170598,-0.8593041598118235));
#12776=FACE_SURFACE('',(#12781),#12777,.T.);
#12777=PLANE('',#12778);
#12778=AXIS2_PLACEMENT_3D('',#578,#12779,#12780);
#12779=DIRECTION('',(-1,0,0));
#12780=DIRECTION('',(0,0.8630741600647984,-0.5050772161050651));
#12781=FACE_BOUND('',#12782,.T.);
#12782=EDGE_LOOP('',(#12783,#12784,#12785));
#12783=ORIENTED_EDGE('',*,*,#12786,.T.);
#12784=ORIENTED_EDGE('',*,*,#12787,.T.);
#12785=ORIENTED_EDGE('',*,*,#12788,.T.);
#12786=EDGE_CURVE('',#579,#501,#12789,.F.);
#12787=EDGE_CURVE('',#501,#581,#12790,.T.);
#12788=EDGE_CURVE('',#581,#579,#12791,.T.);
#12789=LINE('',#578,#12792);
#12790=LINE('',#500,#12793);
#12791=LINE('',#580,#12794);
#12792=VECTOR('',#12795,1.0);
#12793=VECTOR('',#12796,1.0);
#12794=VECTOR('',#12797,1.0);
#12795=DIRECTION('',(0,0.8630741600647984,-0.5050772161050651));
#12796=DIRECTION('',(0,0.12569821999568687,-0.9920685245938992));
#12797=DIRECTION('',(0,-0.4665718398291437,0.8844833058223585));
#12798=FACE_SURFACE('',(#12803),#12799,.T.);
#12799=PLANE('',#12800);
#12800=AXIS2_PLACEMENT_3D('',#500,#12801,#12802);
#12801=DIRECTION('',(-1,0,0));
#12802=DIRECTION('',(0,-0.8630741600647984,0.5050772161050651));
#12803=FACE_BOUND('',#12804,.T.);
#12804=EDGE_LOOP('',(#12805,#12806,#12807));
#12805=ORIENTED_EDGE('',*,*,#12808,.T.);
#12806=ORIENTED_EDGE('',*,*,#12809,.T.);
#12807=ORIENTED_EDGE('',*,*,#12810,.T.);
#12808=EDGE_CURVE('',#501,#579,#12811,.F.);
#12809=EDGE_CURVE('',#579,#487,#12812,.T.);
#12810=EDGE_CURVE('',#487,#501,#12813,.T.);
#12811=LINE('',#500,#12814);
#12812=LINE('',#578,#12815);
#12813=LINE('',#486,#12816);
#12814=VECTOR('',#12817,1.0);
#12815=VECTOR('',#12818,1.0);
#12816=VECTOR('',#12819,1.0);
#12817=DIRECTION('',(0,-0.8630741600647984,0.5050772161050651));
#12818=DIRECTION('',(0,-0.6320166914256016,0.7749547740090618));
#12819=DIRECTION('',(0,0.6933298341003494,-0.7206203862966838));
#12820=FACE_SURFACE('',(#12825),#12821,.T.);
#12821=PLANE('',#12822);
#12822=AXIS2_PLACEMENT_3D('',#484,#12823,#12824);
#12823=DIRECTION('',(-1,0,0));
#12824=DIRECTION('',(0,0.9522761986157482,-0.30523768042287996));
#12825=FACE_BOUND('',#12826,.T.);
#12826=EDGE_LOOP('',(#12827,#12828,#12829));
#12827=ORIENTED_EDGE('',*,*,#12830,.T.);
#12828=ORIENTED_EDGE('',*,*,#12831,.T.);
#12829=ORIENTED_EDGE('',*,*,#12832,.T.);
#12830=EDGE_CURVE('',#485,#487,#12833,.F.);
#12831=EDGE_CURVE('',#487,#577,#12834,.T.);
#12832=EDGE_CURVE('',#577,#485,#12835,.T.);
#12833=LINE('',#484,#12836);
#12834=LINE('',#486,#12837);
#12835=LINE('',#576,#12838);
#12836=VECTOR('',#12839,1.0);
#12837=VECTOR('',#12840,1.0);
#12838=VECTOR('',#12841,1.0);
#12839=DIRECTION('',(0,0.9522761986157482,-0.30523768042287996));
#12840=DIRECTION('',(0,0.006315030451059859,-0.9999800599963993));
#12841=DIRECTION('',(0,-0.9393775970891173,0.3428844267199605));
#12842=FACE_SURFACE('',(#12847),#12843,.T.);
#12843=PLANE('',#12844);
#12844=AXIS2_PLACEMENT_3D('',#482,#12845,#12846);
#12845=DIRECTION('',(-1,0,0));
#12846=DIRECTION('',(0,-0.9430547614743705,-0.3326375157142055));
#12847=FACE_BOUND('',#12848,.T.);
#12848=EDGE_LOOP('',(#12849,#12850,#12851));
#12849=ORIENTED_EDGE('',*,*,#12852,.T.);
#12850=ORIENTED_EDGE('',*,*,#12853,.T.);
#12851=ORIENTED_EDGE('',*,*,#12854,.T.);
#12852=EDGE_CURVE('',#483,#575,#12855,.F.);
#12853=EDGE_CURVE('',#575,#481,#12856,.T.);
#12854=EDGE_CURVE('',#481,#483,#12857,.T.);
#12855=LINE('',#482,#12858);
#12856=LINE('',#574,#12859);
#12857=LINE('',#480,#12860);
#12858=VECTOR('',#12861,1.0);
#12859=VECTOR('',#12862,1.0);
#12860=VECTOR('',#12863,1.0);
#12861=DIRECTION('',(0,-0.9430547614743705,-0.3326375157142055));
#12862=DIRECTION('',(0,0.8006452887297719,0.5991386497588185));
#12863=DIRECTION('',(0,0.9679019333179474,0.25132816690410903));
#12864=FACE_SURFACE('',(#12869),#12865,.T.);
#12865=PLANE('',#12866);
#12866=AXIS2_PLACEMENT_3D('',#474,#12867,#12868);
#12867=DIRECTION('',(-1,0,0));
#12868=DIRECTION('',(0,0.8407584632339588,0.541410386398776));
#12869=FACE_BOUND('',#12870,.T.);
#12870=EDGE_LOOP('',(#12871,#12872,#12873));
#12871=ORIENTED_EDGE('',*,*,#12874,.T.);
#12872=ORIENTED_EDGE('',*,*,#12875,.T.);
#12873=ORIENTED_EDGE('',*,*,#12876,.T.);
#12874=EDGE_CURVE('',#475,#481,#12877,.F.);
#12875=EDGE_CURVE('',#481,#575,#12878,.T.);
#12876=EDGE_CURVE('',#575,#475,#12879,.T.);
#12877=LINE('',#474,#12880);
#12878=LINE('',#480,#12881);
#12879=LINE('',#574,#12882);
#12880=VECTOR('',#12883,1.0);
#12881=VECTOR('',#12884,1.0);
#12882=VECTOR('',#12885,1.0);
#12883=DIRECTION('',(0,0.8407584632339588,0.541410386398776));
#12884=DIRECTION('',(0,-0.8006452887297719,-0.5991386497588185));
#12885=DIRECTION('',(0,-0.850180091877259,-0.5264919860506669));
#12886=FACE_SURFACE('',(#12891),#12887,.T.);
#12887=PLANE('',#12888);
#12888=AXIS2_PLACEMENT_3D('',#476,#12889,#12890);
#12889=DIRECTION('',(-1,0,0));
#12890=DIRECTION('',(0,0.5943686933468226,0.8041926736604798));
#12891=FACE_BOUND('',#12892,.T.);
#12892=EDGE_LOOP('',(#12893,#12894,#12895));
#12893=ORIENTED_EDGE('',*,*,#12896,.T.);
#12894=ORIENTED_EDGE('',*,*,#12897,.T.);
#12895=ORIENTED_EDGE('',*,*,#12898,.T.);
#12896=EDGE_CURVE('',#477,#475,#12899,.F.);
#12897=EDGE_CURVE('',#475,#605,#12900,.T.);
#12898=EDGE_CURVE('',#605,#477,#12901,.T.);
#12899=LINE('',#476,#12902);
#12900=LINE('',#474,#12903);
#12901=LINE('',#604,#12904);
#12902=VECTOR('',#12905,1.0);
#12903=VECTOR('',#12906,1.0);
#12904=VECTOR('',#12907,1.0);
#12905=DIRECTION('',(0,0.5943686933468226,0.8041926736604798));
#12906=DIRECTION('',(0,-0.5110898837503811,-0.8595272716604296));
#12907=DIRECTION('',(0,-0.757032806087899,-0.6533768671346435));
#12908=FACE_SURFACE('',(#12913),#12909,.T.);
#12909=PLANE('',#12910);
#12910=AXIS2_PLACEMENT_3D('',#608,#12911,#12912);
#12911=DIRECTION('',(-1,0,0));
#12912=DIRECTION('',(0,-0.2968670899469358,0.9549188085415629));
#12913=FACE_BOUND('',#12914,.T.);
#12914=EDGE_LOOP('',(#12915,#12916,#12917));
#12915=ORIENTED_EDGE('',*,*,#12918,.T.);
#12916=ORIENTED_EDGE('',*,*,#12919,.T.);
#12917=ORIENTED_EDGE('',*,*,#12920,.T.);
#12918=EDGE_CURVE('',#609,#477,#12921,.F.);
#12919=EDGE_CURVE('',#477,#605,#12922,.T.);
#12920=EDGE_CURVE('',#605,#609,#12923,.T.);
#12921=LINE('',#608,#12924);
#12922=LINE('',#476,#12925);
#12923=LINE('',#604,#12926);
#12924=VECTOR('',#12927,1.0);
#12925=VECTOR('',#12928,1.0);
#12926=VECTOR('',#12929,1.0);
#12927=DIRECTION('',(0,-0.2968670899469358,0.9549188085415629));
#12928=DIRECTION('',(0,0.757032806087899,0.6533768671346435));
#12929=DIRECTION('',(0,-0.3367488924875593,-0.9415944898991296));
#12930=FACE_SURFACE('',(#12935),#12931,.T.);
#12931=PLANE('',#12932);
#12932=AXIS2_PLACEMENT_3D('',#594,#12933,#12934);
#12933=DIRECTION('',(-1,-0,0));
#12934=DIRECTION('',(0,-0.42094823894485334,-0.9070846598467128));
#12935=FACE_BOUND('',#12936,.T.);
#12936=EDGE_LOOP('',(#12937,#12938,#12939));
#12937=ORIENTED_EDGE('',*,*,#12940,.T.);
#12938=ORIENTED_EDGE('',*,*,#12941,.T.);
#12939=ORIENTED_EDGE('',*,*,#12942,.T.);
#12940=EDGE_CURVE('',#595,#479,#12943,.F.);
#12941=EDGE_CURVE('',#479,#609,#12944,.T.);
#12942=EDGE_CURVE('',#609,#595,#12945,.T.);
#12943=LINE('',#594,#12946);
#12944=LINE('',#478,#12947);
#12945=LINE('',#608,#12948);
#12946=VECTOR('',#12949,1.0);
#12947=VECTOR('',#12950,1.0);
#12948=VECTOR('',#12951,1.0);
#12949=DIRECTION('',(0,-0.42094823894485334,-0.9070846598467128));
#12950=DIRECTION('',(0,0.1801769637345803,0.983634211350636));
#12951=DIRECTION('',(0,-0.05649600557835574,-0.9984028251931635));
#12952=FACE_SURFACE('',(#12957),#12953,.T.);
#12953=PLANE('',#12954);
#12954=AXIS2_PLACEMENT_3D('',#476,#12955,#12956);
#12955=DIRECTION('',(-1,0,-0));
#12956=DIRECTION('',(0,0.2968670899469358,-0.9549188085415629));
#12957=FACE_BOUND('',#12958,.T.);
#12958=EDGE_LOOP('',(#12959,#12960,#12961));
#12959=ORIENTED_EDGE('',*,*,#12962,.T.);
#12960=ORIENTED_EDGE('',*,*,#12963,.T.);
#12961=ORIENTED_EDGE('',*,*,#12964,.T.);
#12962=EDGE_CURVE('',#477,#609,#12965,.F.);
#12963=EDGE_CURVE('',#609,#479,#12966,.T.);
#12964=EDGE_CURVE('',#479,#477,#12967,.T.);
#12965=LINE('',#476,#12968);
#12966=LINE('',#608,#12969);
#12967=LINE('',#478,#12970);
#12968=VECTOR('',#12971,1.0);
#12969=VECTOR('',#12972,1.0);
#12970=VECTOR('',#12973,1.0);
#12971=DIRECTION('',(0,0.2968670899469358,-0.9549188085415629));
#12972=DIRECTION('',(0,-0.1801769637345803,-0.983634211350636));
#12973=DIRECTION('',(0,0.09855335141036765,0.9951317686245297));
#12974=FACE_SURFACE('',(#12979),#12975,.T.);
#12975=PLANE('',#12976);
#12976=AXIS2_PLACEMENT_3D('',#502,#12977,#12978);
#12977=DIRECTION('',(0,0.981156009733178,0.1932171953126013));
#12978=DIRECTION('',(-0.8568092358513992,-0.0996292637449385,0.5059169330684463));
#12979=FACE_BOUND('',#12980,.T.);
#12980=EDGE_LOOP('',(#12981,#12982,#12983));
#12981=ORIENTED_EDGE('',*,*,#12984,.T.);
#12982=ORIENTED_EDGE('',*,*,#12985,.T.);
#12983=ORIENTED_EDGE('',*,*,#12986,.T.);
#12984=EDGE_CURVE('',#503,#569,#12987,.F.);
#12985=EDGE_CURVE('',#569,#567,#12988,.T.);
#12986=EDGE_CURVE('',#567,#503,#12989,.T.);
#12987=LINE('',#502,#12990);
#12988=LINE('',#568,#12991);
#12989=LINE('',#566,#12992);
#12990=VECTOR('',#12993,1.0);
#12991=VECTOR('',#12994,1.0);
#12992=VECTOR('',#12995,1.0);
#12993=DIRECTION('',(-0.8568092358513992,-0.0996292637449385,0.5059169330684463));
#12994=DIRECTION('',(1,0,0));
#12995=DIRECTION('',(0,0.1932171953126013,-0.981156009733178));
#12996=FACE_SURFACE('',(#13001),#12997,.T.);
#12997=PLANE('',#12998);
#12998=AXIS2_PLACEMENT_3D('',#568,#12999,#13000);
#12999=DIRECTION('',(0,0.981156009733178,0.1932171953126013));
#13000=DIRECTION('',(0.8568092358513992,0.0996292637449385,-0.5059169330684463));
#13001=FACE_BOUND('',#13002,.T.);
#13002=EDGE_LOOP('',(#13003,#13004,#13005));
#13003=ORIENTED_EDGE('',*,*,#13006,.T.);
#13004=ORIENTED_EDGE('',*,*,#13007,.T.);
#13005=ORIENTED_EDGE('',*,*,#13008,.T.);
#13006=EDGE_CURVE('',#569,#503,#13009,.F.);
#13007=EDGE_CURVE('',#503,#505,#13010,.T.);
#13008=EDGE_CURVE('',#505,#569,#13011,.T.);
#13009=LINE('',#568,#13012);
#13010=LINE('',#502,#13013);
#13011=LINE('',#504,#13014);
#13012=VECTOR('',#13015,1.0);
#13013=VECTOR('',#13016,1.0);
#13014=VECTOR('',#13017,1.0);
#13015=DIRECTION('',(0.8568092358513992,0.0996292637449385,-0.5059169330684463));
#13016=DIRECTION('',(-1,0,0));
#13017=DIRECTION('',(0,-0.1932171953126013,0.981156009733178));
#13018=FACE_SURFACE('',(#13023),#13019,.T.);
#13019=PLANE('',#13020);
#13020=AXIS2_PLACEMENT_3D('',#516,#13021,#13022);
#13021=DIRECTION('',(1,0,0));
#13022=DIRECTION('',(0,0.7432256912832247,0.669040784867838));
#13023=FACE_BOUND('',#13024,.T.);
#13024=EDGE_LOOP('',(#13025,#13026,#13027));
#13025=ORIENTED_EDGE('',*,*,#13028,.T.);
#13026=ORIENTED_EDGE('',*,*,#13029,.T.);
#13027=ORIENTED_EDGE('',*,*,#13030,.T.);
#13028=EDGE_CURVE('',#517,#515,#13031,.F.);
#13029=EDGE_CURVE('',#515,#511,#13032,.T.);
#13030=EDGE_CURVE('',#511,#517,#13033,.T.);
#13031=LINE('',#516,#13034);
#13032=LINE('',#514,#13035);
#13033=LINE('',#510,#13036);
#13034=VECTOR('',#13037,1.0);
#13035=VECTOR('',#13038,1.0);
#13036=VECTOR('',#13039,1.0);
#13037=DIRECTION('',(0,0.7432256912832247,0.669040784867838));
#13038=DIRECTION('',(0,0.08986169889557645,0.9959542535034431));
#13039=DIRECTION('',(0,-0.23539149026216857,-0.9719006360282697));
#13040=FACE_SURFACE('',(#13045),#13041,.T.);
#13041=PLANE('',#13042);
#13042=AXIS2_PLACEMENT_3D('',#512,#13043,#13044);
#13043=DIRECTION('',(1,0,0));
#13044=DIRECTION('',(0,-0.16550446877612965,0.9862090401203647));
#13045=FACE_BOUND('',#13046,.T.);
#13046=EDGE_LOOP('',(#13047,#13048,#13049));
#13047=ORIENTED_EDGE('',*,*,#13050,.T.);
#13048=ORIENTED_EDGE('',*,*,#13051,.T.);
#13049=ORIENTED_EDGE('',*,*,#13052,.T.);
#13050=EDGE_CURVE('',#513,#511,#13053,.F.);
#13051=EDGE_CURVE('',#511,#515,#13054,.T.);
#13052=EDGE_CURVE('',#515,#513,#13055,.T.);
#13053=LINE('',#512,#13056);
#13054=LINE('',#510,#13057);
#13055=LINE('',#514,#13058);
#13056=VECTOR('',#13059,1.0);
#13057=VECTOR('',#13060,1.0);
#13058=VECTOR('',#13061,1.0);
#13059=DIRECTION('',(0,-0.16550446877612965,0.9862090401203647));
#13060=DIRECTION('',(0,-0.08986169889557645,-0.9959542535034431));
#13061=DIRECTION('',(0,0.4460097985356565,0.8950280775540973));
#13062=FACE_SURFACE('',(#13067),#13063,.T.);
#13063=PLANE('',#13064);
#13064=AXIS2_PLACEMENT_3D('',#518,#13065,#13066);
#13065=DIRECTION('',(1,0,0));
#13066=DIRECTION('',(0,0.948562479429103,0.316589991344187));
#13067=FACE_BOUND('',#13068,.T.);
#13068=EDGE_LOOP('',(#13069,#13070,#13071));
#13069=ORIENTED_EDGE('',*,*,#13072,.T.);
#13070=ORIENTED_EDGE('',*,*,#13073,.T.);
#13071=ORIENTED_EDGE('',*,*,#13074,.T.);
#13072=EDGE_CURVE('',#519,#517,#13075,.F.);
#13073=EDGE_CURVE('',#517,#511,#13076,.T.);
#13074=EDGE_CURVE('',#511,#519,#13077,.T.);
#13075=LINE('',#518,#13078);
#13076=LINE('',#516,#13079);
#13077=LINE('',#510,#13080);
#13078=VECTOR('',#13081,1.0);
#13079=VECTOR('',#13082,1.0);
#13080=VECTOR('',#13083,1.0);
#13081=DIRECTION('',(0,0.948562479429103,0.316589991344187));
#13082=DIRECTION('',(0,0.23539149026216857,0.9719006360282697));
#13083=DIRECTION('',(0,-0.45960369329192174,-0.8881241158264003));
#13084=FACE_SURFACE('',(#13089),#13085,.T.);
#13085=PLANE('',#13086);
#13086=AXIS2_PLACEMENT_3D('',#520,#13087,#13088);
#13087=DIRECTION('',(1,-0,0));
#13088=DIRECTION('',(0,0.9998805252934027,-0.015457526936392529));
#13089=FACE_BOUND('',#13090,.T.);
#13090=EDGE_LOOP('',(#13091,#13092,#13093));
#13091=ORIENTED_EDGE('',*,*,#13094,.T.);
#13092=ORIENTED_EDGE('',*,*,#13095,.T.);
#13093=ORIENTED_EDGE('',*,*,#13096,.T.);
#13094=EDGE_CURVE('',#521,#519,#13097,.F.);
#13095=EDGE_CURVE('',#519,#511,#13098,.T.);
#13096=EDGE_CURVE('',#511,#521,#13099,.T.);
#13097=LINE('',#520,#13100);
#13098=LINE('',#518,#13101);
#13099=LINE('',#510,#13102);
#13100=VECTOR('',#13103,1.0);
#13101=VECTOR('',#13104,1.0);
#13102=VECTOR('',#13105,1.0);
#13103=DIRECTION('',(0,0.9998805252934027,-0.015457526936392529));
#13104=DIRECTION('',(0,0.45960369329192174,0.8881241158264003));
#13105=DIRECTION('',(0,-0.5564314862476517,-0.8308934956492496));
#13106=FACE_SURFACE('',(#13111),#13107,.T.);
#13107=PLANE('',#13108);
#13108=AXIS2_PLACEMENT_3D('',#522,#13109,#13110);
#13109=DIRECTION('',(1,-0,0));
#13110=DIRECTION('',(0,0.8886096185196765,-0.4586643063007139));
#13111=FACE_BOUND('',#13112,.T.);
#13112=EDGE_LOOP('',(#13113,#13114,#13115));
#13113=ORIENTED_EDGE('',*,*,#13116,.T.);
#13114=ORIENTED_EDGE('',*,*,#13117,.T.);
#13115=ORIENTED_EDGE('',*,*,#13118,.T.);
#13116=EDGE_CURVE('',#523,#521,#13119,.F.);
#13117=EDGE_CURVE('',#521,#511,#13120,.T.);
#13118=EDGE_CURVE('',#511,#523,#13121,.T.);
#13119=LINE('',#522,#13122);
#13120=LINE('',#520,#13123);
#13121=LINE('',#510,#13124);
#13122=VECTOR('',#13125,1.0);
#13123=VECTOR('',#13126,1.0);
#13124=VECTOR('',#13127,1.0);
#13125=DIRECTION('',(0,0.8886096185196765,-0.4586643063007139));
#13126=DIRECTION('',(0,0.5564314862476517,0.8308934956492496));
#13127=DIRECTION('',(0,-0.7969183092559894,-0.6040870867454257));
#13128=FACE_SURFACE('',(#13133),#13129,.T.);
#13129=PLANE('',#13130);
#13130=AXIS2_PLACEMENT_3D('',#510,#13131,#13132);
#13131=DIRECTION('',(1,0,0));
#13132=DIRECTION('',(0,-0.6440389204655623,0.7649927247533489));
#13133=FACE_BOUND('',#13134,.T.);
#13134=EDGE_LOOP('',(#13135,#13136,#13137));
#13135=ORIENTED_EDGE('',*,*,#13138,.T.);
#13136=ORIENTED_EDGE('',*,*,#13139,.T.);
#13137=ORIENTED_EDGE('',*,*,#13140,.T.);
#13138=EDGE_CURVE('',#511,#509,#13141,.F.);
#13139=EDGE_CURVE('',#509,#523,#13142,.T.);
#13140=EDGE_CURVE('',#523,#511,#13143,.T.);
#13141=LINE('',#510,#13144);
#13142=LINE('',#508,#13145);
#13143=LINE('',#522,#13146);
#13144=VECTOR('',#13147,1.0);
#13145=VECTOR('',#13148,1.0);
#13146=VECTOR('',#13149,1.0);
#13147=DIRECTION('',(0,-0.6440389204655623,0.7649927247533489));
#13148=DIRECTION('',(0,-0.6879759854701639,-0.7257334520444518));
#13149=DIRECTION('',(0,0.7969183092559894,0.6040870867454257));
#13150=FACE_SURFACE('',(#13155),#13151,.T.);
#13151=PLANE('',#13152);
#13152=AXIS2_PLACEMENT_3D('',#508,#13153,#13154);
#13153=DIRECTION('',(1,0,0));
#13154=DIRECTION('',(0,-0.8701786652090118,0.4927363297089655));
#13155=FACE_BOUND('',#13156,.T.);
#13156=EDGE_LOOP('',(#13157,#13158,#13159));
#13157=ORIENTED_EDGE('',*,*,#13160,.T.);
#13158=ORIENTED_EDGE('',*,*,#13161,.T.);
#13159=ORIENTED_EDGE('',*,*,#13162,.T.);
#13160=EDGE_CURVE('',#509,#507,#13163,.F.);
#13161=EDGE_CURVE('',#507,#523,#13164,.T.);
#13162=EDGE_CURVE('',#523,#509,#13165,.T.);
#13163=LINE('',#508,#13166);
#13164=LINE('',#506,#13167);
#13165=LINE('',#522,#13168);
#13166=VECTOR('',#13169,1.0);
#13167=VECTOR('',#13170,1.0);
#13168=VECTOR('',#13171,1.0);
#13169=DIRECTION('',(0,-0.8701786652090118,0.4927363297089655));
#13170=DIRECTION('',(0,-0.5292125934476812,-0.8484892638898734));
#13171=DIRECTION('',(0,0.6879759854701639,0.7257334520444518));
#13172=FACE_SURFACE('',(#13177),#13173,.T.);
#13173=PLANE('',#13174);
#13174=AXIS2_PLACEMENT_3D('',#506,#13175,#13176);
#13175=DIRECTION('',(1,0,0));
#13176=DIRECTION('',(0,-0.997355813511731,0.07267311232053565));
#13177=FACE_BOUND('',#13178,.T.);
#13178=EDGE_LOOP('',(#13179,#13180,#13181));
#13179=ORIENTED_EDGE('',*,*,#13182,.T.);
#13180=ORIENTED_EDGE('',*,*,#13183,.T.);
#13181=ORIENTED_EDGE('',*,*,#13184,.T.);
#13182=EDGE_CURVE('',#507,#527,#13185,.F.);
#13183=EDGE_CURVE('',#527,#523,#13186,.T.);
#13184=EDGE_CURVE('',#523,#507,#13187,.T.);
#13185=LINE('',#506,#13188);
#13186=LINE('',#526,#13189);
#13187=LINE('',#522,#13190);
#13188=VECTOR('',#13191,1.0);
#13189=VECTOR('',#13192,1.0);
#13190=VECTOR('',#13193,1.0);
#13191=DIRECTION('',(0,-0.997355813511731,0.07267311232053565));
#13192=DIRECTION('',(0,-0.30031564205518907,-0.9538398791919845));
#13193=DIRECTION('',(0,0.5292125934476812,0.8484892638898734));
#13194=FACE_SURFACE('',(#13199),#13195,.T.);
#13195=PLANE('',#13196);
#13196=AXIS2_PLACEMENT_3D('',#526,#13197,#13198);
#13197=DIRECTION('',(1,0,0));
#13198=DIRECTION('',(0,-0.9250740767627368,-0.3797867197540882));
#13199=FACE_BOUND('',#13200,.T.);
#13200=EDGE_LOOP('',(#13201,#13202,#13203));
#13201=ORIENTED_EDGE('',*,*,#13204,.T.);
#13202=ORIENTED_EDGE('',*,*,#13205,.T.);
#13203=ORIENTED_EDGE('',*,*,#13206,.T.);
#13204=EDGE_CURVE('',#527,#529,#13207,.F.);
#13205=EDGE_CURVE('',#529,#523,#13208,.T.);
#13206=EDGE_CURVE('',#523,#527,#13209,.T.);
#13207=LINE('',#526,#13210);
#13208=LINE('',#528,#13211);
#13209=LINE('',#522,#13212);
#13210=VECTOR('',#13213,1.0);
#13211=VECTOR('',#13214,1.0);
#13212=VECTOR('',#13215,1.0);
#13213=DIRECTION('',(0,-0.9250740767627368,-0.3797867197540882));
#13214=DIRECTION('',(0,-0.10308907714960151,-0.99467212797607));
#13215=DIRECTION('',(0,0.30031564205518907,0.9538398791919845));
#13216=FACE_SURFACE('',(#13221),#13217,.T.);
#13217=PLANE('',#13218);
#13218=AXIS2_PLACEMENT_3D('',#530,#13219,#13220);
#13219=DIRECTION('',(1,-0,0));
#13220=DIRECTION('',(0,0.022555128790871175,-0.9997456007231175));
#13221=FACE_BOUND('',#13222,.T.);
#13222=EDGE_LOOP('',(#13223,#13224,#13225));
#13223=ORIENTED_EDGE('',*,*,#13226,.T.);
#13224=ORIENTED_EDGE('',*,*,#13227,.T.);
#13225=ORIENTED_EDGE('',*,*,#13228,.T.);
#13226=EDGE_CURVE('',#531,#525,#13229,.F.);
#13227=EDGE_CURVE('',#525,#529,#13230,.T.);
#13228=EDGE_CURVE('',#529,#531,#13231,.T.);
#13229=LINE('',#530,#13232);
#13230=LINE('',#524,#13233);
#13231=LINE('',#528,#13234);
#13232=VECTOR('',#13235,1.0);
#13233=VECTOR('',#13236,1.0);
#13234=VECTOR('',#13237,1.0);
#13235=DIRECTION('',(0,0.022555128790871175,-0.9997456007231175));
#13236=DIRECTION('',(0,0.3477536881826849,0.937585927984918));
#13237=DIRECTION('',(0,-0.5752121332521012,-0.8180042797929404));
#13238=FACE_SURFACE('',(#13243),#13239,.T.);
#13239=PLANE('',#13240);
#13240=AXIS2_PLACEMENT_3D('',#522,#13241,#13242);
#13241=DIRECTION('',(1,0,-0));
#13242=DIRECTION('',(0,0.10308907714960151,0.99467212797607));
#13243=FACE_BOUND('',#13244,.T.);
#13244=EDGE_LOOP('',(#13245,#13246,#13247));
#13245=ORIENTED_EDGE('',*,*,#13248,.T.);
#13246=ORIENTED_EDGE('',*,*,#13249,.T.);
#13247=ORIENTED_EDGE('',*,*,#13250,.T.);
#13248=EDGE_CURVE('',#523,#529,#13251,.F.);
#13249=EDGE_CURVE('',#529,#525,#13252,.T.);
#13250=EDGE_CURVE('',#525,#523,#13253,.T.);
#13251=LINE('',#522,#13254);
#13252=LINE('',#528,#13255);
#13253=LINE('',#524,#13256);
#13254=VECTOR('',#13257,1.0);
#13255=VECTOR('',#13258,1.0);
#13256=VECTOR('',#13259,1.0);
#13257=DIRECTION('',(0,0.10308907714960151,0.99467212797607));
#13258=DIRECTION('',(0,-0.3477536881826849,-0.937585927984918));
#13259=DIRECTION('',(0,0.4724348454458336,-0.8813655976997125));
#13260=FACE_SURFACE('',(#13265),#13261,.T.);
#13261=PLANE('',#13262);
#13262=AXIS2_PLACEMENT_3D('',#422,#13263,#13264);
#13263=DIRECTION('',(0,0,-1));
#13264=DIRECTION('',(-0.9988681787752252,0.047564287341079724,0));
#13265=FACE_BOUND('',#13266,.T.);
#13266=EDGE_LOOP('',(#13267,#13268,#13269));
#13267=ORIENTED_EDGE('',*,*,#13270,.T.);
#13268=ORIENTED_EDGE('',*,*,#13271,.T.);
#13269=ORIENTED_EDGE('',*,*,#13272,.T.);
#13270=EDGE_CURVE('',#423,#535,#13273,.F.);
#13271=EDGE_CURVE('',#535,#427,#13274,.T.);
#13272=EDGE_CURVE('',#427,#423,#13275,.T.);
#13273=LINE('',#422,#13276);
#13274=LINE('',#534,#13277);
#13275=LINE('',#426,#13278);
#13276=VECTOR('',#13279,1.0);
#13277=VECTOR('',#13280,1.0);
#13278=VECTOR('',#13281,1.0);
#13279=DIRECTION('',(-0.9988681787752252,0.047564287341079724,0));
#13280=DIRECTION('',(0.8858316927570958,0.4640066940326381,0));
#13281=DIRECTION('',(0,-1,0));
#13282=FACE_SURFACE('',(#13287),#13283,.T.);
#13283=PLANE('',#13284);
#13284=AXIS2_PLACEMENT_3D('',#538,#13285,#13286);
#13285=DIRECTION('',(0,0,-1));
#13286=DIRECTION('',(0.9988680925677157,0.04756609769713329,0));
#13287=FACE_BOUND('',#13288,.T.);
#13288=EDGE_LOOP('',(#13289,#13290,#13291));
#13289=ORIENTED_EDGE('',*,*,#13292,.T.);
#13290=ORIENTED_EDGE('',*,*,#13293,.T.);
#13291=ORIENTED_EDGE('',*,*,#13294,.T.);
#13292=EDGE_CURVE('',#539,#427,#13295,.F.);
#13293=EDGE_CURVE('',#427,#535,#13296,.T.);
#13294=EDGE_CURVE('',#535,#539,#13297,.T.);
#13295=LINE('',#538,#13298);
#13296=LINE('',#426,#13299);
#13297=LINE('',#534,#13300);
#13298=VECTOR('',#13301,1.0);
#13299=VECTOR('',#13302,1.0);
#13300=VECTOR('',#13303,1.0);
#13301=DIRECTION('',(0.9988680925677157,0.04756609769713329,0));
#13302=DIRECTION('',(-0.8858316927570958,-0.4640066940326381,0));
#13303=DIRECTION('',(0,1,0));
#13304=FACE_SURFACE('',(#13309),#13305,.T.);
#13305=PLANE('',#13306);
#13306=AXIS2_PLACEMENT_3D('',#610,#13307,#13308);
#13307=DIRECTION('',(0,1,-0));
#13308=DIRECTION('',(-0.9872985235846786,0,0.15887613202590853));
#13309=FACE_BOUND('',#13310,.T.);
#13310=EDGE_LOOP('',(#13311,#13312,#13313));
#13311=ORIENTED_EDGE('',*,*,#13314,.T.);
#13312=ORIENTED_EDGE('',*,*,#13315,.T.);
#13313=ORIENTED_EDGE('',*,*,#13316,.T.);
#13314=EDGE_CURVE('',#611,#537,#13317,.F.);
#13315=EDGE_CURVE('',#537,#539,#13318,.T.);
#13316=EDGE_CURVE('',#539,#611,#13319,.T.);
#13317=LINE('',#610,#13320);
#13318=LINE('',#536,#13321);
#13319=LINE('',#538,#13322);
#13320=VECTOR('',#13323,1.0);
#13321=VECTOR('',#13324,1.0);
#13322=VECTOR('',#13325,1.0);
#13323=DIRECTION('',(-0.9872985235846786,0,0.15887613202590853));
#13324=DIRECTION('',(1,0,0));
#13325=DIRECTION('',(-0.6178232551495321,0,-0.7863170005770168));
#13326=FACE_SURFACE('',(#13331),#13327,.T.);
#13327=PLANE('',#13328);
#13328=AXIS2_PLACEMENT_3D('',#612,#13329,#13330);
#13329=DIRECTION('',(0,1,0));
#13330=DIRECTION('',(-0.9792608601392708,0,-0.20260347430213377));
#13331=FACE_BOUND('',#13332,.T.);
#13332=EDGE_LOOP('',(#13333,#13334,#13335));
#13333=ORIENTED_EDGE('',*,*,#13336,.T.);
#13334=ORIENTED_EDGE('',*,*,#13337,.T.);
#13335=ORIENTED_EDGE('',*,*,#13338,.T.);
#13336=EDGE_CURVE('',#613,#615,#13339,.F.);
#13337=EDGE_CURVE('',#615,#537,#13340,.T.);
#13338=EDGE_CURVE('',#537,#613,#13341,.T.);
#13339=LINE('',#612,#13342);
#13340=LINE('',#614,#13343);
#13341=LINE('',#536,#13344);
#13342=VECTOR('',#13345,1.0);
#13343=VECTOR('',#13346,1.0);
#13344=VECTOR('',#13347,1.0);
#13345=DIRECTION('',(-0.9792608601392708,0,-0.20260347430213377));
#13346=DIRECTION('',(0.6689684912990712,0,0.7432907625209965));
#13347=DIRECTION('',(0.6178232551495321,0,-0.7863170005770168));
#13348=FACE_SURFACE('',(#13353),#13349,.T.);
#13349=PLANE('',#13350);
#13350=AXIS2_PLACEMENT_3D('',#610,#13351,#13352);
#13351=DIRECTION('',(-0,1,0));
#13352=DIRECTION('',(0.6178232551495321,0,0.7863170005770168));
#13353=FACE_BOUND('',#13354,.T.);
#13354=EDGE_LOOP('',(#13355,#13356,#13357));
#13355=ORIENTED_EDGE('',*,*,#13358,.T.);
#13356=ORIENTED_EDGE('',*,*,#13359,.T.);
#13357=ORIENTED_EDGE('',*,*,#13360,.T.);
#13358=EDGE_CURVE('',#611,#539,#13361,.F.);
#13359=EDGE_CURVE('',#539,#617,#13362,.T.);
#13360=EDGE_CURVE('',#617,#611,#13363,.T.);
#13361=LINE('',#610,#13364);
#13362=LINE('',#538,#13365);
#13363=LINE('',#616,#13366);
#13364=VECTOR('',#13367,1.0);
#13365=VECTOR('',#13368,1.0);
#13366=VECTOR('',#13369,1.0);
#13367=DIRECTION('',(0.6178232551495321,0,0.7863170005770168));
#13368=DIRECTION('',(0.6689684912990712,0,-0.7432907625209965));
#13369=DIRECTION('',(-0.9792608601392708,0,0.20260347430213377));
#13370=FACE_SURFACE('',(#13375),#13371,.T.);
#13371=PLANE('',#13372);
#13372=AXIS2_PLACEMENT_3D('',#610,#13373,#13374);
#13373=DIRECTION('',(0,1,0));
#13374=DIRECTION('',(-1,0,0));
#13375=FACE_BOUND('',#13376,.T.);
#13376=EDGE_LOOP('',(#13377,#13378,#13379));
#13377=ORIENTED_EDGE('',*,*,#13380,.T.);
#13378=ORIENTED_EDGE('',*,*,#13381,.T.);
#13379=ORIENTED_EDGE('',*,*,#13382,.T.);
#13380=EDGE_CURVE('',#611,#613,#13383,.F.);
#13381=EDGE_CURVE('',#613,#537,#13384,.T.);
#13382=EDGE_CURVE('',#537,#611,#13385,.T.);
#13383=LINE('',#610,#13386);
#13384=LINE('',#612,#13387);
#13385=LINE('',#536,#13388);
#13386=VECTOR('',#13389,1.0);
#13387=VECTOR('',#13390,1.0);
#13388=VECTOR('',#13391,1.0);
#13389=DIRECTION('',(-1,0,0));
#13390=DIRECTION('',(-0.6178232551495321,0,0.7863170005770168));
#13391=DIRECTION('',(0.9872985235846786,0,-0.15887613202590853));
#13392=FACE_SURFACE('',(#13397),#13393,.T.);
#13393=PLANE('',#13394);
#13394=AXIS2_PLACEMENT_3D('',#618,#13395,#13396);
#13395=DIRECTION('',(-0,1,0));
#13396=DIRECTION('',(0.7445968210970223,0,0.6675144747585695));
#13397=FACE_BOUND('',#13398,.T.);
#13398=EDGE_LOOP('',(#13399,#13400,#13401));
#13399=ORIENTED_EDGE('',*,*,#13402,.T.);
#13400=ORIENTED_EDGE('',*,*,#13403,.T.);
#13401=ORIENTED_EDGE('',*,*,#13404,.T.);
#13402=EDGE_CURVE('',#619,#621,#13405,.F.);
#13403=EDGE_CURVE('',#621,#623,#13406,.T.);
#13404=EDGE_CURVE('',#623,#619,#13407,.T.);
#13405=LINE('',#618,#13408);
#13406=LINE('',#620,#13409);
#13407=LINE('',#622,#13410);
#13408=VECTOR('',#13411,1.0);
#13409=VECTOR('',#13412,1.0);
#13410=VECTOR('',#13413,1.0);
#13411=DIRECTION('',(0.7445968210970223,0,0.6675144747585695));
#13412=DIRECTION('',(-0.7241278719737944,0,-0.6896657342732813));
#13413=DIRECTION('',(-0.1672837989972086,0,0.9859087841139571));
#13414=FACE_SURFACE('',(#13419),#13415,.T.);
#13415=PLANE('',#13416);
#13416=AXIS2_PLACEMENT_3D('',#624,#13417,#13418);
#13417=DIRECTION('',(0,1,-0));
#13418=DIRECTION('',(-0.6963109811126343,0,0.7177402159430392));
#13419=FACE_BOUND('',#13420,.T.);
#13420=EDGE_LOOP('',(#13421,#13422,#13423));
#13421=ORIENTED_EDGE('',*,*,#13424,.T.);
#13422=ORIENTED_EDGE('',*,*,#13425,.T.);
#13423=ORIENTED_EDGE('',*,*,#13426,.T.);
#13424=EDGE_CURVE('',#625,#623,#13427,.F.);
#13425=EDGE_CURVE('',#623,#621,#13428,.T.);
#13426=EDGE_CURVE('',#621,#625,#13429,.T.);
#13427=LINE('',#624,#13430);
#13428=LINE('',#622,#13431);
#13429=LINE('',#620,#13432);
#13430=VECTOR('',#13433,1.0);
#13431=VECTOR('',#13434,1.0);
#13432=VECTOR('',#13435,1.0);
#13433=DIRECTION('',(-0.6963109811126343,0,0.7177402159430392));
#13434=DIRECTION('',(0.7241278719737944,0,0.6896657342732813));
#13435=DIRECTION('',(-0.649553685551697,0,-0.7603157301977956));
#13436=FACE_SURFACE('',(#13441),#13437,.T.);
#13437=PLANE('',#13438);
#13438=AXIS2_PLACEMENT_3D('',#626,#13439,#13440);
#13439=DIRECTION('',(0,1,-0));
#13440=DIRECTION('',(-0.5606174043401332,0,0.8280749518919962));
#13441=FACE_BOUND('',#13442,.T.);
#13442=EDGE_LOOP('',(#13443,#13444,#13445));
#13443=ORIENTED_EDGE('',*,*,#13446,.T.);
#13444=ORIENTED_EDGE('',*,*,#13447,.T.);
#13445=ORIENTED_EDGE('',*,*,#13448,.T.);
#13446=EDGE_CURVE('',#627,#629,#13449,.F.);
#13447=EDGE_CURVE('',#629,#631,#13450,.T.);
#13448=EDGE_CURVE('',#631,#627,#13451,.T.);
#13449=LINE('',#626,#13452);
#13450=LINE('',#628,#13453);
#13451=LINE('',#630,#13454);
#13452=VECTOR('',#13455,1.0);
#13453=VECTOR('',#13456,1.0);
#13454=VECTOR('',#13457,1.0);
#13455=DIRECTION('',(-0.5606174043401332,0,0.8280749518919962));
#13456=DIRECTION('',(0.6042903666060426,0,-0.796764176420561));
#13457=DIRECTION('',(-0.9593531889843949,0,-0.2822081834133657));
#13458=FACE_SURFACE('',(#13463),#13459,.T.);
#13459=PLANE('',#13460);
#13460=AXIS2_PLACEMENT_3D('',#630,#13461,#13462);
#13461=DIRECTION('',(0,1,-0));
#13462=DIRECTION('',(-0.6042903666060426,0,0.796764176420561));
#13463=FACE_BOUND('',#13464,.T.);
#13464=EDGE_LOOP('',(#13465,#13466,#13467));
#13465=ORIENTED_EDGE('',*,*,#13468,.T.);
#13466=ORIENTED_EDGE('',*,*,#13469,.T.);
#13467=ORIENTED_EDGE('',*,*,#13470,.T.);
#13468=EDGE_CURVE('',#631,#629,#13471,.F.);
#13469=EDGE_CURVE('',#629,#633,#13472,.T.);
#13470=EDGE_CURVE('',#633,#631,#13473,.T.);
#13471=LINE('',#630,#13474);
#13472=LINE('',#628,#13475);
#13473=LINE('',#632,#13476);
#13474=VECTOR('',#13477,1.0);
#13475=VECTOR('',#13478,1.0);
#13476=VECTOR('',#13479,1.0);
#13477=DIRECTION('',(-0.6042903666060426,0,0.796764176420561));
#13478=DIRECTION('',(0.6685986781339426,0,-0.7436234313128821));
#13479=DIRECTION('',(-0.6465711846043333,0,-0.7628536578134427));
#13480=FACE_SURFACE('',(#13485),#13481,.T.);
#13481=PLANE('',#13482);
#13482=AXIS2_PLACEMENT_3D('',#612,#13483,#13484);
#13483=DIRECTION('',(0,1,0));
#13484=DIRECTION('',(0.3905484804184516,0,-0.92058236157491));
#13485=FACE_BOUND('',#13486,.T.);
#13486=EDGE_LOOP('',(#13487,#13488,#13489));
#13487=ORIENTED_EDGE('',*,*,#13490,.T.);
#13488=ORIENTED_EDGE('',*,*,#13491,.T.);
#13489=ORIENTED_EDGE('',*,*,#13492,.T.);
#13490=EDGE_CURVE('',#613,#635,#13493,.F.);
#13491=EDGE_CURVE('',#635,#619,#13494,.T.);
#13492=EDGE_CURVE('',#619,#613,#13495,.T.);
#13493=LINE('',#612,#13496);
#13494=LINE('',#634,#13497);
#13495=LINE('',#618,#13498);
#13496=VECTOR('',#13499,1.0);
#13497=VECTOR('',#13500,1.0);
#13498=VECTOR('',#13501,1.0);
#13499=DIRECTION('',(0.3905484804184516,0,-0.92058236157491));
#13500=DIRECTION('',(-0.349752827216563,0,-0.9368420143514171));
#13501=DIRECTION('',(0,0,1));
#13502=FACE_SURFACE('',(#13507),#13503,.T.);
#13503=PLANE('',#13504);
#13504=AXIS2_PLACEMENT_3D('',#612,#13505,#13506);
#13505=DIRECTION('',(0,1,0));
#13506=DIRECTION('',(0.41119737264344136,0,-0.9115463349337383));
#13507=FACE_BOUND('',#13508,.T.);
#13508=EDGE_LOOP('',(#13509,#13510,#13511));
#13509=ORIENTED_EDGE('',*,*,#13512,.T.);
#13510=ORIENTED_EDGE('',*,*,#13513,.T.);
#13511=ORIENTED_EDGE('',*,*,#13514,.T.);
#13512=EDGE_CURVE('',#613,#637,#13515,.F.);
#13513=EDGE_CURVE('',#637,#635,#13516,.T.);
#13514=EDGE_CURVE('',#635,#613,#13517,.T.);
#13515=LINE('',#612,#13518);
#13516=LINE('',#636,#13519);
#13517=LINE('',#634,#13520);
#13518=VECTOR('',#13521,1.0);
#13519=VECTOR('',#13522,1.0);
#13520=VECTOR('',#13523,1.0);
#13521=DIRECTION('',(0.41119737264344136,0,-0.9115463349337383));
#13522=DIRECTION('',(-0.16452660067424194,0,-0.986372646452941));
#13523=DIRECTION('',(-0.3905484804184516,0,0.92058236157491));
#13524=FACE_SURFACE('',(#13529),#13525,.T.);
#13525=PLANE('',#13526);
#13526=AXIS2_PLACEMENT_3D('',#612,#13527,#13528);
#13527=DIRECTION('',(0,1,0));
#13528=DIRECTION('',(0.4545877496613768,0,-0.8907019579285796));
#13529=FACE_BOUND('',#13530,.T.);
#13530=EDGE_LOOP('',(#13531,#13532,#13533));
#13531=ORIENTED_EDGE('',*,*,#13534,.T.);
#13532=ORIENTED_EDGE('',*,*,#13535,.T.);
#13533=ORIENTED_EDGE('',*,*,#13536,.T.);
#13534=EDGE_CURVE('',#613,#639,#13537,.F.);
#13535=EDGE_CURVE('',#639,#637,#13538,.T.);
#13536=EDGE_CURVE('',#637,#613,#13539,.T.);
#13537=LINE('',#612,#13540);
#13538=LINE('',#638,#13541);
#13539=LINE('',#636,#13542);
#13540=VECTOR('',#13543,1.0);
#13541=VECTOR('',#13544,1.0);
#13542=VECTOR('',#13545,1.0);
#13543=DIRECTION('',(0.4545877496613768,0,-0.8907019579285796));
#13544=DIRECTION('',(-0.4827866599654311,0,-0.8757379978963019));
#13545=DIRECTION('',(-0.41119737264344136,0,0.9115463349337383));
#13546=FACE_SURFACE('',(#13551),#13547,.T.);
#13547=PLANE('',#13548);
#13548=AXIS2_PLACEMENT_3D('',#612,#13549,#13550);
#13549=DIRECTION('',(0,1,0));
#13550=DIRECTION('',(0.5107065803532774,0,-0.8597550748811322));
#13551=FACE_BOUND('',#13552,.T.);
#13552=EDGE_LOOP('',(#13553,#13554,#13555));
#13553=ORIENTED_EDGE('',*,*,#13556,.T.);
#13554=ORIENTED_EDGE('',*,*,#13557,.T.);
#13555=ORIENTED_EDGE('',*,*,#13558,.T.);
#13556=EDGE_CURVE('',#613,#641,#13559,.F.);
#13557=EDGE_CURVE('',#641,#639,#13560,.T.);
#13558=EDGE_CURVE('',#639,#613,#13561,.T.);
#13559=LINE('',#612,#13562);
#13560=LINE('',#640,#13563);
#13561=LINE('',#638,#13564);
#13562=VECTOR('',#13565,1.0);
#13563=VECTOR('',#13566,1.0);
#13564=VECTOR('',#13567,1.0);
#13565=DIRECTION('',(0.5107065803532774,0,-0.8597550748811322));
#13566=DIRECTION('',(-0.7976761423178668,0,-0.6030860402769129));
#13567=DIRECTION('',(-0.4545877496613768,0,0.8907019579285796));
#13568=FACE_SURFACE('',(#13573),#13569,.T.);
#13569=PLANE('',#13570);
#13570=AXIS2_PLACEMENT_3D('',#612,#13571,#13572);
#13571=DIRECTION('',(0,1,0));
#13572=DIRECTION('',(0.5549515835804582,0,-0.8318826479026605));
#13573=FACE_BOUND('',#13574,.T.);
#13574=EDGE_LOOP('',(#13575,#13576,#13577));
#13575=ORIENTED_EDGE('',*,*,#13578,.T.);
#13576=ORIENTED_EDGE('',*,*,#13579,.T.);
#13577=ORIENTED_EDGE('',*,*,#13580,.T.);
#13578=EDGE_CURVE('',#613,#643,#13581,.F.);
#13579=EDGE_CURVE('',#643,#641,#13582,.T.);
#13580=EDGE_CURVE('',#641,#613,#13583,.T.);
#13581=LINE('',#612,#13584);
#13582=LINE('',#642,#13585);
#13583=LINE('',#640,#13586);
#13584=VECTOR('',#13587,1.0);
#13585=VECTOR('',#13588,1.0);
#13586=VECTOR('',#13589,1.0);
#13587=DIRECTION('',(0.5549515835804582,0,-0.8318826479026605));
#13588=DIRECTION('',(-0.9646461352714986,0,-0.2635485414601297));
#13589=DIRECTION('',(-0.5107065803532774,0,0.8597550748811322));
#13590=FACE_SURFACE('',(#13595),#13591,.T.);
#13591=PLANE('',#13592);
#13592=AXIS2_PLACEMENT_3D('',#612,#13593,#13594);
#13593=DIRECTION('',(-0,1,0));
#13594=DIRECTION('',(1,0,0));
#13595=FACE_BOUND('',#13596,.T.);
#13596=EDGE_LOOP('',(#13597,#13598,#13599));
#13597=ORIENTED_EDGE('',*,*,#13600,.T.);
#13598=ORIENTED_EDGE('',*,*,#13601,.T.);
#13599=ORIENTED_EDGE('',*,*,#13602,.T.);
#13600=EDGE_CURVE('',#613,#611,#13603,.F.);
#13601=EDGE_CURVE('',#611,#643,#13604,.T.);
#13602=EDGE_CURVE('',#643,#613,#13605,.T.);
#13603=LINE('',#612,#13606);
#13604=LINE('',#610,#13607);
#13605=LINE('',#642,#13608);
#13606=VECTOR('',#13609,1.0);
#13607=VECTOR('',#13610,1.0);
#13608=VECTOR('',#13611,1.0);
#13609=DIRECTION('',(1,0,0));
#13610=DIRECTION('',(-0.567369922589869,0,-0.8234630355640539));
#13611=DIRECTION('',(-0.5549515835804582,0,0.8318826479026605));
#13612=FACE_SURFACE('',(#13617),#13613,.T.);
#13613=PLANE('',#13614);
#13614=AXIS2_PLACEMENT_3D('',#610,#13615,#13616);
#13615=DIRECTION('',(0,1,0));
#13616=DIRECTION('',(-0.5008172359294698,0,-0.8655530579900725));
#13617=FACE_BOUND('',#13618,.T.);
#13618=EDGE_LOOP('',(#13619,#13620,#13621));
#13619=ORIENTED_EDGE('',*,*,#13622,.T.);
#13620=ORIENTED_EDGE('',*,*,#13623,.T.);
#13621=ORIENTED_EDGE('',*,*,#13624,.T.);
#13622=EDGE_CURVE('',#611,#645,#13625,.F.);
#13623=EDGE_CURVE('',#645,#643,#13626,.T.);
#13624=EDGE_CURVE('',#643,#611,#13627,.T.);
#13625=LINE('',#610,#13628);
#13626=LINE('',#644,#13629);
#13627=LINE('',#642,#13630);
#13628=VECTOR('',#13631,1.0);
#13629=VECTOR('',#13632,1.0);
#13630=VECTOR('',#13633,1.0);
#13631=DIRECTION('',(-0.5008172359294698,0,-0.8655530579900725));
#13632=DIRECTION('',(-0.9755701355297011,0,0.21968821238874123));
#13633=DIRECTION('',(0.567369922589869,0,0.8234630355640539));
#13634=FACE_SURFACE('',(#13639),#13635,.T.);
#13635=PLANE('',#13636);
#13636=AXIS2_PLACEMENT_3D('',#646,#13637,#13638);
#13637=DIRECTION('',(0,1,-0));
#13638=DIRECTION('',(-0.6893183069255019,0,0.7244586059516164));
#13639=FACE_BOUND('',#13640,.T.);
#13640=EDGE_LOOP('',(#13641,#13642,#13643));
#13641=ORIENTED_EDGE('',*,*,#13644,.T.);
#13642=ORIENTED_EDGE('',*,*,#13645,.T.);
#13643=ORIENTED_EDGE('',*,*,#13646,.T.);
#13644=EDGE_CURVE('',#647,#645,#13647,.F.);
#13645=EDGE_CURVE('',#645,#611,#13648,.T.);
#13646=EDGE_CURVE('',#611,#647,#13649,.T.);
#13647=LINE('',#646,#13650);
#13648=LINE('',#644,#13651);
#13649=LINE('',#610,#13652);
#13650=VECTOR('',#13653,1.0);
#13651=VECTOR('',#13654,1.0);
#13652=VECTOR('',#13655,1.0);
#13653=DIRECTION('',(-0.6893183069255019,0,0.7244586059516164));
#13654=DIRECTION('',(0.5008172359294698,0,0.8655530579900725));
#13655=DIRECTION('',(-0.42703417968513246,0,-0.9042354833673837));
#13656=FACE_SURFACE('',(#13661),#13657,.T.);
#13657=PLANE('',#13658);
#13658=AXIS2_PLACEMENT_3D('',#610,#13659,#13660);
#13659=DIRECTION('',(0,1,0));
#13660=DIRECTION('',(-0.3905484804184516,0,-0.92058236157491));
#13661=FACE_BOUND('',#13662,.T.);
#13662=EDGE_LOOP('',(#13663,#13664,#13665));
#13663=ORIENTED_EDGE('',*,*,#13666,.T.);
#13664=ORIENTED_EDGE('',*,*,#13667,.T.);
#13665=ORIENTED_EDGE('',*,*,#13668,.T.);
#13666=EDGE_CURVE('',#611,#649,#13669,.F.);
#13667=EDGE_CURVE('',#649,#647,#13670,.T.);
#13668=EDGE_CURVE('',#647,#611,#13671,.T.);
#13669=LINE('',#610,#13672);
#13670=LINE('',#648,#13673);
#13671=LINE('',#646,#13674);
#13672=VECTOR('',#13675,1.0);
#13673=VECTOR('',#13676,1.0);
#13674=VECTOR('',#13677,1.0);
#13675=DIRECTION('',(-0.3905484804184516,0,-0.92058236157491));
#13676=DIRECTION('',(-0.23381964096843902,0,0.9722799882222148));
#13677=DIRECTION('',(0.42703417968513246,0,0.9042354833673837));
#13678=FACE_SURFACE('',(#13683),#13679,.T.);
#13679=PLANE('',#13680);
#13680=AXIS2_PLACEMENT_3D('',#610,#13681,#13682);
#13681=DIRECTION('',(0,1,0));
#13682=DIRECTION('',(0,0,-1));
#13683=FACE_BOUND('',#13684,.T.);
#13684=EDGE_LOOP('',(#13685,#13686,#13687));
#13685=ORIENTED_EDGE('',*,*,#13688,.T.);
#13686=ORIENTED_EDGE('',*,*,#13689,.T.);
#13687=ORIENTED_EDGE('',*,*,#13690,.T.);
#13688=EDGE_CURVE('',#611,#651,#13691,.F.);
#13689=EDGE_CURVE('',#651,#649,#13692,.T.);
#13690=EDGE_CURVE('',#649,#611,#13693,.T.);
#13691=LINE('',#610,#13694);
#13692=LINE('',#650,#13695);
#13693=LINE('',#648,#13696);
#13694=VECTOR('',#13697,1.0);
#13695=VECTOR('',#13698,1.0);
#13696=VECTOR('',#13699,1.0);
#13697=DIRECTION('',(0,0,-1));
#13698=DIRECTION('',(-0.349752827216563,0,0.9368420143514171));
#13699=DIRECTION('',(0.3905484804184516,0,0.92058236157491));
#13700=FACE_SURFACE('',(#13705),#13701,.T.);
#13701=PLANE('',#13702);
#13702=AXIS2_PLACEMENT_3D('',#648,#13703,#13704);
#13703=DIRECTION('',(0,1,0));
#13704=DIRECTION('',(0.349752827216563,0,-0.9368420143514171));
#13705=FACE_BOUND('',#13706,.T.);
#13706=EDGE_LOOP('',(#13707,#13708,#13709));
#13707=ORIENTED_EDGE('',*,*,#13710,.T.);
#13708=ORIENTED_EDGE('',*,*,#13711,.T.);
#13709=ORIENTED_EDGE('',*,*,#13712,.T.);
#13710=EDGE_CURVE('',#649,#651,#13713,.F.);
#13711=EDGE_CURVE('',#651,#653,#13714,.T.);
#13712=EDGE_CURVE('',#653,#649,#13715,.T.);
#13713=LINE('',#648,#13716);
#13714=LINE('',#650,#13717);
#13715=LINE('',#652,#13718);
#13716=VECTOR('',#13719,1.0);
#13717=VECTOR('',#13720,1.0);
#13718=VECTOR('',#13721,1.0);
#13719=DIRECTION('',(0.349752827216563,0,-0.9368420143514171));
#13720=DIRECTION('',(-0.6246933869073363,0,0.7808701379578047));
#13721=DIRECTION('',(0,0,1));
#13722=FACE_SURFACE('',(#13727),#13723,.T.);
#13723=PLANE('',#13724);
#13724=AXIS2_PLACEMENT_3D('',#652,#13725,#13726);
#13725=DIRECTION('',(0,1,0));
#13726=DIRECTION('',(0.6246933869073363,0,-0.7808701379578047));
#13727=FACE_BOUND('',#13728,.T.);
#13728=EDGE_LOOP('',(#13729,#13730,#13731));
#13729=ORIENTED_EDGE('',*,*,#13732,.T.);
#13730=ORIENTED_EDGE('',*,*,#13733,.T.);
#13731=ORIENTED_EDGE('',*,*,#13734,.T.);
#13732=EDGE_CURVE('',#653,#651,#13735,.F.);
#13733=EDGE_CURVE('',#651,#629,#13736,.T.);
#13734=EDGE_CURVE('',#629,#653,#13737,.T.);
#13735=LINE('',#652,#13738);
#13736=LINE('',#650,#13739);
#13737=LINE('',#628,#13740);
#13738=VECTOR('',#13741,1.0);
#13739=VECTOR('',#13742,1.0);
#13740=VECTOR('',#13743,1.0);
#13741=DIRECTION('',(0.6246933869073363,0,-0.7808701379578047));
#13742=DIRECTION('',(-0.6893038238248814,0,0.7244723862649264));
#13743=DIRECTION('',(0.23392303346130502,0,0.9722551179686643));
#13744=FACE_SURFACE('',(#13749),#13745,.T.);
#13745=PLANE('',#13746);
#13746=AXIS2_PLACEMENT_3D('',#650,#13747,#13748);
#13747=DIRECTION('',(0,1,0));
#13748=DIRECTION('',(-0.1672837989972086,0,-0.9859087841139571));
#13749=FACE_BOUND('',#13750,.T.);
#13750=EDGE_LOOP('',(#13751,#13752,#13753));
#13751=ORIENTED_EDGE('',*,*,#13754,.T.);
#13752=ORIENTED_EDGE('',*,*,#13755,.T.);
#13753=ORIENTED_EDGE('',*,*,#13756,.T.);
#13754=EDGE_CURVE('',#651,#633,#13757,.F.);
#13755=EDGE_CURVE('',#633,#629,#13758,.T.);
#13756=EDGE_CURVE('',#629,#651,#13759,.T.);
#13757=LINE('',#650,#13760);
#13758=LINE('',#632,#13761);
#13759=LINE('',#628,#13762);
#13760=VECTOR('',#13763,1.0);
#13761=VECTOR('',#13764,1.0);
#13762=VECTOR('',#13765,1.0);
#13763=DIRECTION('',(-0.1672837989972086,0,-0.9859087841139571));
#13764=DIRECTION('',(-0.6685986781339426,0,0.7436234313128821));
#13765=DIRECTION('',(0.6893038238248814,0,-0.7244723862649264));
#13766=FACE_SURFACE('',(#13771),#13767,.T.);
#13767=PLANE('',#13768);
#13768=AXIS2_PLACEMENT_3D('',#654,#13769,#13770);
#13769=DIRECTION('',(-0,1,0));
#13770=DIRECTION('',(0.6506028583979403,0,0.7594181461121597));
#13771=FACE_BOUND('',#13772,.T.);
#13772=EDGE_LOOP('',(#13773,#13774,#13775));
#13773=ORIENTED_EDGE('',*,*,#13776,.T.);
#13774=ORIENTED_EDGE('',*,*,#13777,.T.);
#13775=ORIENTED_EDGE('',*,*,#13778,.T.);
#13776=EDGE_CURVE('',#655,#629,#13779,.F.);
#13777=EDGE_CURVE('',#629,#627,#13780,.T.);
#13778=EDGE_CURVE('',#627,#655,#13781,.T.);
#13779=LINE('',#654,#13782);
#13780=LINE('',#628,#13783);
#13781=LINE('',#626,#13784);
#13782=VECTOR('',#13785,1.0);
#13783=VECTOR('',#13786,1.0);
#13784=VECTOR('',#13787,1.0);
#13785=DIRECTION('',(0.6506028583979403,0,0.7594181461121597));
#13786=DIRECTION('',(0.5606174043401332,0,-0.8280749518919962));
#13787=DIRECTION('',(-0.6498257453323342,0,0.7600832195906421));
#13788=FACE_SURFACE('',(#13793),#13789,.T.);
#13789=PLANE('',#13790);
#13790=AXIS2_PLACEMENT_3D('',#626,#13791,#13792);
#13791=DIRECTION('',(0,1,0));
#13792=DIRECTION('',(-0.7092734438213524,0,0.7049334591929929));
#13793=FACE_BOUND('',#13794,.T.);
#13794=EDGE_LOOP('',(#13795,#13796,#13797));
#13795=ORIENTED_EDGE('',*,*,#13798,.T.);
#13796=ORIENTED_EDGE('',*,*,#13799,.T.);
#13797=ORIENTED_EDGE('',*,*,#13800,.T.);
#13798=EDGE_CURVE('',#627,#657,#13801,.F.);
#13799=EDGE_CURVE('',#657,#655,#13802,.T.);
#13800=EDGE_CURVE('',#655,#627,#13803,.T.);
#13801=LINE('',#626,#13804);
#13802=LINE('',#656,#13805);
#13803=LINE('',#654,#13806);
#13804=VECTOR('',#13807,1.0);
#13805=VECTOR('',#13808,1.0);
#13806=VECTOR('',#13809,1.0);
#13807=DIRECTION('',(-0.7092734438213524,0,0.7049334591929929));
#13808=DIRECTION('',(0.9167869515842006,0,0.39937662100447047));
#13809=DIRECTION('',(0.6498257453323342,0,-0.7600832195906421));
#13810=FACE_SURFACE('',(#13815),#13811,.T.);
#13811=PLANE('',#13812);
#13812=AXIS2_PLACEMENT_3D('',#656,#13813,#13814);
#13813=DIRECTION('',(0,1,0));
#13814=DIRECTION('',(0.7092734438213524,0,-0.7049334591929929));
#13815=FACE_BOUND('',#13816,.T.);
#13816=EDGE_LOOP('',(#13817,#13818,#13819));
#13817=ORIENTED_EDGE('',*,*,#13820,.T.);
#13818=ORIENTED_EDGE('',*,*,#13821,.T.);
#13819=ORIENTED_EDGE('',*,*,#13822,.T.);
#13820=EDGE_CURVE('',#657,#627,#13823,.F.);
#13821=EDGE_CURVE('',#627,#659,#13824,.T.);
#13822=EDGE_CURVE('',#659,#657,#13825,.T.);
#13823=LINE('',#656,#13826);
#13824=LINE('',#626,#13827);
#13825=LINE('',#658,#13828);
#13826=VECTOR('',#13829,1.0);
#13827=VECTOR('',#13830,1.0);
#13828=VECTOR('',#13831,1.0);
#13829=DIRECTION('',(0.7092734438213524,0,-0.7049334591929929));
#13830=DIRECTION('',(-0.7529501128478981,0,0.6580775999548515));
#13831=DIRECTION('',(0.9983904416881807,0,0.05671442449394627));
#13832=FACE_SURFACE('',(#13837),#13833,.T.);
#13833=PLANE('',#13834);
#13834=AXIS2_PLACEMENT_3D('',#660,#13835,#13836);
#13835=DIRECTION('',(0,1,0));
#13836=DIRECTION('',(0.7218661130322624,0,0.6920327411731997));
#13837=FACE_BOUND('',#13838,.T.);
#13838=EDGE_LOOP('',(#13839,#13840,#13841));
#13839=ORIENTED_EDGE('',*,*,#13842,.T.);
#13840=ORIENTED_EDGE('',*,*,#13843,.T.);
#13841=ORIENTED_EDGE('',*,*,#13844,.T.);
#13842=EDGE_CURVE('',#661,#659,#13845,.F.);
#13843=EDGE_CURVE('',#659,#627,#13846,.T.);
#13844=EDGE_CURVE('',#627,#661,#13847,.T.);
#13845=LINE('',#660,#13848);
#13846=LINE('',#658,#13849);
#13847=LINE('',#626,#13850);
#13848=VECTOR('',#13851,1.0);
#13849=VECTOR('',#13852,1.0);
#13850=VECTOR('',#13853,1.0);
#13851=DIRECTION('',(0.7218661130322624,0,0.6920327411731997));
#13852=DIRECTION('',(0.7529501128478981,0,-0.6580775999548515));
#13853=DIRECTION('',(-1,0,0));
#13854=FACE_SURFACE('',(#13859),#13855,.T.);
#13855=PLANE('',#13856);
#13856=AXIS2_PLACEMENT_3D('',#658,#13857,#13858);
#13857=DIRECTION('',(0,1,0));
#13858=DIRECTION('',(-0.7218661130322624,0,-0.6920327411731997));
#13859=FACE_BOUND('',#13860,.T.);
#13860=EDGE_LOOP('',(#13861,#13862,#13863));
#13861=ORIENTED_EDGE('',*,*,#13864,.T.);
#13862=ORIENTED_EDGE('',*,*,#13865,.T.);
#13863=ORIENTED_EDGE('',*,*,#13866,.T.);
#13864=EDGE_CURVE('',#659,#661,#13867,.F.);
#13865=EDGE_CURVE('',#661,#663,#13868,.T.);
#13866=EDGE_CURVE('',#663,#659,#13869,.T.);
#13867=LINE('',#658,#13870);
#13868=LINE('',#660,#13871);
#13869=LINE('',#662,#13872);
#13870=VECTOR('',#13873,1.0);
#13871=VECTOR('',#13874,1.0);
#13872=VECTOR('',#13875,1.0);
#13873=DIRECTION('',(-0.7218661130322624,0,-0.6920327411731997));
#13874=DIRECTION('',(0.6714575705041187,0,0.7410430021346309));
#13875=DIRECTION('',(0.9512141717795038,0,-0.30853135886945515));
#13876=FACE_SURFACE('',(#13881),#13877,.T.);
#13877=PLANE('',#13878);
#13878=AXIS2_PLACEMENT_3D('',#662,#13879,#13880);
#13879=DIRECTION('',(0,1,0));
#13880=DIRECTION('',(-0.6714575705041187,0,-0.7410430021346309));
#13881=FACE_BOUND('',#13882,.T.);
#13882=EDGE_LOOP('',(#13883,#13884,#13885));
#13883=ORIENTED_EDGE('',*,*,#13886,.T.);
#13884=ORIENTED_EDGE('',*,*,#13887,.T.);
#13885=ORIENTED_EDGE('',*,*,#13888,.T.);
#13886=EDGE_CURVE('',#663,#661,#13889,.F.);
#13887=EDGE_CURVE('',#661,#621,#13890,.T.);
#13888=EDGE_CURVE('',#621,#663,#13891,.T.);
#13889=LINE('',#662,#13892);
#13890=LINE('',#660,#13893);
#13891=LINE('',#620,#13894);
#13892=VECTOR('',#13895,1.0);
#13893=VECTOR('',#13896,1.0);
#13894=VECTOR('',#13897,1.0);
#13895=DIRECTION('',(-0.6714575705041187,0,-0.7410430021346309));
#13896=DIRECTION('',(0.6216314343437902,0,0.7833098747211618));
#13897=DIRECTION('',(0.8001330770306336,0,-0.5998225229528232));
#13898=FACE_SURFACE('',(#13903),#13899,.T.);
#13899=PLANE('',#13900);
#13900=AXIS2_PLACEMENT_3D('',#664,#13901,#13902);
#13901=DIRECTION('',(0,1,0));
#13902=DIRECTION('',(0.5981196829303161,0,-0.80140679114376));
#13903=FACE_BOUND('',#13904,.T.);
#13904=EDGE_LOOP('',(#13905,#13906,#13907));
#13905=ORIENTED_EDGE('',*,*,#13908,.T.);
#13906=ORIENTED_EDGE('',*,*,#13909,.T.);
#13907=ORIENTED_EDGE('',*,*,#13910,.T.);
#13908=EDGE_CURVE('',#665,#621,#13911,.F.);
#13909=EDGE_CURVE('',#621,#619,#13912,.T.);
#13910=EDGE_CURVE('',#619,#665,#13913,.T.);
#13911=LINE('',#664,#13914);
#13912=LINE('',#620,#13915);
#13913=LINE('',#618,#13916);
#13914=VECTOR('',#13917,1.0);
#13915=VECTOR('',#13918,1.0);
#13916=VECTOR('',#13919,1.0);
#13917=DIRECTION('',(0.5981196829303161,0,-0.80140679114376));
#13918=DIRECTION('',(-0.7445968210970223,0,-0.6675144747585695));
#13919=DIRECTION('',(0.689291710451317,0,0.7244839114177055));
#13920=FACE_SURFACE('',(#13925),#13921,.T.);
#13921=PLANE('',#13922);
#13922=AXIS2_PLACEMENT_3D('',#660,#13923,#13924);
#13923=DIRECTION('',(0,1,-0));
#13924=DIRECTION('',(-0.9786442645418701,0,0.2055611915690851));
#13925=FACE_BOUND('',#13926,.T.);
#13926=EDGE_LOOP('',(#13927,#13928,#13929));
#13927=ORIENTED_EDGE('',*,*,#13930,.T.);
#13928=ORIENTED_EDGE('',*,*,#13931,.T.);
#13929=ORIENTED_EDGE('',*,*,#13932,.T.);
#13930=EDGE_CURVE('',#661,#625,#13933,.F.);
#13931=EDGE_CURVE('',#625,#621,#13934,.T.);
#13932=EDGE_CURVE('',#621,#661,#13935,.T.);
#13933=LINE('',#660,#13936);
#13934=LINE('',#624,#13937);
#13935=LINE('',#620,#13938);
#13936=VECTOR('',#13939,1.0);
#13937=VECTOR('',#13940,1.0);
#13938=VECTOR('',#13941,1.0);
#13939=DIRECTION('',(-0.9786442645418701,0,0.2055611915690851));
#13940=DIRECTION('',(0.649553685551697,0,0.7603157301977956));
#13941=DIRECTION('',(-0.6216314343437902,0,-0.7833098747211618));
#13942=FACE_SURFACE('',(#13947),#13943,.T.);
#13943=PLANE('',#13944);
#13944=AXIS2_PLACEMENT_3D('',#666,#13945,#13946);
#13945=DIRECTION('',(0,1,0));
#13946=DIRECTION('',(0.23381584849632256,0,-0.9722809002505114));
#13947=FACE_BOUND('',#13948,.T.);
#13948=EDGE_LOOP('',(#13949,#13950,#13951));
#13949=ORIENTED_EDGE('',*,*,#13952,.T.);
#13950=ORIENTED_EDGE('',*,*,#13953,.T.);
#13951=ORIENTED_EDGE('',*,*,#13954,.T.);
#13952=EDGE_CURVE('',#667,#665,#13955,.F.);
#13953=EDGE_CURVE('',#665,#619,#13956,.T.);
#13954=EDGE_CURVE('',#619,#667,#13957,.T.);
#13955=LINE('',#666,#13958);
#13956=LINE('',#664,#13959);
#13957=LINE('',#618,#13960);
#13958=VECTOR('',#13961,1.0);
#13959=VECTOR('',#13962,1.0);
#13960=VECTOR('',#13963,1.0);
#13961=DIRECTION('',(0.23381584849632256,0,-0.9722809002505114));
#13962=DIRECTION('',(-0.689291710451317,0,-0.7244839114177055));
#13963=DIRECTION('',(0.6246933869073363,0,0.7808701379578047));
#13964=FACE_SURFACE('',(#13969),#13965,.T.);
#13965=PLANE('',#13966);
#13966=AXIS2_PLACEMENT_3D('',#634,#13967,#13968);
#13967=DIRECTION('',(0,1,0));
#13968=DIRECTION('',(0,0,-1));
#13969=FACE_BOUND('',#13970,.T.);
#13970=EDGE_LOOP('',(#13971,#13972,#13973));
#13971=ORIENTED_EDGE('',*,*,#13974,.T.);
#13972=ORIENTED_EDGE('',*,*,#13975,.T.);
#13973=ORIENTED_EDGE('',*,*,#13976,.T.);
#13974=EDGE_CURVE('',#635,#667,#13977,.F.);
#13975=EDGE_CURVE('',#667,#619,#13978,.T.);
#13976=EDGE_CURVE('',#619,#635,#13979,.T.);
#13977=LINE('',#634,#13980);
#13978=LINE('',#666,#13981);
#13979=LINE('',#618,#13982);
#13980=VECTOR('',#13983,1.0);
#13981=VECTOR('',#13984,1.0);
#13982=VECTOR('',#13985,1.0);
#13983=DIRECTION('',(0,0,-1));
#13984=DIRECTION('',(-0.6246933869073363,0,-0.7808701379578047));
#13985=DIRECTION('',(0.349752827216563,0,0.9368420143514171));
#13986=FACE_SURFACE('',(#13991),#13987,.T.);
#13987=PLANE('',#13988);
#13988=AXIS2_PLACEMENT_3D('',#536,#13989,#13990);
#13989=DIRECTION('',(-0,-0,-1));
#13990=DIRECTION('',(0,-1,0));
#13991=FACE_BOUND('',#13992,.T.);
#13992=EDGE_LOOP('',(#13993,#13994,#13995));
#13993=ORIENTED_EDGE('',*,*,#13996,.T.);
#13994=ORIENTED_EDGE('',*,*,#13997,.T.);
#13995=ORIENTED_EDGE('',*,*,#13998,.T.);
#13996=EDGE_CURVE('',#537,#533,#13999,.F.);
#13997=EDGE_CURVE('',#533,#429,#14000,.T.);
#13998=EDGE_CURVE('',#429,#537,#14001,.T.);
#13999=LINE('',#536,#14002);
#14000=LINE('',#532,#14003);
#14001=LINE('',#428,#14004);
#14002=VECTOR('',#14005,1.0);
#14003=VECTOR('',#14006,1.0);
#14004=VECTOR('',#14007,1.0);
#14005=DIRECTION('',(0,-1,0));
#14006=DIRECTION('',(-0.8858316927570958,0.4640066940326381,0));
#14007=DIRECTION('',(0.9988680925677157,-0.04756609769713329,0));
#14008=FACE_SURFACE('',(#14013),#14009,.T.);
#14009=PLANE('',#14010);
#14010=AXIS2_PLACEMENT_3D('',#420,#14011,#14012);
#14011=DIRECTION('',(0,0,-1));
#14012=DIRECTION('',(0,1,0));
#14013=FACE_BOUND('',#14014,.T.);
#14014=EDGE_LOOP('',(#14015,#14016,#14017));
#14015=ORIENTED_EDGE('',*,*,#14018,.T.);
#14016=ORIENTED_EDGE('',*,*,#14019,.T.);
#14017=ORIENTED_EDGE('',*,*,#14020,.T.);
#14018=EDGE_CURVE('',#421,#429,#14021,.F.);
#14019=EDGE_CURVE('',#429,#533,#14022,.T.);
#14020=EDGE_CURVE('',#533,#421,#14023,.T.);
#14021=LINE('',#420,#14024);
#14022=LINE('',#428,#14025);
#14023=LINE('',#532,#14026);
#14024=VECTOR('',#14027,1.0);
#14025=VECTOR('',#14028,1.0);
#14026=VECTOR('',#14029,1.0);
#14027=DIRECTION('',(0,1,0));
#14028=DIRECTION('',(0.8858316927570958,-0.4640066940326381,0));
#14029=DIRECTION('',(-0.9988681787752252,-0.047564287341079724,0));
#14030=FACE_SURFACE('',(#14035),#14031,.T.);
#14031=PLANE('',#14032);
#14032=AXIS2_PLACEMENT_3D('',#668,#14033,#14034);
#14033=DIRECTION('',(0,-1,0));
#14034=DIRECTION('',(0.9872985235846786,0,0.15887613202590853));
#14035=FACE_BOUND('',#14036,.T.);
#14036=EDGE_LOOP('',(#14037,#14038,#14039));
#14037=ORIENTED_EDGE('',*,*,#14040,.T.);
#14038=ORIENTED_EDGE('',*,*,#14041,.T.);
#14039=ORIENTED_EDGE('',*,*,#14042,.T.);
#14040=EDGE_CURVE('',#669,#535,#14043,.F.);
#14041=EDGE_CURVE('',#535,#533,#14044,.T.);
#14042=EDGE_CURVE('',#533,#669,#14045,.T.);
#14043=LINE('',#668,#14046);
#14044=LINE('',#534,#14047);
#14045=LINE('',#532,#14048);
#14046=VECTOR('',#14049,1.0);
#14047=VECTOR('',#14050,1.0);
#14048=VECTOR('',#14051,1.0);
#14049=DIRECTION('',(0.9872985235846786,0,0.15887613202590853));
#14050=DIRECTION('',(-1,0,0));
#14051=DIRECTION('',(0.6178232551495321,0,-0.7863170005770168));
#14052=FACE_SURFACE('',(#14057),#14053,.T.);
#14053=PLANE('',#14054);
#14054=AXIS2_PLACEMENT_3D('',#670,#14055,#14056);
#14055=DIRECTION('',(0,-1,0));
#14056=DIRECTION('',(0.9792608601392708,0,-0.20260347430213377));
#14057=FACE_BOUND('',#14058,.T.);
#14058=EDGE_LOOP('',(#14059,#14060,#14061));
#14059=ORIENTED_EDGE('',*,*,#14062,.T.);
#14060=ORIENTED_EDGE('',*,*,#14063,.T.);
#14061=ORIENTED_EDGE('',*,*,#14064,.T.);
#14062=EDGE_CURVE('',#671,#673,#14065,.F.);
#14063=EDGE_CURVE('',#673,#535,#14066,.T.);
#14064=EDGE_CURVE('',#535,#671,#14067,.T.);
#14065=LINE('',#670,#14068);
#14066=LINE('',#672,#14069);
#14067=LINE('',#534,#14070);
#14068=VECTOR('',#14071,1.0);
#14069=VECTOR('',#14072,1.0);
#14070=VECTOR('',#14073,1.0);
#14071=DIRECTION('',(0.9792608601392708,0,-0.20260347430213377));
#14072=DIRECTION('',(-0.6689684912990712,0,0.7432907625209965));
#14073=DIRECTION('',(-0.6178232551495321,0,-0.7863170005770168));
#14074=FACE_SURFACE('',(#14079),#14075,.T.);
#14075=PLANE('',#14076);
#14076=AXIS2_PLACEMENT_3D('',#668,#14077,#14078);
#14077=DIRECTION('',(-0,-1,0));
#14078=DIRECTION('',(-0.6178232551495321,0,0.7863170005770168));
#14079=FACE_BOUND('',#14080,.T.);
#14080=EDGE_LOOP('',(#14081,#14082,#14083));
#14081=ORIENTED_EDGE('',*,*,#14084,.T.);
#14082=ORIENTED_EDGE('',*,*,#14085,.T.);
#14083=ORIENTED_EDGE('',*,*,#14086,.T.);
#14084=EDGE_CURVE('',#669,#533,#14087,.F.);
#14085=EDGE_CURVE('',#533,#675,#14088,.T.);
#14086=EDGE_CURVE('',#675,#669,#14089,.T.);
#14087=LINE('',#668,#14090);
#14088=LINE('',#532,#14091);
#14089=LINE('',#674,#14092);
#14090=VECTOR('',#14093,1.0);
#14091=VECTOR('',#14094,1.0);
#14092=VECTOR('',#14095,1.0);
#14093=DIRECTION('',(-0.6178232551495321,0,0.7863170005770168));
#14094=DIRECTION('',(-0.6689684912990712,0,-0.7432907625209965));
#14095=DIRECTION('',(0.9792608601392708,0,0.20260347430213377));
#14096=FACE_SURFACE('',(#14101),#14097,.T.);
#14097=PLANE('',#14098);
#14098=AXIS2_PLACEMENT_3D('',#668,#14099,#14100);
#14099=DIRECTION('',(0,-1,0));
#14100=DIRECTION('',(1,0,0));
#14101=FACE_BOUND('',#14102,.T.);
#14102=EDGE_LOOP('',(#14103,#14104,#14105));
#14103=ORIENTED_EDGE('',*,*,#14106,.T.);
#14104=ORIENTED_EDGE('',*,*,#14107,.T.);
#14105=ORIENTED_EDGE('',*,*,#14108,.T.);
#14106=EDGE_CURVE('',#669,#671,#14109,.F.);
#14107=EDGE_CURVE('',#671,#535,#14110,.T.);
#14108=EDGE_CURVE('',#535,#669,#14111,.T.);
#14109=LINE('',#668,#14112);
#14110=LINE('',#670,#14113);
#14111=LINE('',#534,#14114);
#14112=VECTOR('',#14115,1.0);
#14113=VECTOR('',#14116,1.0);
#14114=VECTOR('',#14117,1.0);
#14115=DIRECTION('',(1,0,0));
#14116=DIRECTION('',(0.6178232551495321,0,0.7863170005770168));
#14117=DIRECTION('',(-0.9872985235846786,0,-0.15887613202590853));
#14118=FACE_SURFACE('',(#14123),#14119,.T.);
#14119=PLANE('',#14120);
#14120=AXIS2_PLACEMENT_3D('',#676,#14121,#14122);
#14121=DIRECTION('',(-0,-1,0));
#14122=DIRECTION('',(-0.689291710451317,0,0.7244839114177055));
#14123=FACE_BOUND('',#14124,.T.);
#14124=EDGE_LOOP('',(#14125,#14126,#14127));
#14125=ORIENTED_EDGE('',*,*,#14128,.T.);
#14126=ORIENTED_EDGE('',*,*,#14129,.T.);
#14127=ORIENTED_EDGE('',*,*,#14130,.T.);
#14128=EDGE_CURVE('',#677,#679,#14131,.F.);
#14129=EDGE_CURVE('',#679,#681,#14132,.T.);
#14130=EDGE_CURVE('',#681,#677,#14133,.T.);
#14131=LINE('',#676,#14134);
#14132=LINE('',#678,#14135);
#14133=LINE('',#680,#14136);
#14134=VECTOR('',#14137,1.0);
#14135=VECTOR('',#14138,1.0);
#14136=VECTOR('',#14139,1.0);
#14137=DIRECTION('',(-0.689291710451317,0,0.7244839114177055));
#14138=DIRECTION('',(0.668586446373563,0,-0.7436344288194104));
#14139=DIRECTION('',(0.1672837989972086,0,0.9859087841139571));
#14140=FACE_SURFACE('',(#14145),#14141,.T.);
#14141=PLANE('',#14142);
#14142=AXIS2_PLACEMENT_3D('',#682,#14143,#14144);
#14143=DIRECTION('',(0,-1,0));
#14144=DIRECTION('',(0.40935544836086,0,0.9123749869967278));
#14145=FACE_BOUND('',#14146,.T.);
#14146=EDGE_LOOP('',(#14147,#14148,#14149));
#14147=ORIENTED_EDGE('',*,*,#14150,.T.);
#14148=ORIENTED_EDGE('',*,*,#14151,.T.);
#14149=ORIENTED_EDGE('',*,*,#14152,.T.);
#14150=EDGE_CURVE('',#683,#681,#14153,.F.);
#14151=EDGE_CURVE('',#681,#679,#14154,.T.);
#14152=EDGE_CURVE('',#679,#683,#14155,.T.);
#14153=LINE('',#682,#14156);
#14154=LINE('',#680,#14157);
#14155=LINE('',#678,#14158);
#14156=VECTOR('',#14159,1.0);
#14157=VECTOR('',#14160,1.0);
#14158=VECTOR('',#14161,1.0);
#14159=DIRECTION('',(0.40935544836086,0,0.9123749869967278));
#14160=DIRECTION('',(-0.668586446373563,0,0.7436344288194104));
#14161=DIRECTION('',(0.6480566751404091,0,-0.7615921124893287));
#14162=FACE_SURFACE('',(#14167),#14163,.T.);
#14163=PLANE('',#14164);
#14164=AXIS2_PLACEMENT_3D('',#684,#14165,#14166);
#14165=DIRECTION('',(0,-1,0));
#14166=DIRECTION('',(0.7635267856970354,0,0.6457761589925364));
#14167=FACE_BOUND('',#14168,.T.);
#14168=EDGE_LOOP('',(#14169,#14170,#14171));
#14169=ORIENTED_EDGE('',*,*,#14172,.T.);
#14170=ORIENTED_EDGE('',*,*,#14173,.T.);
#14171=ORIENTED_EDGE('',*,*,#14174,.T.);
#14172=EDGE_CURVE('',#685,#683,#14175,.F.);
#14173=EDGE_CURVE('',#683,#679,#14176,.T.);
#14174=EDGE_CURVE('',#679,#685,#14177,.T.);
#14175=LINE('',#684,#14178);
#14176=LINE('',#682,#14179);
#14177=LINE('',#678,#14180);
#14178=VECTOR('',#14181,1.0);
#14179=VECTOR('',#14182,1.0);
#14180=VECTOR('',#14183,1.0);
#14181=DIRECTION('',(0.7635267856970354,0,0.6457761589925364));
#14182=DIRECTION('',(-0.6480566751404091,0,0.7615921124893287));
#14183=DIRECTION('',(0.5983162402829886,0,-0.8012600555460314));
#14184=FACE_SURFACE('',(#14189),#14185,.T.);
#14185=PLANE('',#14186);
#14186=AXIS2_PLACEMENT_3D('',#686,#14187,#14188);
#14187=DIRECTION('',(0,-1,0));
#14188=DIRECTION('',(0.9703670712243095,0,0.24163556667749866));
#14189=FACE_BOUND('',#14190,.T.);
#14190=EDGE_LOOP('',(#14191,#14192,#14193));
#14191=ORIENTED_EDGE('',*,*,#14194,.T.);
#14192=ORIENTED_EDGE('',*,*,#14195,.T.);
#14193=ORIENTED_EDGE('',*,*,#14196,.T.);
#14194=EDGE_CURVE('',#687,#685,#14197,.F.);
#14195=EDGE_CURVE('',#685,#679,#14198,.T.);
#14196=EDGE_CURVE('',#679,#687,#14199,.T.);
#14197=LINE('',#686,#14200);
#14198=LINE('',#684,#14201);
#14199=LINE('',#678,#14202);
#14200=VECTOR('',#14203,1.0);
#14201=VECTOR('',#14204,1.0);
#14202=VECTOR('',#14205,1.0);
#14203=DIRECTION('',(0.9703670712243095,0,0.24163556667749866));
#14204=DIRECTION('',(-0.5983162402829886,0,0.8012600555460314));
#14205=DIRECTION('',(0.5606035316320778,0,-0.8280843437245037));
#14206=FACE_SURFACE('',(#14211),#14207,.T.);
#14207=PLANE('',#14208);
#14208=AXIS2_PLACEMENT_3D('',#688,#14209,#14210);
#14209=DIRECTION('',(0,-1,0));
#14210=DIRECTION('',(0.6301110052398515,0,0.776505068287145));
#14211=FACE_BOUND('',#14212,.T.);
#14212=EDGE_LOOP('',(#14213,#14214,#14215));
#14213=ORIENTED_EDGE('',*,*,#14216,.T.);
#14214=ORIENTED_EDGE('',*,*,#14217,.T.);
#14215=ORIENTED_EDGE('',*,*,#14218,.T.);
#14216=EDGE_CURVE('',#689,#691,#14219,.F.);
#14217=EDGE_CURVE('',#691,#693,#14220,.T.);
#14218=EDGE_CURVE('',#693,#689,#14221,.T.);
#14219=LINE('',#688,#14222);
#14220=LINE('',#690,#14223);
#14221=LINE('',#692,#14224);
#14222=VECTOR('',#14225,1.0);
#14223=VECTOR('',#14226,1.0);
#14224=VECTOR('',#14227,1.0);
#14225=DIRECTION('',(0.6301110052398515,0,0.776505068287145));
#14226=DIRECTION('',(-0.7185192496405376,0,-0.6955070724989063));
#14227=DIRECTION('',(0.8440434151312282,0,-0.536274848723687));
#14228=FACE_SURFACE('',(#14233),#14229,.T.);
#14229=PLANE('',#14230);
#14230=AXIS2_PLACEMENT_3D('',#676,#14231,#14232);
#14231=DIRECTION('',(0,-1,0));
#14232=DIRECTION('',(-0.349752827216563,0,0.9368420143514171));
#14233=FACE_BOUND('',#14234,.T.);
#14234=EDGE_LOOP('',(#14235,#14236,#14237));
#14235=ORIENTED_EDGE('',*,*,#14238,.T.);
#14236=ORIENTED_EDGE('',*,*,#14239,.T.);
#14237=ORIENTED_EDGE('',*,*,#14240,.T.);
#14238=EDGE_CURVE('',#677,#695,#14241,.F.);
#14239=EDGE_CURVE('',#695,#697,#14242,.T.);
#14240=EDGE_CURVE('',#697,#677,#14243,.T.);
#14241=LINE('',#676,#14244);
#14242=LINE('',#694,#14245);
#14243=LINE('',#696,#14246);
#14244=VECTOR('',#14247,1.0);
#14245=VECTOR('',#14248,1.0);
#14246=VECTOR('',#14249,1.0);
#14247=DIRECTION('',(-0.349752827216563,0,0.9368420143514171));
#14248=DIRECTION('',(0,0,-1));
#14249=DIRECTION('',(0.6246933869073363,0,-0.7808701379578047));
#14250=FACE_SURFACE('',(#14255),#14251,.T.);
#14251=PLANE('',#14252);
#14252=AXIS2_PLACEMENT_3D('',#676,#14253,#14254);
#14253=DIRECTION('',(0,-1,0));
#14254=DIRECTION('',(0,0,1));
#14255=FACE_BOUND('',#14256,.T.);
#14256=EDGE_LOOP('',(#14257,#14258,#14259));
#14257=ORIENTED_EDGE('',*,*,#14260,.T.);
#14258=ORIENTED_EDGE('',*,*,#14261,.T.);
#14259=ORIENTED_EDGE('',*,*,#14262,.T.);
#14260=EDGE_CURVE('',#677,#671,#14263,.F.);
#14261=EDGE_CURVE('',#671,#695,#14264,.T.);
#14262=EDGE_CURVE('',#695,#677,#14265,.T.);
#14263=LINE('',#676,#14266);
#14264=LINE('',#670,#14267);
#14265=LINE('',#694,#14268);
#14266=VECTOR('',#14269,1.0);
#14267=VECTOR('',#14270,1.0);
#14268=VECTOR('',#14271,1.0);
#14269=DIRECTION('',(0,0,1));
#14270=DIRECTION('',(-0.3905484804184516,0,-0.92058236157491));
#14271=DIRECTION('',(0.349752827216563,0,-0.9368420143514171));
#14272=FACE_SURFACE('',(#14277),#14273,.T.);
#14273=PLANE('',#14274);
#14274=AXIS2_PLACEMENT_3D('',#670,#14275,#14276);
#14275=DIRECTION('',(0,-1,0));
#14276=DIRECTION('',(-0.41119737264344136,0,-0.9115463349337383));
#14277=FACE_BOUND('',#14278,.T.);
#14278=EDGE_LOOP('',(#14279,#14280,#14281));
#14279=ORIENTED_EDGE('',*,*,#14282,.T.);
#14280=ORIENTED_EDGE('',*,*,#14283,.T.);
#14281=ORIENTED_EDGE('',*,*,#14284,.T.);
#14282=EDGE_CURVE('',#671,#699,#14285,.F.);
#14283=EDGE_CURVE('',#699,#695,#14286,.T.);
#14284=EDGE_CURVE('',#695,#671,#14287,.T.);
#14285=LINE('',#670,#14288);
#14286=LINE('',#698,#14289);
#14287=LINE('',#694,#14290);
#14288=VECTOR('',#14291,1.0);
#14289=VECTOR('',#14292,1.0);
#14290=VECTOR('',#14293,1.0);
#14291=DIRECTION('',(-0.41119737264344136,0,-0.9115463349337383));
#14292=DIRECTION('',(0.16452660067424194,0,-0.986372646452941));
#14293=DIRECTION('',(0.3905484804184516,0,0.92058236157491));
#14294=FACE_SURFACE('',(#14299),#14295,.T.);
#14295=PLANE('',#14296);
#14296=AXIS2_PLACEMENT_3D('',#670,#14297,#14298);
#14297=DIRECTION('',(0,-1,0));
#14298=DIRECTION('',(-0.4746974737448093,0,-0.8801490262565176));
#14299=FACE_BOUND('',#14300,.T.);
#14300=EDGE_LOOP('',(#14301,#14302,#14303));
#14301=ORIENTED_EDGE('',*,*,#14304,.T.);
#14302=ORIENTED_EDGE('',*,*,#14305,.T.);
#14303=ORIENTED_EDGE('',*,*,#14306,.T.);
#14304=EDGE_CURVE('',#671,#701,#14307,.F.);
#14305=EDGE_CURVE('',#701,#699,#14308,.T.);
#14306=EDGE_CURVE('',#699,#671,#14309,.T.);
#14307=LINE('',#670,#14310);
#14308=LINE('',#700,#14311);
#14309=LINE('',#698,#14312);
#14310=VECTOR('',#14313,1.0);
#14311=VECTOR('',#14314,1.0);
#14312=VECTOR('',#14315,1.0);
#14313=DIRECTION('',(-0.4746974737448093,0,-0.8801490262565176));
#14314=DIRECTION('',(0.5622424103990344,0,-0.8269724735132866));
#14315=DIRECTION('',(0.41119737264344136,0,0.9115463349337383));
#14316=FACE_SURFACE('',(#14321),#14317,.T.);
#14317=PLANE('',#14318);
#14318=AXIS2_PLACEMENT_3D('',#670,#14319,#14320);
#14319=DIRECTION('',(0,-1,0));
#14320=DIRECTION('',(-0.5374636475608048,0,-0.8432869188779316));
#14321=FACE_BOUND('',#14322,.T.);
#14322=EDGE_LOOP('',(#14323,#14324,#14325));
#14323=ORIENTED_EDGE('',*,*,#14326,.T.);
#14324=ORIENTED_EDGE('',*,*,#14327,.T.);
#14325=ORIENTED_EDGE('',*,*,#14328,.T.);
#14326=EDGE_CURVE('',#671,#703,#14329,.F.);
#14327=EDGE_CURVE('',#703,#701,#14330,.T.);
#14328=EDGE_CURVE('',#701,#671,#14331,.T.);
#14329=LINE('',#670,#14332);
#14330=LINE('',#702,#14333);
#14331=LINE('',#700,#14334);
#14332=VECTOR('',#14335,1.0);
#14333=VECTOR('',#14336,1.0);
#14334=VECTOR('',#14337,1.0);
#14335=DIRECTION('',(-0.5374636475608048,0,-0.8432869188779316));
#14336=DIRECTION('',(0.8833946904158387,0,-0.46862972691145455));
#14337=DIRECTION('',(0.4746974737448093,0,0.8801490262565176));
#14338=FACE_SURFACE('',(#14343),#14339,.T.);
#14339=PLANE('',#14340);
#14340=AXIS2_PLACEMENT_3D('',#670,#14341,#14342);
#14341=DIRECTION('',(0,-1,0));
#14342=DIRECTION('',(-0.5673760038157101,0,-0.8234588455375991));
#14343=FACE_BOUND('',#14344,.T.);
#14344=EDGE_LOOP('',(#14345,#14346,#14347));
#14345=ORIENTED_EDGE('',*,*,#14348,.T.);
#14346=ORIENTED_EDGE('',*,*,#14349,.T.);
#14347=ORIENTED_EDGE('',*,*,#14350,.T.);
#14348=EDGE_CURVE('',#671,#705,#14351,.F.);
#14349=EDGE_CURVE('',#705,#703,#14352,.T.);
#14350=EDGE_CURVE('',#703,#671,#14353,.T.);
#14351=LINE('',#670,#14354);
#14352=LINE('',#704,#14355);
#14353=LINE('',#702,#14356);
#14354=VECTOR('',#14357,1.0);
#14355=VECTOR('',#14358,1.0);
#14356=VECTOR('',#14359,1.0);
#14357=DIRECTION('',(-0.5673760038157101,0,-0.8234588455375991));
#14358=DIRECTION('',(0.9960519055538647,0,-0.08877275168943982));
#14359=DIRECTION('',(0.5374636475608048,0,0.8432869188779316));
#14360=FACE_SURFACE('',(#14365),#14361,.T.);
#14361=PLANE('',#14362);
#14362=AXIS2_PLACEMENT_3D('',#670,#14363,#14364);
#14363=DIRECTION('',(-0,-1,0));
#14364=DIRECTION('',(-1,0,0));
#14365=FACE_BOUND('',#14366,.T.);
#14366=EDGE_LOOP('',(#14367,#14368,#14369));
#14367=ORIENTED_EDGE('',*,*,#14370,.T.);
#14368=ORIENTED_EDGE('',*,*,#14371,.T.);
#14369=ORIENTED_EDGE('',*,*,#14372,.T.);
#14370=EDGE_CURVE('',#671,#669,#14373,.F.);
#14371=EDGE_CURVE('',#669,#705,#14374,.T.);
#14372=EDGE_CURVE('',#705,#671,#14375,.T.);
#14373=LINE('',#670,#14376);
#14374=LINE('',#668,#14377);
#14375=LINE('',#704,#14378);
#14376=VECTOR('',#14379,1.0);
#14377=VECTOR('',#14380,1.0);
#14378=VECTOR('',#14381,1.0);
#14379=DIRECTION('',(-1,0,0));
#14380=DIRECTION('',(0.5549453138107073,0,-0.8318868304520366));
#14381=DIRECTION('',(0.5673760038157101,0,0.8234588455375991));
#14382=FACE_SURFACE('',(#14387),#14383,.T.);
#14383=PLANE('',#14384);
#14384=AXIS2_PLACEMENT_3D('',#668,#14385,#14386);
#14385=DIRECTION('',(0,-1,0));
#14386=DIRECTION('',(0.5136867988725066,0,-0.8579777809851005));
#14387=FACE_BOUND('',#14388,.T.);
#14388=EDGE_LOOP('',(#14389,#14390,#14391));
#14389=ORIENTED_EDGE('',*,*,#14392,.T.);
#14390=ORIENTED_EDGE('',*,*,#14393,.T.);
#14391=ORIENTED_EDGE('',*,*,#14394,.T.);
#14392=EDGE_CURVE('',#669,#707,#14395,.F.);
#14393=EDGE_CURVE('',#707,#705,#14396,.T.);
#14394=EDGE_CURVE('',#705,#669,#14397,.T.);
#14395=LINE('',#668,#14398);
#14396=LINE('',#706,#14399);
#14397=LINE('',#704,#14400);
#14398=VECTOR('',#14401,1.0);
#14399=VECTOR('',#14402,1.0);
#14400=VECTOR('',#14403,1.0);
#14401=DIRECTION('',(0.5136867988725066,0,-0.8579777809851005));
#14402=DIRECTION('',(0.9694747136418361,0,0.2451913122626487));
#14403=DIRECTION('',(-0.5549453138107073,0,0.8318868304520366));
#14404=FACE_SURFACE('',(#14409),#14405,.T.);
#14405=PLANE('',#14406);
#14406=AXIS2_PLACEMENT_3D('',#708,#14407,#14408);
#14407=DIRECTION('',(0,-1,0));
#14408=DIRECTION('',(0.833230236832286,0,0.5529261907600439));
#14409=FACE_BOUND('',#14410,.T.);
#14410=EDGE_LOOP('',(#14411,#14412,#14413));
#14411=ORIENTED_EDGE('',*,*,#14414,.T.);
#14412=ORIENTED_EDGE('',*,*,#14415,.T.);
#14413=ORIENTED_EDGE('',*,*,#14416,.T.);
#14414=EDGE_CURVE('',#709,#707,#14417,.F.);
#14415=EDGE_CURVE('',#707,#669,#14418,.T.);
#14416=EDGE_CURVE('',#669,#709,#14419,.T.);
#14417=LINE('',#708,#14420);
#14418=LINE('',#706,#14421);
#14419=LINE('',#668,#14422);
#14420=VECTOR('',#14423,1.0);
#14421=VECTOR('',#14424,1.0);
#14422=VECTOR('',#14425,1.0);
#14423=DIRECTION('',(0.833230236832286,0,0.5529261907600439));
#14424=DIRECTION('',(-0.5136867988725066,0,0.8579777809851005));
#14425=DIRECTION('',(0.46690994532695834,0,-0.8843048699146561));
#14426=FACE_SURFACE('',(#14431),#14427,.T.);
#14427=PLANE('',#14428);
#14428=AXIS2_PLACEMENT_3D('',#710,#14429,#14430);
#14429=DIRECTION('',(0,-1,0));
#14430=DIRECTION('',(0.5981087967959466,0,0.8014149157554437));
#14431=FACE_BOUND('',#14432,.T.);
#14432=EDGE_LOOP('',(#14433,#14434,#14435));
#14433=ORIENTED_EDGE('',*,*,#14436,.T.);
#14434=ORIENTED_EDGE('',*,*,#14437,.T.);
#14435=ORIENTED_EDGE('',*,*,#14438,.T.);
#14436=EDGE_CURVE('',#711,#709,#14439,.F.);
#14437=EDGE_CURVE('',#709,#669,#14440,.T.);
#14438=EDGE_CURVE('',#669,#711,#14441,.T.);
#14439=LINE('',#710,#14442);
#14440=LINE('',#708,#14443);
#14441=LINE('',#668,#14444);
#14442=VECTOR('',#14445,1.0);
#14443=VECTOR('',#14446,1.0);
#14444=VECTOR('',#14447,1.0);
#14445=DIRECTION('',(0.5981087967959466,0,0.8014149157554437));
#14446=DIRECTION('',(-0.46690994532695834,0,0.8843048699146561));
#14447=DIRECTION('',(0.42703417968513246,0,-0.9042354833673837));
#14448=FACE_SURFACE('',(#14453),#14449,.T.);
#14449=PLANE('',#14450);
#14450=AXIS2_PLACEMENT_3D('',#668,#14451,#14452);
#14451=DIRECTION('',(0,-1,0));
#14452=DIRECTION('',(0.3905484804184516,0,-0.92058236157491));
#14453=FACE_BOUND('',#14454,.T.);
#14454=EDGE_LOOP('',(#14455,#14456,#14457));
#14455=ORIENTED_EDGE('',*,*,#14458,.T.);
#14456=ORIENTED_EDGE('',*,*,#14459,.T.);
#14457=ORIENTED_EDGE('',*,*,#14460,.T.);
#14458=EDGE_CURVE('',#669,#713,#14461,.F.);
#14459=EDGE_CURVE('',#713,#711,#14462,.T.);
#14460=EDGE_CURVE('',#711,#669,#14463,.T.);
#14461=LINE('',#668,#14464);
#14462=LINE('',#712,#14465);
#14463=LINE('',#710,#14466);
#14464=VECTOR('',#14467,1.0);
#14465=VECTOR('',#14468,1.0);
#14466=VECTOR('',#14469,1.0);
#14467=DIRECTION('',(0.3905484804184516,0,-0.92058236157491));
#14468=DIRECTION('',(0.23381964096843902,0,0.9722799882222148));
#14469=DIRECTION('',(-0.42703417968513246,0,0.9042354833673837));
#14470=FACE_SURFACE('',(#14475),#14471,.T.);
#14471=PLANE('',#14472);
#14472=AXIS2_PLACEMENT_3D('',#668,#14473,#14474);
#14473=DIRECTION('',(0,-1,0));
#14474=DIRECTION('',(0,0,-1));
#14475=FACE_BOUND('',#14476,.T.);
#14476=EDGE_LOOP('',(#14477,#14478,#14479));
#14477=ORIENTED_EDGE('',*,*,#14480,.T.);
#14478=ORIENTED_EDGE('',*,*,#14481,.T.);
#14479=ORIENTED_EDGE('',*,*,#14482,.T.);
#14480=EDGE_CURVE('',#669,#715,#14483,.F.);
#14481=EDGE_CURVE('',#715,#713,#14484,.T.);
#14482=EDGE_CURVE('',#713,#669,#14485,.T.);
#14483=LINE('',#668,#14486);
#14484=LINE('',#714,#14487);
#14485=LINE('',#712,#14488);
#14486=VECTOR('',#14489,1.0);
#14487=VECTOR('',#14490,1.0);
#14488=VECTOR('',#14491,1.0);
#14489=DIRECTION('',(0,0,-1));
#14490=DIRECTION('',(0.349752827216563,0,0.9368420143514171));
#14491=DIRECTION('',(-0.3905484804184516,0,0.92058236157491));
#14492=FACE_SURFACE('',(#14497),#14493,.T.);
#14493=PLANE('',#14494);
#14494=AXIS2_PLACEMENT_3D('',#714,#14495,#14496);
#14495=DIRECTION('',(0,-1,0));
#14496=DIRECTION('',(0.6246933869073363,0,0.7808701379578047));
#14497=FACE_BOUND('',#14498,.T.);
#14498=EDGE_LOOP('',(#14499,#14500,#14501));
#14499=ORIENTED_EDGE('',*,*,#14502,.T.);
#14500=ORIENTED_EDGE('',*,*,#14503,.T.);
#14501=ORIENTED_EDGE('',*,*,#14504,.T.);
#14502=EDGE_CURVE('',#715,#717,#14505,.F.);
#14503=EDGE_CURVE('',#717,#713,#14506,.T.);
#14504=EDGE_CURVE('',#713,#715,#14507,.T.);
#14505=LINE('',#714,#14508);
#14506=LINE('',#716,#14509);
#14507=LINE('',#712,#14510);
#14508=VECTOR('',#14511,1.0);
#14509=VECTOR('',#14512,1.0);
#14510=VECTOR('',#14513,1.0);
#14511=DIRECTION('',(0.6246933869073363,0,0.7808701379578047));
#14512=DIRECTION('',(0,0,1));
#14513=DIRECTION('',(-0.349752827216563,0,-0.9368420143514171));
#14514=FACE_SURFACE('',(#14519),#14515,.T.);
#14515=PLANE('',#14516);
#14516=AXIS2_PLACEMENT_3D('',#718,#14517,#14518);
#14517=DIRECTION('',(-0,-1,0));
#14518=DIRECTION('',(-0.8532595072792053,0,0.521486541760809));
#14519=FACE_BOUND('',#14520,.T.);
#14520=EDGE_LOOP('',(#14521,#14522,#14523));
#14521=ORIENTED_EDGE('',*,*,#14524,.T.);
#14522=ORIENTED_EDGE('',*,*,#14525,.T.);
#14523=ORIENTED_EDGE('',*,*,#14526,.T.);
#14524=EDGE_CURVE('',#719,#691,#14527,.F.);
#14525=EDGE_CURVE('',#691,#689,#14528,.T.);
#14526=EDGE_CURVE('',#689,#719,#14529,.T.);
#14527=LINE('',#718,#14530);
#14528=LINE('',#690,#14531);
#14529=LINE('',#688,#14532);
#14530=VECTOR('',#14533,1.0);
#14531=VECTOR('',#14534,1.0);
#14532=VECTOR('',#14535,1.0);
#14533=DIRECTION('',(-0.8532595072792053,0,0.521486541760809));
#14534=DIRECTION('',(-0.6301110052398515,0,-0.776505068287145));
#14535=DIRECTION('',(0.6865741538035223,0,0.727059785250826));
#14536=FACE_SURFACE('',(#14541),#14537,.T.);
#14537=PLANE('',#14538);
#14538=AXIS2_PLACEMENT_3D('',#716,#14539,#14540);
#14539=DIRECTION('',(0,-1,-0));
#14540=DIRECTION('',(-0.6246933869073363,0,-0.7808701379578047));
#14541=FACE_BOUND('',#14542,.T.);
#14542=EDGE_LOOP('',(#14543,#14544,#14545));
#14543=ORIENTED_EDGE('',*,*,#14546,.T.);
#14544=ORIENTED_EDGE('',*,*,#14547,.T.);
#14545=ORIENTED_EDGE('',*,*,#14548,.T.);
#14546=EDGE_CURVE('',#717,#715,#14549,.F.);
#14547=EDGE_CURVE('',#715,#721,#14550,.T.);
#14548=EDGE_CURVE('',#721,#717,#14551,.T.);
#14549=LINE('',#716,#14552);
#14550=LINE('',#714,#14553);
#14551=LINE('',#720,#14554);
#14552=VECTOR('',#14555,1.0);
#14553=VECTOR('',#14556,1.0);
#14554=VECTOR('',#14557,1.0);
#14555=DIRECTION('',(-0.6246933869073363,0,-0.7808701379578047));
#14556=DIRECTION('',(0.6893038238248814,0,0.7244723862649264));
#14557=DIRECTION('',(-0.23392303346130502,0,0.9722551179686643));
#14558=FACE_SURFACE('',(#14563),#14559,.T.);
#14559=PLANE('',#14560);
#14560=AXIS2_PLACEMENT_3D('',#692,#14561,#14562);
#14561=DIRECTION('',(0,-1,0));
#14562=DIRECTION('',(0.7185192496405376,0,0.6955070724989063));
#14563=FACE_BOUND('',#14564,.T.);
#14564=EDGE_LOOP('',(#14565,#14566,#14567));
#14565=ORIENTED_EDGE('',*,*,#14568,.T.);
#14566=ORIENTED_EDGE('',*,*,#14569,.T.);
#14567=ORIENTED_EDGE('',*,*,#14570,.T.);
#14568=EDGE_CURVE('',#693,#691,#14571,.F.);
#14569=EDGE_CURVE('',#691,#715,#14572,.T.);
#14570=EDGE_CURVE('',#715,#693,#14573,.T.);
#14571=LINE('',#692,#14574);
#14572=LINE('',#690,#14575);
#14573=LINE('',#714,#14576);
#14574=VECTOR('',#14577,1.0);
#14575=VECTOR('',#14578,1.0);
#14576=VECTOR('',#14579,1.0);
#14577=DIRECTION('',(0.7185192496405376,0,0.6955070724989063));
#14578=DIRECTION('',(-0.7519390998237858,0,-0.6592325766800324));
#14579=DIRECTION('',(0.2789340059168776,0,-0.9603102729551337));
#14580=FACE_SURFACE('',(#14585),#14581,.T.);
#14581=PLANE('',#14582);
#14582=AXIS2_PLACEMENT_3D('',#720,#14583,#14584);
#14583=DIRECTION('',(0,-1,-0));
#14584=DIRECTION('',(-0.6893038238248814,0,-0.7244723862649264));
#14585=FACE_BOUND('',#14586,.T.);
#14586=EDGE_LOOP('',(#14587,#14588,#14589));
#14587=ORIENTED_EDGE('',*,*,#14590,.T.);
#14588=ORIENTED_EDGE('',*,*,#14591,.T.);
#14589=ORIENTED_EDGE('',*,*,#14592,.T.);
#14590=EDGE_CURVE('',#721,#715,#14593,.F.);
#14591=EDGE_CURVE('',#715,#691,#14594,.T.);
#14592=EDGE_CURVE('',#691,#721,#14595,.T.);
#14593=LINE('',#720,#14596);
#14594=LINE('',#714,#14597);
#14595=LINE('',#690,#14598);
#14596=VECTOR('',#14599,1.0);
#14597=VECTOR('',#14600,1.0);
#14598=VECTOR('',#14601,1.0);
#14599=DIRECTION('',(-0.6893038238248814,0,-0.7244723862649264));
#14600=DIRECTION('',(0.7519390998237858,0,0.6592325766800324));
#14601=DIRECTION('',(-0.6065895950822113,0,0.7950151339050087));
#14602=FACE_SURFACE('',(#14607),#14603,.T.);
#14603=PLANE('',#14604);
#14604=AXIS2_PLACEMENT_3D('',#688,#14605,#14606);
#14605=DIRECTION('',(0,-1,0));
#14606=DIRECTION('',(0.7509260319804585,0,0.6603863221585404));
#14607=FACE_BOUND('',#14608,.T.);
#14608=EDGE_LOOP('',(#14609,#14610,#14611));
#14609=ORIENTED_EDGE('',*,*,#14612,.T.);
#14610=ORIENTED_EDGE('',*,*,#14613,.T.);
#14611=ORIENTED_EDGE('',*,*,#14614,.T.);
#14612=EDGE_CURVE('',#689,#723,#14615,.F.);
#14613=EDGE_CURVE('',#723,#719,#14616,.T.);
#14614=EDGE_CURVE('',#719,#689,#14617,.T.);
#14615=LINE('',#688,#14618);
#14616=LINE('',#722,#14619);
#14617=LINE('',#718,#14620);
#14618=VECTOR('',#14621,1.0);
#14619=VECTOR('',#14622,1.0);
#14620=VECTOR('',#14623,1.0);
#14621=DIRECTION('',(0.7509260319804585,0,0.6603863221585404));
#14622=DIRECTION('',(-0.9895453064968187,0,0.14422235052209229));
#14623=DIRECTION('',(-0.6865741538035223,0,-0.727059785250826));
#14624=FACE_SURFACE('',(#14629),#14625,.T.);
#14625=PLANE('',#14626);
#14626=AXIS2_PLACEMENT_3D('',#688,#14627,#14628);
#14627=DIRECTION('',(0,-1,0));
#14628=DIRECTION('',(1,0,0));
#14629=FACE_BOUND('',#14630,.T.);
#14630=EDGE_LOOP('',(#14631,#14632,#14633));
#14631=ORIENTED_EDGE('',*,*,#14634,.T.);
#14632=ORIENTED_EDGE('',*,*,#14635,.T.);
#14633=ORIENTED_EDGE('',*,*,#14636,.T.);
#14634=EDGE_CURVE('',#689,#687,#14637,.F.);
#14635=EDGE_CURVE('',#687,#723,#14638,.T.);
#14636=EDGE_CURVE('',#723,#689,#14639,.T.);
#14637=LINE('',#688,#14640);
#14638=LINE('',#686,#14641);
#14639=LINE('',#722,#14642);
#14640=VECTOR('',#14643,1.0);
#14641=VECTOR('',#14644,1.0);
#14642=VECTOR('',#14645,1.0);
#14643=DIRECTION('',(1,0,0));
#14644=DIRECTION('',(-0.7259751744639827,0,0.6877209070996677));
#14645=DIRECTION('',(-0.7509260319804585,0,-0.6603863221585404));
#14646=FACE_SURFACE('',(#14651),#14647,.T.);
#14647=PLANE('',#14648);
#14648=AXIS2_PLACEMENT_3D('',#686,#14649,#14650);
#14649=DIRECTION('',(0,-1,0));
#14650=DIRECTION('',(-0.6711340381354498,0,0.7413360256024284));
#14651=FACE_BOUND('',#14652,.T.);
#14652=EDGE_LOOP('',(#14653,#14654,#14655));
#14653=ORIENTED_EDGE('',*,*,#14656,.T.);
#14654=ORIENTED_EDGE('',*,*,#14657,.T.);
#14655=ORIENTED_EDGE('',*,*,#14658,.T.);
#14656=EDGE_CURVE('',#687,#725,#14659,.F.);
#14657=EDGE_CURVE('',#725,#723,#14660,.T.);
#14658=EDGE_CURVE('',#723,#687,#14661,.T.);
#14659=LINE('',#686,#14662);
#14660=LINE('',#724,#14663);
#14661=LINE('',#722,#14664);
#14662=VECTOR('',#14665,1.0);
#14663=VECTOR('',#14666,1.0);
#14664=VECTOR('',#14667,1.0);
#14665=DIRECTION('',(-0.6711340381354498,0,0.7413360256024284));
#14666=DIRECTION('',(-0.9465635217324244,0,-0.32251744034316987));
#14667=DIRECTION('',(0.7259751744639827,0,-0.6877209070996677));
#14668=FACE_SURFACE('',(#14673),#14669,.T.);
#14669=PLANE('',#14670);
#14670=AXIS2_PLACEMENT_3D('',#724,#14671,#14672);
#14671=DIRECTION('',(0,-1,0));
#14672=DIRECTION('',(0.6711340381354498,0,-0.7413360256024284));
#14673=FACE_BOUND('',#14674,.T.);
#14674=EDGE_LOOP('',(#14675,#14676,#14677));
#14675=ORIENTED_EDGE('',*,*,#14678,.T.);
#14676=ORIENTED_EDGE('',*,*,#14679,.T.);
#14677=ORIENTED_EDGE('',*,*,#14680,.T.);
#14678=EDGE_CURVE('',#725,#687,#14681,.F.);
#14679=EDGE_CURVE('',#687,#679,#14682,.T.);
#14680=EDGE_CURVE('',#679,#725,#14683,.T.);
#14681=LINE('',#724,#14684);
#14682=LINE('',#686,#14685);
#14683=LINE('',#678,#14686);
#14684=VECTOR('',#14687,1.0);
#14685=VECTOR('',#14688,1.0);
#14686=VECTOR('',#14689,1.0);
#14687=DIRECTION('',(0.6711340381354498,0,-0.7413360256024284));
#14688=DIRECTION('',(-0.5606035316320778,0,0.8280843437245037));
#14689=DIRECTION('',(-0.7046781571615037,0,-0.7095270923787667));
#14690=FACE_SURFACE('',(#14695),#14691,.T.);
#14691=PLANE('',#14692);
#14692=AXIS2_PLACEMENT_3D('',#696,#14693,#14694);
#14693=DIRECTION('',(0,-1,-0));
#14694=DIRECTION('',(-0.23381584849632256,0,-0.9722809002505114));
#14695=FACE_BOUND('',#14696,.T.);
#14696=EDGE_LOOP('',(#14697,#14698,#14699));
#14697=ORIENTED_EDGE('',*,*,#14700,.T.);
#14698=ORIENTED_EDGE('',*,*,#14701,.T.);
#14699=ORIENTED_EDGE('',*,*,#14702,.T.);
#14700=EDGE_CURVE('',#697,#679,#14703,.F.);
#14701=EDGE_CURVE('',#679,#677,#14704,.T.);
#14702=EDGE_CURVE('',#677,#697,#14705,.T.);
#14703=LINE('',#696,#14706);
#14704=LINE('',#678,#14707);
#14705=LINE('',#676,#14708);
#14706=VECTOR('',#14709,1.0);
#14707=VECTOR('',#14710,1.0);
#14708=VECTOR('',#14711,1.0);
#14709=DIRECTION('',(-0.23381584849632256,0,-0.9722809002505114));
#14710=DIRECTION('',(0.689291710451317,0,-0.7244839114177055));
#14711=DIRECTION('',(-0.6246933869073363,0,0.7808701379578047));
#14712=FACE_SURFACE('',(#14717),#14713,.T.);
#14713=PLANE('',#14714);
#14714=AXIS2_PLACEMENT_3D('',#548,#14715,#14716);
#14715=DIRECTION('',(0,0.981156009733178,-0.1932171953126013));
#14716=DIRECTION('',(-0.8568092358513992,-0.0996292637449385,-0.5059169330684463));
#14717=FACE_BOUND('',#14718,.T.);
#14718=EDGE_LOOP('',(#14719,#14720,#14721));
#14719=ORIENTED_EDGE('',*,*,#14722,.T.);
#14720=ORIENTED_EDGE('',*,*,#14723,.T.);
#14721=ORIENTED_EDGE('',*,*,#14724,.T.);
#14722=EDGE_CURVE('',#549,#541,#14725,.F.);
#14723=EDGE_CURVE('',#541,#543,#14726,.T.);
#14724=EDGE_CURVE('',#543,#549,#14727,.T.);
#14725=LINE('',#548,#14728);
#14726=LINE('',#540,#14729);
#14727=LINE('',#542,#14730);
#14728=VECTOR('',#14731,1.0);
#14729=VECTOR('',#14732,1.0);
#14730=VECTOR('',#14733,1.0);
#14731=DIRECTION('',(-0.8568092358513992,-0.0996292637449385,-0.5059169330684463));
#14732=DIRECTION('',(0,0.1932171953126013,0.981156009733178));
#14733=DIRECTION('',(1,0,0));
#14734=FACE_SURFACE('',(#14739),#14735,.T.);
#14735=PLANE('',#14736);
#14736=AXIS2_PLACEMENT_3D('',#548,#14737,#14738);
#14737=DIRECTION('',(0,0.981156009733178,-0.1932171953126013));
#14738=DIRECTION('',(0,-0.1932171953126013,-0.981156009733178));
#14739=FACE_BOUND('',#14740,.T.);
#14740=EDGE_LOOP('',(#14741,#14742,#14743));
#14741=ORIENTED_EDGE('',*,*,#14744,.T.);
#14742=ORIENTED_EDGE('',*,*,#14745,.T.);
#14743=ORIENTED_EDGE('',*,*,#14746,.T.);
#14744=EDGE_CURVE('',#549,#547,#14747,.F.);
#14745=EDGE_CURVE('',#547,#541,#14748,.T.);
#14746=EDGE_CURVE('',#541,#549,#14749,.T.);
#14747=LINE('',#548,#14750);
#14748=LINE('',#546,#14751);
#14749=LINE('',#540,#14752);
#14750=VECTOR('',#14753,1.0);
#14751=VECTOR('',#14754,1.0);
#14752=VECTOR('',#14755,1.0);
#14753=DIRECTION('',(0,-0.1932171953126013,-0.981156009733178));
#14754=DIRECTION('',(-1,0,0));
#14755=DIRECTION('',(0.8568092358513992,0.0996292637449385,0.5059169330684463));
#14756=FACE_SURFACE('',(#14761),#14757,.T.);
#14757=PLANE('',#14758);
#14758=AXIS2_PLACEMENT_3D('',#552,#14759,#14760);
#14759=DIRECTION('',(0,-0.7071065564033913,0.7071070059696324));
#14760=DIRECTION('',(1,0,0));
#14761=FACE_BOUND('',#14762,.T.);
#14762=EDGE_LOOP('',(#14763,#14764,#14765));
#14763=ORIENTED_EDGE('',*,*,#14766,.T.);
#14764=ORIENTED_EDGE('',*,*,#14767,.T.);
#14765=ORIENTED_EDGE('',*,*,#14768,.T.);
#14766=EDGE_CURVE('',#553,#555,#14769,.F.);
#14767=EDGE_CURVE('',#555,#727,#14770,.T.);
#14768=EDGE_CURVE('',#727,#553,#14771,.T.);
#14769=LINE('',#552,#14772);
#14770=LINE('',#554,#14773);
#14771=LINE('',#726,#14774);
#14772=VECTOR('',#14775,1.0);
#14773=VECTOR('',#14776,1.0);
#14774=VECTOR('',#14777,1.0);
#14775=DIRECTION('',(1,0,0));
#14776=DIRECTION('',(-0.5773501468331539,0.5773505139024916,0.5773501468331539));
#14777=DIRECTION('',(-0.9718473362621514,-0.16660250642503668,-0.16660240050208308));
#14778=FACE_SURFACE('',(#14783),#14779,.T.);
#14779=PLANE('',#14780);
#14780=AXIS2_PLACEMENT_3D('',#726,#14781,#14782);
#14781=DIRECTION('',(0,-0.7071065564033912,0.7071070059696324));
#14782=DIRECTION('',(-1,0,0));
#14783=FACE_BOUND('',#14784,.T.);
#14784=EDGE_LOOP('',(#14785,#14786,#14787));
#14785=ORIENTED_EDGE('',*,*,#14788,.T.);
#14786=ORIENTED_EDGE('',*,*,#14789,.T.);
#14787=ORIENTED_EDGE('',*,*,#14790,.T.);
#14788=EDGE_CURVE('',#727,#729,#14791,.F.);
#14789=EDGE_CURVE('',#729,#553,#14792,.T.);
#14790=EDGE_CURVE('',#553,#727,#14793,.T.);
#14791=LINE('',#726,#14794);
#14792=LINE('',#728,#14795);
#14793=LINE('',#552,#14796);
#14794=VECTOR('',#14797,1.0);
#14795=VECTOR('',#14798,1.0);
#14796=VECTOR('',#14799,1.0);
#14797=DIRECTION('',(-1,0,0));
#14798=DIRECTION('',(-0.5773501468331539,-0.5773505139024916,-0.5773501468331539));
#14799=DIRECTION('',(0.9718473362621514,0.16660250642503668,0.16660240050208308));
#14800=FACE_SURFACE('',(#14805),#14801,.T.);
#14801=PLANE('',#14802);
#14802=AXIS2_PLACEMENT_3D('',#556,#14803,#14804);
#14803=DIRECTION('',(-0.7071067811865475,0,0.7071067811865475));
#14804=DIRECTION('',(0,-1,0));
#14805=FACE_BOUND('',#14806,.T.);
#14806=EDGE_LOOP('',(#14807,#14808,#14809));
#14807=ORIENTED_EDGE('',*,*,#14810,.T.);
#14808=ORIENTED_EDGE('',*,*,#14811,.T.);
#14809=ORIENTED_EDGE('',*,*,#14812,.T.);
#14810=EDGE_CURVE('',#557,#553,#14813,.F.);
#14811=EDGE_CURVE('',#553,#729,#14814,.T.);
#14812=EDGE_CURVE('',#729,#557,#14815,.T.);
#14813=LINE('',#556,#14816);
#14814=LINE('',#552,#14817);
#14815=LINE('',#728,#14818);
#14816=VECTOR('',#14819,1.0);
#14817=VECTOR('',#14820,1.0);
#14818=VECTOR('',#14821,1.0);
#14819=DIRECTION('',(0,-1,0));
#14820=DIRECTION('',(0.5773501468331539,0.5773505139024916,0.5773501468331539));
#14821=DIRECTION('',(-0.10743376645080284,0.9883905967037468,-0.10743376645080284));
#14822=FACE_SURFACE('',(#14827),#14823,.T.);
#14823=PLANE('',#14824);
#14824=AXIS2_PLACEMENT_3D('',#728,#14825,#14826);
#14825=DIRECTION('',(-0.7071067811865476,0,0.7071067811865476));
#14826=DIRECTION('',(0,1,0));
#14827=FACE_BOUND('',#14828,.T.);
#14828=EDGE_LOOP('',(#14829,#14830,#14831));
#14829=ORIENTED_EDGE('',*,*,#14832,.T.);
#14830=ORIENTED_EDGE('',*,*,#14833,.T.);
#14831=ORIENTED_EDGE('',*,*,#14834,.T.);
#14832=EDGE_CURVE('',#729,#731,#14835,.F.);
#14833=EDGE_CURVE('',#731,#557,#14836,.T.);
#14834=EDGE_CURVE('',#557,#729,#14837,.T.);
#14835=LINE('',#728,#14838);
#14836=LINE('',#730,#14839);
#14837=LINE('',#556,#14840);
#14838=VECTOR('',#14841,1.0);
#14839=VECTOR('',#14842,1.0);
#14840=VECTOR('',#14843,1.0);
#14841=DIRECTION('',(0,1,0));
#14842=DIRECTION('',(-0.5773502691896257,0.5773502691896257,-0.5773502691896257));
#14843=DIRECTION('',(0.10743376645080284,-0.9883905967037468,0.10743376645080284));
#14844=FACE_SURFACE('',(#14849),#14845,.T.);
#14845=PLANE('',#14846);
#14846=AXIS2_PLACEMENT_3D('',#558,#14847,#14848);
#14847=DIRECTION('',(0,0.7071067811865476,0.7071067811865476));
#14848=DIRECTION('',(-0.9718473534123651,-0.1666024034421197,0.1666024034421197));
#14849=FACE_BOUND('',#14850,.T.);
#14850=EDGE_LOOP('',(#14851,#14852,#14853));
#14851=ORIENTED_EDGE('',*,*,#14854,.T.);
#14852=ORIENTED_EDGE('',*,*,#14855,.T.);
#14853=ORIENTED_EDGE('',*,*,#14856,.T.);
#14854=EDGE_CURVE('',#559,#731,#14857,.F.);
#14855=EDGE_CURVE('',#731,#733,#14858,.T.);
#14856=EDGE_CURVE('',#733,#559,#14859,.T.);
#14857=LINE('',#558,#14860);
#14858=LINE('',#730,#14861);
#14859=LINE('',#732,#14862);
#14860=VECTOR('',#14863,1.0);
#14861=VECTOR('',#14864,1.0);
#14862=VECTOR('',#14865,1.0);
#14863=DIRECTION('',(-0.9718473534123651,-0.1666024034421197,0.1666024034421197));
#14864=DIRECTION('',(1,0,0));
#14865=DIRECTION('',(0.5773502691896257,0.5773502691896257,-0.5773502691896257));
#14866=FACE_SURFACE('',(#14871),#14867,.T.);
#14867=PLANE('',#14868);
#14868=AXIS2_PLACEMENT_3D('',#558,#14869,#14870);
#14869=DIRECTION('',(0,0.7071067811865475,0.7071067811865475));
#14870=DIRECTION('',(-1,0,0));
#14871=FACE_BOUND('',#14872,.T.);
#14872=EDGE_LOOP('',(#14873,#14874,#14875));
#14873=ORIENTED_EDGE('',*,*,#14876,.T.);
#14874=ORIENTED_EDGE('',*,*,#14877,.T.);
#14875=ORIENTED_EDGE('',*,*,#14878,.T.);
#14876=EDGE_CURVE('',#559,#557,#14879,.F.);
#14877=EDGE_CURVE('',#557,#731,#14880,.T.);
#14878=EDGE_CURVE('',#731,#559,#14881,.T.);
#14879=LINE('',#558,#14882);
#14880=LINE('',#556,#14883);
#14881=LINE('',#730,#14884);
#14882=VECTOR('',#14885,1.0);
#14883=VECTOR('',#14886,1.0);
#14884=VECTOR('',#14887,1.0);
#14885=DIRECTION('',(-1,0,0));
#14886=DIRECTION('',(0.5773502691896257,-0.5773502691896257,0.5773502691896257));
#14887=DIRECTION('',(0.9718473534123651,0.1666024034421197,-0.1666024034421197));
#14888=FACE_SURFACE('',(#14893),#14889,.T.);
#14889=PLANE('',#14890);
#14890=AXIS2_PLACEMENT_3D('',#554,#14891,#14892);
#14891=DIRECTION('',(0.7071067811865475,-0,0.7071067811865475));
#14892=DIRECTION('',(0,1,0));
#14893=FACE_BOUND('',#14894,.T.);
#14894=EDGE_LOOP('',(#14895,#14896,#14897));
#14895=ORIENTED_EDGE('',*,*,#14898,.T.);
#14896=ORIENTED_EDGE('',*,*,#14899,.T.);
#14897=ORIENTED_EDGE('',*,*,#14900,.T.);
#14898=EDGE_CURVE('',#555,#559,#14901,.F.);
#14899=EDGE_CURVE('',#559,#733,#14902,.T.);
#14900=EDGE_CURVE('',#733,#555,#14903,.T.);
#14901=LINE('',#554,#14904);
#14902=LINE('',#558,#14905);
#14903=LINE('',#732,#14906);
#14904=VECTOR('',#14907,1.0);
#14905=VECTOR('',#14908,1.0);
#14906=VECTOR('',#14909,1.0);
#14907=DIRECTION('',(0,1,0));
#14908=DIRECTION('',(-0.5773502691896257,-0.5773502691896257,0.5773502691896257));
#14909=DIRECTION('',(0.10743375919778063,-0.9883905982804908,-0.10743375919778063));
#14910=FACE_SURFACE('',(#14915),#14911,.T.);
#14911=PLANE('',#14912);
#14912=AXIS2_PLACEMENT_3D('',#732,#14913,#14914);
#14913=DIRECTION('',(0.7071067811865476,0,0.7071067811865476));
#14914=DIRECTION('',(0,-1,0));
#14915=FACE_BOUND('',#14916,.T.);
#14916=EDGE_LOOP('',(#14917,#14918,#14919));
#14917=ORIENTED_EDGE('',*,*,#14920,.T.);
#14918=ORIENTED_EDGE('',*,*,#14921,.T.);
#14919=ORIENTED_EDGE('',*,*,#14922,.T.);
#14920=EDGE_CURVE('',#733,#727,#14923,.F.);
#14921=EDGE_CURVE('',#727,#555,#14924,.T.);
#14922=EDGE_CURVE('',#555,#733,#14925,.T.);
#14923=LINE('',#732,#14926);
#14924=LINE('',#726,#14927);
#14925=LINE('',#554,#14928);
#14926=VECTOR('',#14929,1.0);
#14927=VECTOR('',#14930,1.0);
#14928=VECTOR('',#14931,1.0);
#14929=DIRECTION('',(0,-1,0));
#14930=DIRECTION('',(0.5773501468331539,-0.5773505139024916,-0.5773501468331539));
#14931=DIRECTION('',(-0.10743375919778063,0.9883905982804908,0.10743375919778063));
#14932=FACE_SURFACE('',(#14937),#14933,.T.);
#14933=PLANE('',#14934);
#14934=AXIS2_PLACEMENT_3D('',#564,#14935,#14936);
#14935=DIRECTION('',(0,-0.981156009733178,-0.1932171953126013));
#14936=DIRECTION('',(0,-0.1932171953126013,0.981156009733178));
#14937=FACE_BOUND('',#14938,.T.);
#14938=EDGE_LOOP('',(#14939,#14940,#14941));
#14939=ORIENTED_EDGE('',*,*,#14942,.T.);
#14940=ORIENTED_EDGE('',*,*,#14943,.T.);
#14941=ORIENTED_EDGE('',*,*,#14944,.T.);
#14942=EDGE_CURVE('',#565,#561,#14945,.F.);
#14943=EDGE_CURVE('',#561,#563,#14946,.T.);
#14944=EDGE_CURVE('',#563,#565,#14947,.T.);
#14945=LINE('',#564,#14948);
#14946=LINE('',#560,#14949);
#14947=LINE('',#562,#14950);
#14948=VECTOR('',#14951,1.0);
#14949=VECTOR('',#14952,1.0);
#14950=VECTOR('',#14953,1.0);
#14951=DIRECTION('',(0,-0.1932171953126013,0.981156009733178));
#14952=DIRECTION('',(-1,0,0));
#14953=DIRECTION('',(0.8568092358513992,0.0996292637449385,-0.5059169330684463));
#14954=FACE_SURFACE('',(#14959),#14955,.T.);
#14955=PLANE('',#14956);
#14956=AXIS2_PLACEMENT_3D('',#562,#14957,#14958);
#14957=DIRECTION('',(0,-0.981156009733178,-0.1932171953126013));
#14958=DIRECTION('',(0,0.1932171953126013,-0.981156009733178));
#14959=FACE_BOUND('',#14960,.T.);
#14960=EDGE_LOOP('',(#14961,#14962,#14963));
#14961=ORIENTED_EDGE('',*,*,#14964,.T.);
#14962=ORIENTED_EDGE('',*,*,#14965,.T.);
#14963=ORIENTED_EDGE('',*,*,#14966,.T.);
#14964=EDGE_CURVE('',#563,#571,#14967,.F.);
#14965=EDGE_CURVE('',#571,#565,#14968,.T.);
#14966=EDGE_CURVE('',#565,#563,#14969,.T.);
#14967=LINE('',#562,#14970);
#14968=LINE('',#570,#14971);
#14969=LINE('',#564,#14972);
#14970=VECTOR('',#14973,1.0);
#14971=VECTOR('',#14974,1.0);
#14972=VECTOR('',#14975,1.0);
#14973=DIRECTION('',(0,0.1932171953126013,-0.981156009733178));
#14974=DIRECTION('',(1,0,0));
#14975=DIRECTION('',(-0.8568092358513992,-0.0996292637449385,0.5059169330684463));
#14976=FACE_SURFACE('',(#14981),#14977,.T.);
#14977=PLANE('',#14978);
#14978=AXIS2_PLACEMENT_3D('',#602,#14979,#14980);
#14979=DIRECTION('',(0.0006012306155096754,-0.8216127606905744,0.5700457086867333));
#14980=DIRECTION('',(-0.9890660102056033,-0.08455453423199719,-0.12082614864663786));
#14981=FACE_BOUND('',#14982,.T.);
#14982=EDGE_LOOP('',(#14983,#14984,#14985));
#14983=ORIENTED_EDGE('',*,*,#14986,.T.);
#14984=ORIENTED_EDGE('',*,*,#14987,.T.);
#14985=ORIENTED_EDGE('',*,*,#14988,.T.);
#14986=EDGE_CURVE('',#603,#735,#14989,.F.);
#14987=EDGE_CURVE('',#735,#605,#14990,.T.);
#14988=EDGE_CURVE('',#605,#603,#14991,.T.);
#14989=LINE('',#602,#14992);
#14990=LINE('',#734,#14993);
#14991=LINE('',#604,#14994);
#14992=VECTOR('',#14995,1.0);
#14993=VECTOR('',#14996,1.0);
#14994=VECTOR('',#14997,1.0);
#14995=DIRECTION('',(-0.9890660102056033,-0.08455453423199719,-0.12082614864663786));
#14996=DIRECTION('',(0.9995845307599434,-0.015933090064164823,-0.024018794858005076));
#14997=DIRECTION('',(0,0.5700458117163247,0.8216129091881873));
#14998=FACE_SURFACE('',(#15003),#14999,.T.);
#14999=PLANE('',#15000);
#15000=AXIS2_PLACEMENT_3D('',#608,#15001,#15002);
#15001=DIRECTION('',(-0.006916915607154572,-0.9415719649374289,0.33674083673108723));
#15002=DIRECTION('',(0,0.3367488924875593,0.9415944898991296));
#15003=FACE_BOUND('',#15004,.T.);
#15004=EDGE_LOOP('',(#15005,#15006,#15007));
#15005=ORIENTED_EDGE('',*,*,#15008,.T.);
#15006=ORIENTED_EDGE('',*,*,#15009,.T.);
#15007=ORIENTED_EDGE('',*,*,#15010,.T.);
#15008=EDGE_CURVE('',#609,#605,#15011,.F.);
#15009=EDGE_CURVE('',#605,#735,#15012,.T.);
#15010=EDGE_CURVE('',#735,#609,#15013,.T.);
#15011=LINE('',#608,#15014);
#15012=LINE('',#604,#15015);
#15013=LINE('',#734,#15016);
#15014=VECTOR('',#15017,1.0);
#15015=VECTOR('',#15018,1.0);
#15016=VECTOR('',#15019,1.0);
#15017=DIRECTION('',(0,0.3367488924875593,0.9415944898991296));
#15018=DIRECTION('',(-0.9995845307599434,0.015933090064164823,0.024018794858005076));
#15019=DIRECTION('',(0.9852957678287448,-0.06390756202847346,-0.15845527259874048));
#15020=FACE_SURFACE('',(#15025),#15021,.T.);
#15021=PLANE('',#15022);
#15022=AXIS2_PLACEMENT_3D('',#736,#15023,#15024);
#15023=DIRECTION('',(-0.0034706536556339887,-0.934707290256349,0.3554015139315477));
#15024=DIRECTION('',(0.9995236682328258,0.007656263449903542,0.02989679368062434));
#15025=FACE_BOUND('',#15026,.T.);
#15026=EDGE_LOOP('',(#15027,#15028,#15029));
#15027=ORIENTED_EDGE('',*,*,#15030,.T.);
#15028=ORIENTED_EDGE('',*,*,#15031,.T.);
#15029=ORIENTED_EDGE('',*,*,#15032,.T.);
#15030=EDGE_CURVE('',#737,#609,#15033,.F.);
#15031=EDGE_CURVE('',#609,#735,#15034,.T.);
#15032=EDGE_CURVE('',#735,#737,#15035,.T.);
#15033=LINE('',#736,#15036);
#15034=LINE('',#608,#15037);
#15035=LINE('',#734,#15038);
#15036=VECTOR('',#15039,1.0);
#15037=VECTOR('',#15040,1.0);
#15038=VECTOR('',#15041,1.0);
#15039=DIRECTION('',(0.9995236682328258,0.007656263449903542,0.02989679368062434));
#15040=DIRECTION('',(-0.9852957678287448,0.06390756202847346,0.15845527259874048));
#15041=DIRECTION('',(0,-0.35540365443412203,-0.934712919786001));
#15042=FACE_SURFACE('',(#15047),#15043,.T.);
#15043=PLANE('',#15044);
#15044=AXIS2_PLACEMENT_3D('',#608,#15045,#15046);
#15045=DIRECTION('',(0.005957717801236871,-0.9983851061806128,0.05649500292350877));
#15046=DIRECTION('',(-0.9995236682328258,-0.007656263449903542,-0.02989679368062434));
#15047=FACE_BOUND('',#15048,.T.);
#15048=EDGE_LOOP('',(#15049,#15050,#15051));
#15049=ORIENTED_EDGE('',*,*,#15052,.T.);
#15050=ORIENTED_EDGE('',*,*,#15053,.T.);
#15051=ORIENTED_EDGE('',*,*,#15054,.T.);
#15052=EDGE_CURVE('',#609,#737,#15055,.F.);
#15053=EDGE_CURVE('',#737,#595,#15056,.T.);
#15054=EDGE_CURVE('',#595,#609,#15057,.T.);
#15055=LINE('',#608,#15058);
#15056=LINE('',#736,#15059);
#15057=LINE('',#594,#15060);
#15058=VECTOR('',#15061,1.0);
#15059=VECTOR('',#15062,1.0);
#15060=VECTOR('',#15063,1.0);
#15061=DIRECTION('',(-0.9995236682328258,-0.007656263449903542,-0.02989679368062434));
#15062=DIRECTION('',(0.9765227525643079,-0.006356949147228208,-0.215320465636147));
#15063=DIRECTION('',(0,0.05649600557835574,0.9984028251931635));
#15064=FACE_SURFACE('',(#15069),#15065,.T.);
#15065=PLANE('',#15066);
#15066=AXIS2_PLACEMENT_3D('',#574,#15067,#15068);
#15067=DIRECTION('',(0.01186165320421839,-0.6183997460562717,0.7857741757405887));
#15068=DIRECTION('',(-0.997529163854123,-0.06173672925708501,-0.03352824959838363));
#15069=FACE_BOUND('',#15070,.T.);
#15070=EDGE_LOOP('',(#15071,#15072,#15073));
#15071=ORIENTED_EDGE('',*,*,#15074,.T.);
#15072=ORIENTED_EDGE('',*,*,#15075,.T.);
#15073=ORIENTED_EDGE('',*,*,#15076,.T.);
#15074=EDGE_CURVE('',#575,#739,#15077,.F.);
#15075=EDGE_CURVE('',#739,#603,#15078,.T.);
#15076=EDGE_CURVE('',#603,#575,#15079,.T.);
#15077=LINE('',#574,#15080);
#15078=LINE('',#738,#15081);
#15079=LINE('',#602,#15082);
#15080=VECTOR('',#15083,1.0);
#15081=VECTOR('',#15084,1.0);
#15082=VECTOR('',#15085,1.0);
#15083=DIRECTION('',(-0.997529163854123,-0.06173672925708501,-0.03352824959838363));
#15084=DIRECTION('',(0.9867133077431349,-0.12010399467514732,-0.10941608101953579));
#15085=DIRECTION('',(0,0.7858294603228881,0.6184432547038073));
#15086=FACE_SURFACE('',(#15091),#15087,.T.);
#15087=PLANE('',#15088);
#15088=AXIS2_PLACEMENT_3D('',#734,#15089,#15090);
#15089=DIRECTION('',(-0.0172809724520084,-0.7472120044964091,0.6643610376350882));
#15090=DIRECTION('',(0.9890660102056033,0.08455453423199719,0.12082614864663786));
#15091=FACE_BOUND('',#15092,.T.);
#15092=EDGE_LOOP('',(#15093,#15094,#15095));
#15093=ORIENTED_EDGE('',*,*,#15096,.T.);
#15094=ORIENTED_EDGE('',*,*,#15097,.T.);
#15095=ORIENTED_EDGE('',*,*,#15098,.T.);
#15096=EDGE_CURVE('',#735,#603,#15099,.F.);
#15097=EDGE_CURVE('',#603,#739,#15100,.T.);
#15098=EDGE_CURVE('',#739,#735,#15101,.T.);
#15099=LINE('',#734,#15102);
#15100=LINE('',#602,#15103);
#15101=LINE('',#738,#15104);
#15102=VECTOR('',#15105,1.0);
#15103=VECTOR('',#15106,1.0);
#15104=VECTOR('',#15107,1.0);
#15105=DIRECTION('',(0.9890660102056033,0.08455453423199719,0.12082614864663786));
#15106=DIRECTION('',(-0.9867133077431349,0.12010399467514732,0.10941608101953579));
#15107=DIRECTION('',(0,-0.6644602595944288,-0.7473236002025523));
#15108=FACE_SURFACE('',(#15113),#15109,.T.);
#15109=PLANE('',#15110);
#15110=AXIS2_PLACEMENT_3D('',#740,#15111,#15112);
#15111=DIRECTION('',(-0.005118852969260251,-0.41210636926132393,0.9111213628043898));
#15112=DIRECTION('',(0,-0.9111332999386735,-0.4121117685080872));
#15113=FACE_BOUND('',#15114,.T.);
#15114=EDGE_LOOP('',(#15115,#15116,#15117));
#15115=ORIENTED_EDGE('',*,*,#15118,.T.);
#15116=ORIENTED_EDGE('',*,*,#15119,.T.);
#15117=ORIENTED_EDGE('',*,*,#15120,.T.);
#15118=EDGE_CURVE('',#741,#739,#15121,.F.);
#15119=EDGE_CURVE('',#739,#575,#15122,.T.);
#15120=EDGE_CURVE('',#575,#741,#15123,.T.);
#15121=LINE('',#740,#15124);
#15122=LINE('',#738,#15125);
#15123=LINE('',#574,#15126);
#15124=VECTOR('',#15127,1.0);
#15125=VECTOR('',#15128,1.0);
#15126=VECTOR('',#15129,1.0);
#15127=DIRECTION('',(0,-0.9111332999386735,-0.4121117685080872));
#15128=DIRECTION('',(0.997529163854123,0.06173672925708501,0.03352824959838363));
#15129=DIRECTION('',(-0.9881058167056591,0.14211861310222693,0.0587298459247241));
#15130=FACE_SURFACE('',(#15135),#15131,.T.);
#15131=PLANE('',#15132);
#15132=AXIS2_PLACEMENT_3D('',#572,#15133,#15134);
#15133=DIRECTION('',(0.0037887084440452294,-0.3593041074657393,0.9332128396280103));
#15134=DIRECTION('',(-0.9989315873132437,-0.044342298186380615,-0.013017083367393647));
#15135=FACE_BOUND('',#15136,.T.);
#15136=EDGE_LOOP('',(#15137,#15138,#15139));
#15137=ORIENTED_EDGE('',*,*,#15140,.T.);
#15138=ORIENTED_EDGE('',*,*,#15141,.T.);
#15139=ORIENTED_EDGE('',*,*,#15142,.T.);
#15140=EDGE_CURVE('',#573,#741,#15143,.F.);
#15141=EDGE_CURVE('',#741,#575,#15144,.T.);
#15142=EDGE_CURVE('',#575,#573,#15145,.T.);
#15143=LINE('',#572,#15146);
#15144=LINE('',#740,#15147);
#15145=LINE('',#574,#15148);
#15146=VECTOR('',#15149,1.0);
#15147=VECTOR('',#15150,1.0);
#15148=VECTOR('',#15151,1.0);
#15149=DIRECTION('',(-0.9989315873132437,-0.044342298186380615,-0.013017083367393647));
#15150=DIRECTION('',(0.9881058167056591,-0.14211861310222693,-0.0587298459247241));
#15151=DIRECTION('',(0,0.9332195375140971,0.3593066862750743));
#15152=FACE_SURFACE('',(#15157),#15153,.T.);
#15153=PLANE('',#15154);
#15154=AXIS2_PLACEMENT_3D('',#274,#15155,#15156);
#15155=DIRECTION('',(0,-0.14963901411686634,0.9887406967724816));
#15156=DIRECTION('',(0,-0.9887406967724816,-0.14963901411686634));
#15157=FACE_BOUND('',#15158,.T.);
#15158=EDGE_LOOP('',(#15159,#15160,#15161));
#15159=ORIENTED_EDGE('',*,*,#15162,.T.);
#15160=ORIENTED_EDGE('',*,*,#15163,.T.);
#15161=ORIENTED_EDGE('',*,*,#15164,.T.);
#15162=EDGE_CURVE('',#275,#741,#15165,.F.);
#15163=EDGE_CURVE('',#741,#485,#15166,.T.);
#15164=EDGE_CURVE('',#485,#275,#15167,.T.);
#15165=LINE('',#274,#15168);
#15166=LINE('',#740,#15169);
#15167=LINE('',#484,#15170);
#15168=VECTOR('',#15171,1.0);
#15169=VECTOR('',#15172,1.0);
#15170=VECTOR('',#15173,1.0);
#15171=DIRECTION('',(0,-0.9887406967724816,-0.14963901411686634));
#15172=DIRECTION('',(0.9845308462137308,0.17323858010597518,0.026218451833412378));
#15173=DIRECTION('',(-1,0,0));
#15174=FACE_SURFACE('',(#15179),#15175,.T.);
#15175=PLANE('',#15176);
#15176=AXIS2_PLACEMENT_3D('',#572,#15177,#15178);
#15177=DIRECTION('',(-0.008397766247560199,-0.1028104138292843,0.9946655198257868));
#15178=DIRECTION('',(0,0.9947005948195734,0.1028140392436114));
#15179=FACE_BOUND('',#15180,.T.);
#15180=EDGE_LOOP('',(#15181,#15182,#15183));
#15181=ORIENTED_EDGE('',*,*,#15184,.T.);
#15182=ORIENTED_EDGE('',*,*,#15185,.T.);
#15183=ORIENTED_EDGE('',*,*,#15186,.T.);
#15184=EDGE_CURVE('',#573,#485,#15187,.F.);
#15185=EDGE_CURVE('',#485,#741,#15188,.T.);
#15186=EDGE_CURVE('',#741,#573,#15189,.T.);
#15187=LINE('',#572,#15190);
#15188=LINE('',#484,#15191);
#15189=LINE('',#740,#15192);
#15190=VECTOR('',#15193,1.0);
#15191=VECTOR('',#15194,1.0);
#15192=VECTOR('',#15195,1.0);
#15193=DIRECTION('',(0,0.9947005948195734,0.1028140392436114));
#15194=DIRECTION('',(-0.9845308462137308,-0.17323858010597518,-0.026218451833412378));
#15195=DIRECTION('',(0.9989315873132437,0.044342298186380615,0.013017083367393647));
#15196=FACE_SURFACE('',(#15201),#15197,.T.);
#15197=PLANE('',#15198);
#15198=AXIS2_PLACEMENT_3D('',#742,#15199,#15200);
#15199=DIRECTION('',(0,0.17617393358179542,0.9843590529508616));
#15200=DIRECTION('',(0,-0.9843590529508616,0.17617393358179542));
#15201=FACE_BOUND('',#15202,.T.);
#15202=EDGE_LOOP('',(#15203,#15204,#15205));
#15203=ORIENTED_EDGE('',*,*,#15206,.T.);
#15204=ORIENTED_EDGE('',*,*,#15207,.T.);
#15205=ORIENTED_EDGE('',*,*,#15208,.T.);
#15206=EDGE_CURVE('',#743,#275,#15209,.F.);
#15207=EDGE_CURVE('',#275,#485,#15210,.T.);
#15208=EDGE_CURVE('',#485,#743,#15211,.T.);
#15209=LINE('',#742,#15212);
#15210=LINE('',#274,#15213);
#15211=LINE('',#484,#15214);
#15212=VECTOR('',#15215,1.0);
#15213=VECTOR('',#15216,1.0);
#15214=VECTOR('',#15217,1.0);
#15215=DIRECTION('',(0,-0.9843590529508616,0.17617393358179542));
#15216=DIRECTION('',(1,0,0));
#15217=DIRECTION('',(-0.9743523587122273,0.22150808713392084,-0.0396440210648522));
#15218=FACE_SURFACE('',(#15223),#15219,.T.);
#15219=PLANE('',#15220);
#15220=AXIS2_PLACEMENT_3D('',#484,#15221,#15222);
#15221=DIRECTION('',(0.02549079688477841,0.34277300877187716,0.9390723527671622));
#15222=DIRECTION('',(0,0.9393775970891173,-0.3428844267199605));
#15223=FACE_BOUND('',#15224,.T.);
#15224=EDGE_LOOP('',(#15225,#15226,#15227));
#15225=ORIENTED_EDGE('',*,*,#15228,.T.);
#15226=ORIENTED_EDGE('',*,*,#15229,.T.);
#15227=ORIENTED_EDGE('',*,*,#15230,.T.);
#15228=EDGE_CURVE('',#485,#577,#15231,.F.);
#15229=EDGE_CURVE('',#577,#745,#15232,.T.);
#15230=EDGE_CURVE('',#745,#485,#15233,.T.);
#15231=LINE('',#484,#15234);
#15232=LINE('',#576,#15235);
#15233=LINE('',#744,#15236);
#15234=VECTOR('',#15237,1.0);
#15235=VECTOR('',#15238,1.0);
#15236=VECTOR('',#15239,1.0);
#15237=DIRECTION('',(0,0.9393775970891173,-0.3428844267199605));
#15238=DIRECTION('',(-0.9960634501240923,-0.07106922443817529,0.05297894548446738));
#15239=DIRECTION('',(0.937828668427532,-0.3334814767524971,0.09626782088743767));
#15240=FACE_SURFACE('',(#15245),#15241,.T.);
#15241=PLANE('',#15242);
#15242=AXIS2_PLACEMENT_3D('',#576,#15243,#15244);
#15243=DIRECTION('',(0.006850302763213286,0.7348842682061607,0.6781579356574309));
#15244=DIRECTION('',(0,0.6781738480568195,-0.7349015116407137));
#15245=FACE_BOUND('',#15246,.T.);
#15246=EDGE_LOOP('',(#15247,#15248,#15249));
#15247=ORIENTED_EDGE('',*,*,#15250,.T.);
#15248=ORIENTED_EDGE('',*,*,#15251,.T.);
#15249=ORIENTED_EDGE('',*,*,#15252,.T.);
#15250=EDGE_CURVE('',#577,#579,#15253,.F.);
#15251=EDGE_CURVE('',#579,#747,#15254,.T.);
#15252=EDGE_CURVE('',#747,#577,#15255,.T.);
#15253=LINE('',#576,#15256);
#15254=LINE('',#578,#15257);
#15255=LINE('',#746,#15258);
#15256=VECTOR('',#15259,1.0);
#15257=VECTOR('',#15260,1.0);
#15258=VECTOR('',#15261,1.0);
#15259=DIRECTION('',(0,0.6781738480568195,-0.7349015116407137));
#15260=DIRECTION('',(-0.9900059267451433,-0.09054522360488199,0.10811950560297663));
#15261=DIRECTION('',(0.9985716829311232,-0.04096275555572446,0.03430228425901323));
#15262=FACE_SURFACE('',(#15267),#15263,.T.);
#15263=PLANE('',#15264);
#15264=AXIS2_PLACEMENT_3D('',#586,#15265,#15266);
#15265=DIRECTION('',(0.009598006436937631,0.9968798021524584,-0.07834882470664073));
#15266=DIRECTION('',(-0.9952329935216273,0.017127966500369345,0.09601000661151288));
#15267=FACE_BOUND('',#15268,.T.);
#15268=EDGE_LOOP('',(#15269,#15270,#15271));
#15269=ORIENTED_EDGE('',*,*,#15272,.T.);
#15270=ORIENTED_EDGE('',*,*,#15273,.T.);
#15271=ORIENTED_EDGE('',*,*,#15274,.T.);
#15272=EDGE_CURVE('',#587,#749,#15275,.F.);
#15273=EDGE_CURVE('',#749,#583,#15276,.T.);
#15274=EDGE_CURVE('',#583,#587,#15277,.T.);
#15275=LINE('',#586,#15278);
#15276=LINE('',#748,#15279);
#15277=LINE('',#582,#15280);
#15278=VECTOR('',#15281,1.0);
#15279=VECTOR('',#15282,1.0);
#15280=VECTOR('',#15283,1.0);
#15281=DIRECTION('',(-0.9952329935216273,0.017127966500369345,0.09601000661151288));
#15282=DIRECTION('',(0.993396865361388,-0.0005475839502133201,0.11472736396337899));
#15283=DIRECTION('',(0,-0.07835243377053983,-0.9969257224699507));
#15284=FACE_SURFACE('',(#15289),#15285,.T.);
#15285=PLANE('',#15286);
#15286=AXIS2_PLACEMENT_3D('',#748,#15287,#15288);
#15287=DIRECTION('',(-0.014373547961536183,0.9479459875783263,-0.3181065949538756));
#15288=DIRECTION('',(0.9952329935216273,-0.017127966500369345,-0.09601000661151288));
#15289=FACE_BOUND('',#15290,.T.);
#15290=EDGE_LOOP('',(#15291,#15292,#15293));
#15291=ORIENTED_EDGE('',*,*,#15294,.T.);
#15292=ORIENTED_EDGE('',*,*,#15295,.T.);
#15293=ORIENTED_EDGE('',*,*,#15296,.T.);
#15294=EDGE_CURVE('',#749,#587,#15297,.F.);
#15295=EDGE_CURVE('',#587,#751,#15298,.T.);
#15296=EDGE_CURVE('',#751,#749,#15299,.T.);
#15297=LINE('',#748,#15300);
#15298=LINE('',#586,#15301);
#15299=LINE('',#750,#15302);
#15300=VECTOR('',#15303,1.0);
#15301=VECTOR('',#15304,1.0);
#15302=VECTOR('',#15305,1.0);
#15303=DIRECTION('',(0.9952329935216273,-0.017127966500369345,-0.09601000661151288));
#15304=DIRECTION('',(-0.985022331876292,-0.06809453849129547,-0.1584112986268643));
#15305=DIRECTION('',(0,0.3181394602796964,0.948043925044058));
#15306=FACE_SURFACE('',(#15311),#15307,.T.);
#15307=PLANE('',#15308);
#15308=AXIS2_PLACEMENT_3D('',#584,#15309,#15310);
#15309=DIRECTION('',(-0.00037413527366215006,0.9195580621635744,-0.39295397991720205));
#15310=DIRECTION('',(-0.9997986339194067,0.007540137860331219,0.01859671836468135));
#15311=FACE_BOUND('',#15312,.T.);
#15312=EDGE_LOOP('',(#15313,#15314,#15315));
#15313=ORIENTED_EDGE('',*,*,#15316,.T.);
#15314=ORIENTED_EDGE('',*,*,#15317,.T.);
#15315=ORIENTED_EDGE('',*,*,#15318,.T.);
#15316=EDGE_CURVE('',#585,#751,#15319,.F.);
#15317=EDGE_CURVE('',#751,#587,#15320,.T.);
#15318=EDGE_CURVE('',#587,#585,#15321,.T.);
#15319=LINE('',#584,#15322);
#15320=LINE('',#750,#15323);
#15321=LINE('',#586,#15324);
#15322=VECTOR('',#15325,1.0);
#15323=VECTOR('',#15326,1.0);
#15324=VECTOR('',#15327,1.0);
#15325=DIRECTION('',(-0.9997986339194067,0.007540137860331219,0.01859671836468135));
#15326=DIRECTION('',(0.985022331876292,0.06809453849129547,0.1584112986268643));
#15327=DIRECTION('',(0,-0.3929540074195044,-0.9195581265221638));
#15328=FACE_SURFACE('',(#15333),#15329,.T.);
#15329=PLANE('',#15330);
#15330=AXIS2_PLACEMENT_3D('',#750,#15331,#15332);
#15331=DIRECTION('',(-0.00570974980186472,0.7815287448057304,-0.6238431051150439));
#15332=DIRECTION('',(0.9997986339194067,-0.007540137860331219,-0.01859671836468135));
#15333=FACE_BOUND('',#15334,.T.);
#15334=EDGE_LOOP('',(#15335,#15336,#15337));
#15335=ORIENTED_EDGE('',*,*,#15338,.T.);
#15336=ORIENTED_EDGE('',*,*,#15339,.T.);
#15337=ORIENTED_EDGE('',*,*,#15340,.T.);
#15338=EDGE_CURVE('',#751,#585,#15341,.F.);
#15339=EDGE_CURVE('',#585,#753,#15342,.T.);
#15340=EDGE_CURVE('',#753,#751,#15343,.T.);
#15341=LINE('',#750,#15344);
#15342=LINE('',#584,#15345);
#15343=LINE('',#752,#15346);
#15344=VECTOR('',#15347,1.0);
#15345=VECTOR('',#15348,1.0);
#15346=VECTOR('',#15349,1.0);
#15347=DIRECTION('',(0.9997986339194067,-0.007540137860331219,-0.01859671836468135));
#15348=DIRECTION('',(-0.9772724759805793,-0.13656404624984964,-0.16213811693324034));
#15349=DIRECTION('',(0,0.6238532743939623,0.7815414845214114));
#15350=FACE_SURFACE('',(#15355),#15351,.T.);
#15351=PLANE('',#15352);
#15352=AXIS2_PLACEMENT_3D('',#754,#15353,#15354);
#15353=DIRECTION('',(-0.0029791914737285203,0.5386295426441771,-0.8425374414286214));
#15354=DIRECTION('',(0,0.842541180458517,0.5386319329853816));
#15355=FACE_BOUND('',#15356,.T.);
#15356=EDGE_LOOP('',(#15357,#15358,#15359));
#15357=ORIENTED_EDGE('',*,*,#15360,.T.);
#15358=ORIENTED_EDGE('',*,*,#15361,.T.);
#15359=ORIENTED_EDGE('',*,*,#15362,.T.);
#15360=EDGE_CURVE('',#755,#753,#15363,.F.);
#15361=EDGE_CURVE('',#753,#607,#15364,.T.);
#15362=EDGE_CURVE('',#607,#755,#15365,.T.);
#15363=LINE('',#754,#15366);
#15364=LINE('',#752,#15367);
#15365=LINE('',#606,#15368);
#15366=VECTOR('',#15369,1.0);
#15367=VECTOR('',#15370,1.0);
#15368=VECTOR('',#15371,1.0);
#15369=DIRECTION('',(0,0.842541180458517,0.5386319329853816));
#15370=DIRECTION('',(0.9995152351452844,-0.024507080741486796,-0.019201502701536758));
#15371=DIRECTION('',(-0.9867590497802309,-0.13821530215971148,-0.08487112539442011));
#15372=FACE_SURFACE('',(#15377),#15373,.T.);
#15373=PLANE('',#15374);
#15374=AXIS2_PLACEMENT_3D('',#756,#15375,#15376);
#15375=DIRECTION('',(-0.009173826895808077,-0.23164685652867067,-0.9727566883658376));
#15376=DIRECTION('',(0.9960720918717799,-0.08779427993295062,0.011513131860242817));
#15377=FACE_BOUND('',#15378,.T.);
#15378=EDGE_LOOP('',(#15379,#15380,#15381));
#15379=ORIENTED_EDGE('',*,*,#15382,.T.);
#15380=ORIENTED_EDGE('',*,*,#15383,.T.);
#15381=ORIENTED_EDGE('',*,*,#15384,.T.);
#15382=EDGE_CURVE('',#757,#591,#15385,.F.);
#15383=EDGE_CURVE('',#591,#759,#15386,.T.);
#15384=EDGE_CURVE('',#759,#757,#15387,.T.);
#15385=LINE('',#756,#15388);
#15386=LINE('',#590,#15389);
#15387=LINE('',#758,#15390);
#15388=VECTOR('',#15391,1.0);
#15389=VECTOR('',#15392,1.0);
#15390=VECTOR('',#15393,1.0);
#15391=DIRECTION('',(0.9960720918717799,-0.08779427993295062,0.011513131860242817));
#15392=DIRECTION('',(-0.9814562443516416,-0.18418029207090247,0.05311553855368324));
#15393=DIRECTION('',(0,0.9727976241133567,-0.2316566047394472));
#15394=FACE_SURFACE('',(#15399),#15395,.T.);
#15395=PLANE('',#15396);
#15396=AXIS2_PLACEMENT_3D('',#590,#15397,#15398);
#15397=DIRECTION('',(0.003979390491671805,-0.2966135422745026,-0.9549893041237094));
#15398=DIRECTION('',(0,-0.9549968656033243,0.2966158908214902));
#15399=FACE_BOUND('',#15400,.T.);
#15400=EDGE_LOOP('',(#15401,#15402,#15403));
#15401=ORIENTED_EDGE('',*,*,#15404,.T.);
#15402=ORIENTED_EDGE('',*,*,#15405,.T.);
#15403=ORIENTED_EDGE('',*,*,#15406,.T.);
#15404=EDGE_CURVE('',#591,#593,#15407,.F.);
#15405=EDGE_CURVE('',#593,#759,#15408,.T.);
#15406=EDGE_CURVE('',#759,#591,#15409,.T.);
#15407=LINE('',#590,#15410);
#15408=LINE('',#592,#15411);
#15409=LINE('',#758,#15412);
#15410=VECTOR('',#15413,1.0);
#15411=VECTOR('',#15414,1.0);
#15412=VECTOR('',#15415,1.0);
#15413=DIRECTION('',(0,-0.9549968656033243,0.2966158908214902));
#15414=DIRECTION('',(-0.9996410724463075,0.02412120667937896,-0.011657343896745156));
#15415=DIRECTION('',(0.9814562443516416,0.18418029207090247,-0.05311553855368324));
#15416=FACE_SURFACE('',(#15421),#15417,.T.);
#15417=PLANE('',#15418);
#15418=AXIS2_PLACEMENT_3D('',#758,#15419,#15420);
#15419=DIRECTION('',(-0.004495880036667499,-0.5800026594840689,-0.8146021741034718));
#15420=DIRECTION('',(0.9996410724463075,-0.02412120667937896,0.011657343896745156));
#15421=FACE_BOUND('',#15422,.T.);
#15422=EDGE_LOOP('',(#15423,#15424,#15425));
#15423=ORIENTED_EDGE('',*,*,#15426,.T.);
#15424=ORIENTED_EDGE('',*,*,#15427,.T.);
#15425=ORIENTED_EDGE('',*,*,#15428,.T.);
#15426=EDGE_CURVE('',#759,#593,#15429,.F.);
#15427=EDGE_CURVE('',#593,#761,#15430,.T.);
#15428=EDGE_CURVE('',#761,#759,#15431,.T.);
#15429=LINE('',#758,#15432);
#15430=LINE('',#592,#15433);
#15431=LINE('',#760,#15434);
#15432=VECTOR('',#15435,1.0);
#15433=VECTOR('',#15436,1.0);
#15434=VECTOR('',#15437,1.0);
#15435=DIRECTION('',(0.9996410724463075,-0.02412120667937896,0.011657343896745156));
#15436=DIRECTION('',(-0.9846013005343804,-0.13979292222819942,0.10496769922651035));
#15437=DIRECTION('',(0,0.8146104069796165,-0.5800085213516295));
#15438=FACE_SURFACE('',(#15443),#15439,.T.);
#15439=PLANE('',#15440);
#15440=AXIS2_PLACEMENT_3D('',#600,#15441,#15442);
#15441=DIRECTION('',(-0.012500493498108677,-0.5426122315048871,-0.8398902927666152));
#15442=DIRECTION('',(-0.9974733131558039,-0.051979004647693096,0.048426982332358995));
#15443=FACE_BOUND('',#15444,.T.);
#15444=EDGE_LOOP('',(#15445,#15446,#15447));
#15445=ORIENTED_EDGE('',*,*,#15448,.T.);
#15446=ORIENTED_EDGE('',*,*,#15449,.T.);
#15447=ORIENTED_EDGE('',*,*,#15450,.T.);
#15448=EDGE_CURVE('',#601,#761,#15451,.F.);
#15449=EDGE_CURVE('',#761,#593,#15452,.T.);
#15450=EDGE_CURVE('',#593,#601,#15453,.T.);
#15451=LINE('',#600,#15454);
#15452=LINE('',#760,#15455);
#15453=LINE('',#592,#15456);
#15454=VECTOR('',#15457,1.0);
#15455=VECTOR('',#15458,1.0);
#15456=VECTOR('',#15459,1.0);
#15457=DIRECTION('',(-0.9974733131558039,-0.051979004647693096,0.048426982332358995));
#15458=DIRECTION('',(0.9846013005343804,0.13979292222819942,-0.10496769922651035));
#15459=DIRECTION('',(0,-0.8399559220685344,0.5426546314019608));
#15460=FACE_SURFACE('',(#15465),#15461,.T.);
#15461=PLANE('',#15462);
#15462=AXIS2_PLACEMENT_3D('',#598,#15463,#15464);
#15463=DIRECTION('',(0.005627844958443738,-0.7373378408725045,-0.6755007296654807));
#15464=DIRECTION('',(-0.9871830485728931,0.10364435369242649,-0.12135681504558583));
#15465=FACE_BOUND('',#15466,.T.);
#15466=EDGE_LOOP('',(#15467,#15468,#15469));
#15467=ORIENTED_EDGE('',*,*,#15470,.T.);
#15468=ORIENTED_EDGE('',*,*,#15471,.T.);
#15469=ORIENTED_EDGE('',*,*,#15472,.T.);
#15470=EDGE_CURVE('',#599,#761,#15473,.F.);
#15471=EDGE_CURVE('',#761,#601,#15474,.T.);
#15472=EDGE_CURVE('',#601,#599,#15475,.T.);
#15473=LINE('',#598,#15476);
#15474=LINE('',#760,#15477);
#15475=LINE('',#600,#15478);
#15476=VECTOR('',#15479,1.0);
#15477=VECTOR('',#15480,1.0);
#15478=VECTOR('',#15481,1.0);
#15479=DIRECTION('',(-0.9871830485728931,0.10364435369242649,-0.12135681504558583));
#15480=DIRECTION('',(0.9974733131558039,0.051979004647693096,-0.048426982332358995));
#15481=DIRECTION('',(0,-0.6755114273649353,0.737349517867468));
#15482=FACE_SURFACE('',(#15487),#15483,.T.);
#15483=PLANE('',#15484);
#15484=AXIS2_PLACEMENT_3D('',#598,#15485,#15486);
#15485=DIRECTION('',(-0.00442917795565733,-0.7779187068841892,-0.6283493199345951));
#15486=DIRECTION('',(-0.9986922469209449,-0.02856329010501779,0.0424020565346913));
#15487=FACE_BOUND('',#15488,.T.);
#15488=EDGE_LOOP('',(#15489,#15490,#15491));
#15489=ORIENTED_EDGE('',*,*,#15492,.T.);
#15490=ORIENTED_EDGE('',*,*,#15493,.T.);
#15491=ORIENTED_EDGE('',*,*,#15494,.T.);
#15492=EDGE_CURVE('',#599,#763,#15495,.F.);
#15493=EDGE_CURVE('',#763,#761,#15496,.T.);
#15494=EDGE_CURVE('',#761,#599,#15497,.T.);
#15495=LINE('',#598,#15498);
#15496=LINE('',#762,#15499);
#15497=LINE('',#760,#15500);
#15498=VECTOR('',#15501,1.0);
#15499=VECTOR('',#15502,1.0);
#15500=VECTOR('',#15503,1.0);
#15501=DIRECTION('',(-0.9986922469209449,-0.02856329010501779,0.0424020565346913));
#15502=DIRECTION('',(0,0.6283554833835437,-0.7779263374522251));
#15503=DIRECTION('',(0.9871830485728931,-0.10364435369242649,0.12135681504558583));
#15504=FACE_SURFACE('',(#15509),#15505,.T.);
#15505=PLANE('',#15506);
#15506=AXIS2_PLACEMENT_3D('',#596,#15507,#15508);
#15507=DIRECTION('',(-0.009946331987793404,-0.8897312304928151,-0.4563763884840337));
#15508=DIRECTION('',(-0.999008008678715,-0.010969713413168644,0.04315859107317523));
#15509=FACE_BOUND('',#15510,.T.);
#15510=EDGE_LOOP('',(#15511,#15512,#15513));
#15511=ORIENTED_EDGE('',*,*,#15514,.T.);
#15512=ORIENTED_EDGE('',*,*,#15515,.T.);
#15513=ORIENTED_EDGE('',*,*,#15516,.T.);
#15514=EDGE_CURVE('',#597,#765,#15517,.F.);
#15515=EDGE_CURVE('',#765,#599,#15518,.T.);
#15516=EDGE_CURVE('',#599,#597,#15519,.T.);
#15517=LINE('',#596,#15520);
#15518=LINE('',#764,#15521);
#15519=LINE('',#598,#15522);
#15520=VECTOR('',#15523,1.0);
#15521=VECTOR('',#15524,1.0);
#15522=VECTOR('',#15525,1.0);
#15523=DIRECTION('',(-0.999008008678715,-0.010969713413168644,0.04315859107317523));
#15524=DIRECTION('',(0.9786125318950658,0.08512052019502771,-0.18727522382754466));
#15525=DIRECTION('',(0,-0.45639896470766744,0.8897752441003117));
#15526=FACE_SURFACE('',(#15531),#15527,.T.);
#15527=PLANE('',#15528);
#15528=AXIS2_PLACEMENT_3D('',#762,#15529,#15530);
#15529=DIRECTION('',(0.011129754802737004,-0.9309498624786214,-0.3649773720507435));
#15530=DIRECTION('',(0.9986922469209449,0.02856329010501779,-0.0424020565346913));
#15531=FACE_BOUND('',#15532,.T.);
#15532=EDGE_LOOP('',(#15533,#15534,#15535));
#15533=ORIENTED_EDGE('',*,*,#15536,.T.);
#15534=ORIENTED_EDGE('',*,*,#15537,.T.);
#15535=ORIENTED_EDGE('',*,*,#15538,.T.);
#15536=EDGE_CURVE('',#763,#599,#15539,.F.);
#15537=EDGE_CURVE('',#599,#765,#15540,.T.);
#15538=EDGE_CURVE('',#765,#763,#15541,.T.);
#15539=LINE('',#762,#15542);
#15540=LINE('',#598,#15543);
#15541=LINE('',#764,#15544);
#15542=VECTOR('',#15545,1.0);
#15543=VECTOR('',#15546,1.0);
#15544=VECTOR('',#15547,1.0);
#15545=DIRECTION('',(0.9986922469209449,0.02856329010501779,-0.0424020565346913));
#15546=DIRECTION('',(-0.9786125318950658,-0.08512052019502771,0.18727522382754466));
#15547=DIRECTION('',(0,0.3649999792877394,-0.9310075268868399));
#15548=FACE_SURFACE('',(#15553),#15549,.T.);
#15549=PLANE('',#15550);
#15550=AXIS2_PLACEMENT_3D('',#764,#15551,#15552);
#15551=DIRECTION('',(0.0009427150692206892,-0.9741762100502549,-0.22578711889835498));
#15552=DIRECTION('',(0.999008008678715,0.010969713413168644,-0.04315859107317523));
#15553=FACE_BOUND('',#15554,.T.);
#15554=EDGE_LOOP('',(#15555,#15556,#15557));
#15555=ORIENTED_EDGE('',*,*,#15558,.T.);
#15556=ORIENTED_EDGE('',*,*,#15559,.T.);
#15557=ORIENTED_EDGE('',*,*,#15560,.T.);
#15558=EDGE_CURVE('',#765,#597,#15561,.F.);
#15559=EDGE_CURVE('',#597,#595,#15562,.T.);
#15560=EDGE_CURVE('',#595,#765,#15563,.T.);
#15561=LINE('',#764,#15564);
#15562=LINE('',#596,#15565);
#15563=LINE('',#594,#15566);
#15564=VECTOR('',#15567,1.0);
#15565=VECTOR('',#15568,1.0);
#15566=VECTOR('',#15569,1.0);
#15567=DIRECTION('',(0.999008008678715,0.010969713413168644,-0.04315859107317523));
#15568=DIRECTION('',(0,-0.2257872192282492,0.9741766429314421));
#15569=DIRECTION('',(-0.996057313443611,0.019114175091850604,-0.08662838245087008));
#15570=FACE_SURFACE('',(#15575),#15571,.T.);
#15571=PLANE('',#15572);
#15572=AXIS2_PLACEMENT_3D('',#764,#15573,#15574);
#15573=DIRECTION('',(-0.01558797716530842,-0.9990293101146479,-0.04120015169565005));
#15574=DIRECTION('',(0.996057313443611,-0.019114175091850604,0.08662838245087008));
#15575=FACE_BOUND('',#15576,.T.);
#15576=EDGE_LOOP('',(#15577,#15578,#15579));
#15577=ORIENTED_EDGE('',*,*,#15580,.T.);
#15578=ORIENTED_EDGE('',*,*,#15581,.T.);
#15579=ORIENTED_EDGE('',*,*,#15582,.T.);
#15580=EDGE_CURVE('',#765,#595,#15583,.F.);
#15581=EDGE_CURVE('',#595,#737,#15584,.T.);
#15582=EDGE_CURVE('',#737,#765,#15585,.T.);
#15583=LINE('',#764,#15586);
#15584=LINE('',#594,#15587);
#15585=LINE('',#736,#15588);
#15586=VECTOR('',#15589,1.0);
#15587=VECTOR('',#15590,1.0);
#15588=VECTOR('',#15591,1.0);
#15589=DIRECTION('',(0.996057313443611,-0.019114175091850604,0.08662838245087008));
#15590=DIRECTION('',(-0.9765227525643079,0.006356949147228208,0.215320465636147));
#15591=DIRECTION('',(0,0.04120515811812409,-0.9991507068227797));
#15592=FACE_SURFACE('',(#15597),#15593,.T.);
#15593=PLANE('',#15594);
#15594=AXIS2_PLACEMENT_3D('',#588,#15595,#15596);
#15595=DIRECTION('',(0.02149139854355715,0.11357255025648694,-0.9932972342742528));
#15596=DIRECTION('',(0,-0.9935267059368821,-0.11359878780254783));
#15597=FACE_BOUND('',#15598,.T.);
#15598=EDGE_LOOP('',(#15599,#15600,#15601));
#15599=ORIENTED_EDGE('',*,*,#15602,.T.);
#15600=ORIENTED_EDGE('',*,*,#15603,.T.);
#15601=ORIENTED_EDGE('',*,*,#15604,.T.);
#15602=EDGE_CURVE('',#589,#591,#15605,.F.);
#15603=EDGE_CURVE('',#591,#757,#15606,.T.);
#15604=EDGE_CURVE('',#757,#589,#15607,.T.);
#15605=LINE('',#588,#15608);
#15606=LINE('',#590,#15609);
#15607=LINE('',#756,#15610);
#15608=VECTOR('',#15611,1.0);
#15609=VECTOR('',#15612,1.0);
#15610=VECTOR('',#15613,1.0);
#15611=DIRECTION('',(0,-0.9935267059368821,-0.11359878780254783));
#15612=DIRECTION('',(-0.9960720918717799,0.08779427993295062,-0.011513131860242817));
#15613=DIRECTION('',(0.9620827574108233,0.26786259510950605,0.05144315342188839));
#15614=FACE_SURFACE('',(#15619),#15615,.T.);
#15615=PLANE('',#15616);
#15616=AXIS2_PLACEMENT_3D('',#588,#15617,#15618);
#15617=DIRECTION('',(-0.00238050025653801,0.19684257603600966,-0.9804322176866876));
#15618=DIRECTION('',(-0.9620827574108233,-0.26786259510950605,-0.05144315342188839));
#15619=FACE_BOUND('',#15620,.T.);
#15620=EDGE_LOOP('',(#15621,#15622,#15623));
#15621=ORIENTED_EDGE('',*,*,#15624,.T.);
#15622=ORIENTED_EDGE('',*,*,#15625,.T.);
#15623=ORIENTED_EDGE('',*,*,#15626,.T.);
#15624=EDGE_CURVE('',#589,#757,#15627,.F.);
#15625=EDGE_CURVE('',#757,#755,#15628,.T.);
#15626=EDGE_CURVE('',#755,#589,#15629,.T.);
#15627=LINE('',#588,#15630);
#15628=LINE('',#756,#15631);
#15629=LINE('',#754,#15632);
#15630=VECTOR('',#15633,1.0);
#15631=VECTOR('',#15634,1.0);
#15632=VECTOR('',#15635,1.0);
#15633=DIRECTION('',(-0.9620827574108233,-0.26786259510950605,-0.05144315342188839));
#15634=DIRECTION('',(0,0.9804349956460567,0.1968431337703114));
#15635=DIRECTION('',(0.9999601217977413,-0.007970492074952623,-0.004028159670327816));
#15636=FACE_SURFACE('',(#15641),#15637,.T.);
#15637=PLANE('',#15638);
#15638=AXIS2_PLACEMENT_3D('',#754,#15639,#15640);
#15639=DIRECTION('',(0.0007001878081004003,0.5196373807543826,-0.8543866234087225));
#15640=DIRECTION('',(0.9867590497802309,0.13821530215971148,0.08487112539442011));
#15641=FACE_BOUND('',#15642,.T.);
#15642=EDGE_LOOP('',(#15643,#15644,#15645));
#15643=ORIENTED_EDGE('',*,*,#15646,.T.);
#15644=ORIENTED_EDGE('',*,*,#15647,.T.);
#15645=ORIENTED_EDGE('',*,*,#15648,.T.);
#15646=EDGE_CURVE('',#755,#607,#15649,.F.);
#15647=EDGE_CURVE('',#607,#589,#15650,.T.);
#15648=EDGE_CURVE('',#589,#755,#15651,.T.);
#15649=LINE('',#754,#15652);
#15650=LINE('',#606,#15653);
#15651=LINE('',#588,#15654);
#15652=VECTOR('',#15655,1.0);
#15653=VECTOR('',#15656,1.0);
#15654=VECTOR('',#15657,1.0);
#15655=DIRECTION('',(0.9867590497802309,0.13821530215971148,0.08487112539442011));
#15656=DIRECTION('',(0,-0.8543868328458598,-0.5196375081339113));
#15657=DIRECTION('',(-0.9999601217977413,0.007970492074952623,0.004028159670327816));
#15658=FACE_SURFACE('',(#15663),#15659,.T.);
#15659=PLANE('',#15660);
#15660=AXIS2_PLACEMENT_3D('',#606,#15661,#15662);
#15661=DIRECTION('',(0.005589653700579715,0.7479828499051203,-0.6636945170930088));
#15662=DIRECTION('',(-0.9995152351452844,0.024507080741486796,0.019201502701536758));
#15663=FACE_BOUND('',#15664,.T.);
#15664=EDGE_LOOP('',(#15665,#15666,#15667));
#15665=ORIENTED_EDGE('',*,*,#15668,.T.);
#15666=ORIENTED_EDGE('',*,*,#15669,.T.);
#15667=ORIENTED_EDGE('',*,*,#15670,.T.);
#15668=EDGE_CURVE('',#607,#753,#15671,.F.);
#15669=EDGE_CURVE('',#753,#585,#15672,.T.);
#15670=EDGE_CURVE('',#585,#607,#15673,.T.);
#15671=LINE('',#606,#15674);
#15672=LINE('',#752,#15675);
#15673=LINE('',#584,#15676);
#15674=VECTOR('',#15677,1.0);
#15675=VECTOR('',#15678,1.0);
#15676=VECTOR('',#15679,1.0);
#15677=DIRECTION('',(-0.9995152351452844,0.024507080741486796,0.019201502701536758));
#15678=DIRECTION('',(0.9772724759805793,0.13656404624984964,0.16213811693324034));
#15679=DIRECTION('',(0,-0.663704885647548,-0.7479945352524812));
#15680=FACE_SURFACE('',(#15685),#15681,.T.);
#15681=PLANE('',#15682);
#15682=AXIS2_PLACEMENT_3D('',#748,#15683,#15684);
#15683=DIRECTION('',(-0.014258402647627315,0.9916467183041938,0.1281931512619181));
#15684=DIRECTION('',(0,-0.12820618421414248,0.9917475355801241));
#15685=FACE_BOUND('',#15686,.T.);
#15686=EDGE_LOOP('',(#15687,#15688,#15689));
#15687=ORIENTED_EDGE('',*,*,#15690,.T.);
#15688=ORIENTED_EDGE('',*,*,#15691,.T.);
#15689=ORIENTED_EDGE('',*,*,#15692,.T.);
#15690=EDGE_CURVE('',#749,#767,#15693,.F.);
#15691=EDGE_CURVE('',#767,#583,#15694,.T.);
#15692=EDGE_CURVE('',#583,#749,#15695,.T.);
#15693=LINE('',#748,#15696);
#15694=LINE('',#766,#15697);
#15695=LINE('',#582,#15698);
#15696=VECTOR('',#15699,1.0);
#15697=VECTOR('',#15700,1.0);
#15698=VECTOR('',#15701,1.0);
#15699=DIRECTION('',(0,-0.12820618421414248,0.9917475355801241));
#15700=DIRECTION('',(0.9823301911969577,0.03781954748022192,-0.1832950552833862));
#15701=DIRECTION('',(-0.993396865361388,0.0005475839502133201,-0.11472736396337899));
#15702=FACE_SURFACE('',(#15707),#15703,.T.);
#15703=PLANE('',#15704);
#15704=AXIS2_PLACEMENT_3D('',#580,#15705,#15706);
#15705=DIRECTION('',(0.0011403521124167594,0.9781423899574866,0.20793307713135936));
#15706=DIRECTION('',(0,0.20793321232988368,-0.978143025947727));
#15707=FACE_BOUND('',#15708,.T.);
#15708=EDGE_LOOP('',(#15709,#15710,#15711));
#15709=ORIENTED_EDGE('',*,*,#15712,.T.);
#15710=ORIENTED_EDGE('',*,*,#15713,.T.);
#15711=ORIENTED_EDGE('',*,*,#15714,.T.);
#15712=EDGE_CURVE('',#581,#583,#15715,.F.);
#15713=EDGE_CURVE('',#583,#767,#15716,.T.);
#15714=EDGE_CURVE('',#767,#581,#15717,.T.);
#15715=LINE('',#580,#15718);
#15716=LINE('',#582,#15719);
#15717=LINE('',#766,#15720);
#15718=VECTOR('',#15721,1.0);
#15719=VECTOR('',#15722,1.0);
#15720=VECTOR('',#15723,1.0);
#15721=DIRECTION('',(0,0.20793321232988368,-0.978143025947727));
#15722=DIRECTION('',(-0.9823301911969577,-0.03781954748022192,0.1832950552833862));
#15723=DIRECTION('',(0.9998406911983115,-0.004819102147403971,0.01718628751579129));
#15724=FACE_SURFACE('',(#15729),#15725,.T.);
#15725=PLANE('',#15726);
#15726=AXIS2_PLACEMENT_3D('',#578,#15727,#15728);
#15727=DIRECTION('',(-0.003756794371230091,0.8844770642210216,0.4665685473357749));
#15728=DIRECTION('',(0,0.4665718398291437,-0.8844833058223585));
#15729=FACE_BOUND('',#15730,.T.);
#15730=EDGE_LOOP('',(#15731,#15732,#15733));
#15731=ORIENTED_EDGE('',*,*,#15734,.T.);
#15732=ORIENTED_EDGE('',*,*,#15735,.T.);
#15733=ORIENTED_EDGE('',*,*,#15736,.T.);
#15734=EDGE_CURVE('',#579,#581,#15737,.F.);
#15735=EDGE_CURVE('',#581,#767,#15738,.T.);
#15736=EDGE_CURVE('',#767,#579,#15739,.T.);
#15737=LINE('',#578,#15740);
#15738=LINE('',#580,#15741);
#15739=LINE('',#766,#15742);
#15740=VECTOR('',#15743,1.0);
#15741=VECTOR('',#15744,1.0);
#15742=VECTOR('',#15745,1.0);
#15743=DIRECTION('',(0,0.4665718398291437,-0.8844833058223585));
#15744=DIRECTION('',(-0.9998406911983115,0.004819102147403971,-0.01718628751579129));
#15745=DIRECTION('',(0.987450051336232,-0.07038497136780991,0.14138016806336515));
#15746=FACE_SURFACE('',(#15751),#15747,.T.);
#15747=PLANE('',#15748);
#15748=AXIS2_PLACEMENT_3D('',#766,#15749,#15750);
#15749=DIRECTION('',(-0.017680411259375042,0.8403050648487281,0.5418254341088781));
#15750=DIRECTION('',(0,-0.5419101404555857,0.8404364340456733));
#15751=FACE_BOUND('',#15752,.T.);
#15752=EDGE_LOOP('',(#15753,#15754,#15755));
#15753=ORIENTED_EDGE('',*,*,#15756,.T.);
#15754=ORIENTED_EDGE('',*,*,#15757,.T.);
#15755=ORIENTED_EDGE('',*,*,#15758,.T.);
#15756=EDGE_CURVE('',#767,#747,#15759,.F.);
#15757=EDGE_CURVE('',#747,#579,#15760,.T.);
#15758=EDGE_CURVE('',#579,#767,#15761,.T.);
#15759=LINE('',#766,#15762);
#15760=LINE('',#746,#15763);
#15761=LINE('',#578,#15764);
#15762=VECTOR('',#15765,1.0);
#15763=VECTOR('',#15766,1.0);
#15764=VECTOR('',#15767,1.0);
#15765=DIRECTION('',(0,-0.5419101404555857,0.8404364340456733));
#15766=DIRECTION('',(0.9900059267451433,0.09054522360488199,-0.10811950560297663));
#15767=DIRECTION('',(-0.987450051336232,0.07038497136780991,-0.14138016806336515));
#15768=FACE_SURFACE('',(#15773),#15769,.T.);
#15769=PLANE('',#15770);
#15770=AXIS2_PLACEMENT_3D('',#744,#15771,#15772);
#15771=DIRECTION('',(-0.0018892569024575167,0.6145502297594925,0.7888754311112189));
#15772=DIRECTION('',(0.9960634501240923,0.07106922443817529,-0.05297894548446738));
#15773=FACE_BOUND('',#15774,.T.);
#15774=EDGE_LOOP('',(#15775,#15776,#15777));
#15775=ORIENTED_EDGE('',*,*,#15778,.T.);
#15776=ORIENTED_EDGE('',*,*,#15779,.T.);
#15777=ORIENTED_EDGE('',*,*,#15780,.T.);
#15778=EDGE_CURVE('',#745,#577,#15781,.F.);
#15779=EDGE_CURVE('',#577,#747,#15782,.T.);
#15780=EDGE_CURVE('',#747,#745,#15783,.T.);
#15781=LINE('',#744,#15784);
#15782=LINE('',#576,#15785);
#15783=LINE('',#746,#15786);
#15784=VECTOR('',#15787,1.0);
#15785=VECTOR('',#15788,1.0);
#15786=VECTOR('',#15789,1.0);
#15787=DIRECTION('',(0.9960634501240923,0.07106922443817529,-0.05297894548446738));
#15788=DIRECTION('',(-0.9985716829311232,0.04096275555572446,-0.03430228425901323));
#15789=DIRECTION('',(0,-0.7888768389782297,0.6145513265169282));
#15790=FACE_SURFACE('',(#15795),#15791,.T.);
#15791=PLANE('',#15792);
#15792=AXIS2_PLACEMENT_3D('',#742,#15793,#15794);
#15793=DIRECTION('',(0.06214163171532023,0.43418316585627453,0.8986786945815397));
#15794=DIRECTION('',(0.9743523587122273,-0.22150808713392084,0.0396440210648522));
#15795=FACE_BOUND('',#15796,.T.);
#15796=EDGE_LOOP('',(#15797,#15798,#15799));
#15797=ORIENTED_EDGE('',*,*,#15800,.T.);
#15798=ORIENTED_EDGE('',*,*,#15801,.T.);
#15799=ORIENTED_EDGE('',*,*,#15802,.T.);
#15800=EDGE_CURVE('',#743,#485,#15803,.F.);
#15801=EDGE_CURVE('',#485,#745,#15804,.T.);
#15802=EDGE_CURVE('',#745,#743,#15805,.T.);
#15803=LINE('',#742,#15806);
#15804=LINE('',#484,#15807);
#15805=LINE('',#744,#15808);
#15806=VECTOR('',#15809,1.0);
#15807=VECTOR('',#15810,1.0);
#15808=VECTOR('',#15811,1.0);
#15809=DIRECTION('',(0.9743523587122273,-0.22150808713392084,0.0396440210648522));
#15810=DIRECTION('',(-0.937828668427532,0.3334814767524971,-0.09626782088743767));
#15811=DIRECTION('',(0,-0.9004188970696327,0.43502391865264856));
#15812=FACE_SURFACE('',(#15817),#15813,.T.);
#15813=PLANE('',#15814);
#15814=AXIS2_PLACEMENT_3D('',#672,#15815,#15816);
#15815=DIRECTION('',(0.7432907625209965,-0,0.6689684912990712));
#15816=DIRECTION('',(0,1,0));
#15817=FACE_BOUND('',#15818,.T.);
#15818=EDGE_LOOP('',(#15819,#15820,#15821));
#15819=ORIENTED_EDGE('',*,*,#15822,.T.);
#15820=ORIENTED_EDGE('',*,*,#15823,.T.);
#15821=ORIENTED_EDGE('',*,*,#15824,.T.);
#15822=EDGE_CURVE('',#673,#617,#15825,.F.);
#15823=EDGE_CURVE('',#617,#539,#15826,.T.);
#15824=EDGE_CURVE('',#539,#673,#15827,.T.);
#15825=LINE('',#672,#15828);
#15826=LINE('',#616,#15829);
#15827=LINE('',#538,#15830);
#15828=VECTOR('',#15831,1.0);
#15829=VECTOR('',#15832,1.0);
#15830=VECTOR('',#15833,1.0);
#15831=DIRECTION('',(0,1,0));
#15832=DIRECTION('',(-0.6689684912990712,0,0.7432907625209965));
#15833=DIRECTION('',(0.6270635834589289,-0.3483651137239913,-0.6967302274479826));
#15834=FACE_SURFACE('',(#15839),#15835,.T.);
#15835=PLANE('',#15836);
#15836=AXIS2_PLACEMENT_3D('',#672,#15837,#15838);
#15837=DIRECTION('',(0.7432907625209965,0,0.6689684912990712));
#15838=DIRECTION('',(-0.6270635834589289,0.3483651137239913,0.6967302274479826));
#15839=FACE_BOUND('',#15840,.T.);
#15840=EDGE_LOOP('',(#15841,#15842,#15843));
#15841=ORIENTED_EDGE('',*,*,#15844,.T.);
#15842=ORIENTED_EDGE('',*,*,#15845,.T.);
#15843=ORIENTED_EDGE('',*,*,#15846,.T.);
#15844=EDGE_CURVE('',#673,#539,#15847,.F.);
#15845=EDGE_CURVE('',#539,#535,#15848,.T.);
#15846=EDGE_CURVE('',#535,#673,#15849,.T.);
#15847=LINE('',#672,#15850);
#15848=LINE('',#538,#15851);
#15849=LINE('',#534,#15852);
#15850=VECTOR('',#15853,1.0);
#15851=VECTOR('',#15854,1.0);
#15852=VECTOR('',#15855,1.0);
#15853=DIRECTION('',(-0.6270635834589289,0.3483651137239913,0.6967302274479826));
#15854=DIRECTION('',(0,-1,0));
#15855=DIRECTION('',(0.6689684912990712,0,-0.7432907625209965));
#15856=FACE_SURFACE('',(#15861),#15857,.T.);
#15857=PLANE('',#15858);
#15858=AXIS2_PLACEMENT_3D('',#684,#15859,#15860);
#15859=DIRECTION('',(0.6457698350467242,-0.004425547442387534,-0.763519308644884));
#15860=DIRECTION('',(0.027603627233491912,0.9994648145713404,0.017553466820855908));
#15861=FACE_BOUND('',#15862,.T.);
#15862=EDGE_LOOP('',(#15863,#15864,#15865));
#15863=ORIENTED_EDGE('',*,*,#15866,.T.);
#15864=ORIENTED_EDGE('',*,*,#15867,.T.);
#15865=ORIENTED_EDGE('',*,*,#15868,.T.);
#15866=EDGE_CURVE('',#685,#631,#15869,.F.);
#15867=EDGE_CURVE('',#631,#683,#15870,.T.);
#15868=EDGE_CURVE('',#683,#685,#15871,.T.);
#15869=LINE('',#684,#15872);
#15870=LINE('',#630,#15873);
#15871=LINE('',#682,#15874);
#15872=VECTOR('',#15875,1.0);
#15873=VECTOR('',#15876,1.0);
#15874=VECTOR('',#15877,1.0);
#15875=DIRECTION('',(0.027603627233491912,0.9994648145713404,0.017553466820855908));
#15876=DIRECTION('',(0.1793309189400634,-0.9711313091766646,0.15730353412727177));
#15877=DIRECTION('',(-0.7635267856970354,0,-0.6457761589925364));
#15878=FACE_SURFACE('',(#15883),#15879,.T.);
#15879=PLANE('',#15880);
#15880=AXIS2_PLACEMENT_3D('',#686,#15881,#15882);
#15881=DIRECTION('',(0.24162257826812752,0.010368279984157493,-0.9703149119957049));
#15882=DIRECTION('',(0.22977541252787298,0.9708937095697411,0.06759189681872473));
#15883=FACE_BOUND('',#15884,.T.);
#15884=EDGE_LOOP('',(#15885,#15886,#15887));
#15885=ORIENTED_EDGE('',*,*,#15888,.T.);
#15886=ORIENTED_EDGE('',*,*,#15889,.T.);
#15887=ORIENTED_EDGE('',*,*,#15890,.T.);
#15888=EDGE_CURVE('',#687,#631,#15891,.F.);
#15889=EDGE_CURVE('',#631,#685,#15892,.T.);
#15890=EDGE_CURVE('',#685,#687,#15893,.T.);
#15891=LINE('',#686,#15894);
#15892=LINE('',#630,#15895);
#15893=LINE('',#684,#15896);
#15894=VECTOR('',#15897,1.0);
#15895=VECTOR('',#15898,1.0);
#15896=VECTOR('',#15899,1.0);
#15897=DIRECTION('',(0.22977541252787298,0.9708937095697411,0.06759189681872473));
#15898=DIRECTION('',(-0.027603627233491912,-0.9994648145713404,-0.017553466820855908));
#15899=DIRECTION('',(-0.9703670712243095,0,-0.24163556667749866));
#15900=FACE_SURFACE('',(#15905),#15901,.T.);
#15901=PLANE('',#15902);
#15902=AXIS2_PLACEMENT_3D('',#630,#15903,#15904);
#15903=DIRECTION('',(0.2822081834133657,0,-0.9593531889843949));
#15904=DIRECTION('',(-0.22977541252787298,-0.9708937095697411,-0.06759189681872473));
#15905=FACE_BOUND('',#15906,.T.);
#15906=EDGE_LOOP('',(#15907,#15908,#15909));
#15907=ORIENTED_EDGE('',*,*,#15910,.T.);
#15908=ORIENTED_EDGE('',*,*,#15911,.T.);
#15909=ORIENTED_EDGE('',*,*,#15912,.T.);
#15910=EDGE_CURVE('',#631,#687,#15913,.F.);
#15911=EDGE_CURVE('',#687,#627,#15914,.T.);
#15912=EDGE_CURVE('',#627,#631,#15915,.T.);
#15913=LINE('',#630,#15916);
#15914=LINE('',#686,#15917);
#15915=LINE('',#626,#15918);
#15916=VECTOR('',#15919,1.0);
#15917=VECTOR('',#15920,1.0);
#15918=VECTOR('',#15921,1.0);
#15919=DIRECTION('',(-0.22977541252787298,-0.9708937095697411,-0.06759189681872473));
#15920=DIRECTION('',(0,1,0));
#15921=DIRECTION('',(0.9593531889843949,0,0.2822081834133657));
#15922=FACE_SURFACE('',(#15927),#15923,.T.);
#15923=PLANE('',#15924);
#15924=AXIS2_PLACEMENT_3D('',#682,#15925,#15926);
#15925=DIRECTION('',(0.907649608290627,0.10164442606443864,-0.4072353118528677));
#15926=DIRECTION('',(-0.1793309189400634,0.9711313091766646,-0.15730353412727177));
#15927=FACE_BOUND('',#15928,.T.);
#15928=EDGE_LOOP('',(#15929,#15930,#15931));
#15929=ORIENTED_EDGE('',*,*,#15932,.T.);
#15930=ORIENTED_EDGE('',*,*,#15933,.T.);
#15931=ORIENTED_EDGE('',*,*,#15934,.T.);
#15932=EDGE_CURVE('',#683,#631,#15935,.F.);
#15933=EDGE_CURVE('',#631,#681,#15936,.T.);
#15934=EDGE_CURVE('',#681,#683,#15937,.T.);
#15935=LINE('',#682,#15938);
#15936=LINE('',#630,#15939);
#15937=LINE('',#680,#15940);
#15938=VECTOR('',#15941,1.0);
#15939=VECTOR('',#15942,1.0);
#15940=VECTOR('',#15943,1.0);
#15941=DIRECTION('',(-0.1793309189400634,0.9711313091766646,-0.15730353412727177));
#15942=DIRECTION('',(0.22330423616609527,-0.9384677710261139,0.26346434456213313));
#15943=DIRECTION('',(-0.40935544836086,0,-0.9123749869967278));
#15944=FACE_SURFACE('',(#15949),#15945,.T.);
#15945=PLANE('',#15946);
#15946=AXIS2_PLACEMENT_3D('',#632,#15947,#15948);
#15947=DIRECTION('',(0.7628536578134427,0,-0.6465711846043333));
#15948=DIRECTION('',(0,-1,0));
#15949=FACE_BOUND('',#15950,.T.);
#15950=EDGE_LOOP('',(#15951,#15952,#15953));
#15951=ORIENTED_EDGE('',*,*,#15954,.T.);
#15952=ORIENTED_EDGE('',*,*,#15955,.T.);
#15953=ORIENTED_EDGE('',*,*,#15956,.T.);
#15954=EDGE_CURVE('',#633,#681,#15957,.F.);
#15955=EDGE_CURVE('',#681,#631,#15958,.T.);
#15956=EDGE_CURVE('',#631,#633,#15959,.T.);
#15957=LINE('',#632,#15960);
#15958=LINE('',#680,#15961);
#15959=LINE('',#630,#15962);
#15960=VECTOR('',#15963,1.0);
#15961=VECTOR('',#15964,1.0);
#15962=VECTOR('',#15965,1.0);
#15963=DIRECTION('',(0,-1,0));
#15964=DIRECTION('',(-0.22330423616609527,0.9384677710261139,-0.26346434456213313));
#15965=DIRECTION('',(0.6465711846043333,0,0.7628536578134427));
#15966=FACE_SURFACE('',(#15971),#15967,.T.);
#15967=PLANE('',#15968);
#15968=AXIS2_PLACEMENT_3D('',#676,#15969,#15970);
#15969=DIRECTION('',(0.9859087841139571,0,-0.1672837989972086));
#15970=DIRECTION('',(-0.1672837989972086,0,-0.9859087841139571));
#15971=FACE_BOUND('',#15972,.T.);
#15972=EDGE_LOOP('',(#15973,#15974,#15975));
#15973=ORIENTED_EDGE('',*,*,#15976,.T.);
#15974=ORIENTED_EDGE('',*,*,#15977,.T.);
#15975=ORIENTED_EDGE('',*,*,#15978,.T.);
#15976=EDGE_CURVE('',#677,#681,#15979,.F.);
#15977=EDGE_CURVE('',#681,#651,#15980,.T.);
#15978=EDGE_CURVE('',#651,#677,#15981,.T.);
#15979=LINE('',#676,#15982);
#15980=LINE('',#680,#15983);
#15981=LINE('',#650,#15984);
#15982=VECTOR('',#15985,1.0);
#15983=VECTOR('',#15986,1.0);
#15984=VECTOR('',#15987,1.0);
#15985=DIRECTION('',(-0.1672837989972086,0,-0.9859087841139571));
#15986=DIRECTION('',(0.025103112556565693,0.9886764329970488,0.1479484524292306));
#15987=DIRECTION('',(0,-1,0));
#15988=FACE_SURFACE('',(#15993),#15989,.T.);
#15989=PLANE('',#15990);
#15990=AXIS2_PLACEMENT_3D('',#632,#15991,#15992);
#15991=DIRECTION('',(0.9859087841139571,0,-0.1672837989972086));
#15992=DIRECTION('',(0.1672837989972086,0,0.9859087841139571));
#15993=FACE_BOUND('',#15994,.T.);
#15994=EDGE_LOOP('',(#15995,#15996,#15997));
#15995=ORIENTED_EDGE('',*,*,#15998,.T.);
#15996=ORIENTED_EDGE('',*,*,#15999,.T.);
#15997=ORIENTED_EDGE('',*,*,#16000,.T.);
#15998=EDGE_CURVE('',#633,#651,#16001,.F.);
#15999=EDGE_CURVE('',#651,#681,#16002,.T.);
#16000=EDGE_CURVE('',#681,#633,#16003,.T.);
#16001=LINE('',#632,#16004);
#16002=LINE('',#650,#16005);
#16003=LINE('',#680,#16006);
#16004=VECTOR('',#16007,1.0);
#16005=VECTOR('',#16008,1.0);
#16006=VECTOR('',#16009,1.0);
#16007=DIRECTION('',(0.1672837989972086,0,0.9859087841139571));
#16008=DIRECTION('',(-0.025103112556565693,-0.9886764329970488,-0.1479484524292306));
#16009=DIRECTION('',(0,1,0));
#16010=FACE_SURFACE('',(#16015),#16011,.T.);
#16011=PLANE('',#16012);
#16012=AXIS2_PLACEMENT_3D('',#688,#16013,#16014);
#16013=DIRECTION('',(0,0,-1));
#16014=DIRECTION('',(0,1,0));
#16015=FACE_BOUND('',#16016,.T.);
#16016=EDGE_LOOP('',(#16017,#16018,#16019));
#16017=ORIENTED_EDGE('',*,*,#16020,.T.);
#16018=ORIENTED_EDGE('',*,*,#16021,.T.);
#16019=ORIENTED_EDGE('',*,*,#16022,.T.);
#16020=EDGE_CURVE('',#689,#661,#16023,.F.);
#16021=EDGE_CURVE('',#661,#627,#16024,.T.);
#16022=EDGE_CURVE('',#627,#689,#16025,.T.);
#16023=LINE('',#688,#16026);
#16024=LINE('',#660,#16027);
#16025=LINE('',#626,#16028);
#16026=VECTOR('',#16029,1.0);
#16027=VECTOR('',#16030,1.0);
#16028=VECTOR('',#16031,1.0);
#16029=DIRECTION('',(0,1,0));
#16030=DIRECTION('',(1,0,0));
#16031=DIRECTION('',(-0.9887154221471693,-0.149805921139135,0));
#16032=FACE_SURFACE('',(#16037),#16033,.T.);
#16033=PLANE('',#16034);
#16034=AXIS2_PLACEMENT_3D('',#688,#16035,#16036);
#16035=DIRECTION('',(0,0,-1));
#16036=DIRECTION('',(0.9887154221471693,0.149805921139135,0));
#16037=FACE_BOUND('',#16038,.T.);
#16038=EDGE_LOOP('',(#16039,#16040,#16041));
#16039=ORIENTED_EDGE('',*,*,#16042,.T.);
#16040=ORIENTED_EDGE('',*,*,#16043,.T.);
#16041=ORIENTED_EDGE('',*,*,#16044,.T.);
#16042=EDGE_CURVE('',#689,#627,#16045,.F.);
#16043=EDGE_CURVE('',#627,#687,#16046,.T.);
#16044=EDGE_CURVE('',#687,#689,#16047,.T.);
#16045=LINE('',#688,#16048);
#16046=LINE('',#626,#16049);
#16047=LINE('',#686,#16050);
#16048=VECTOR('',#16051,1.0);
#16049=VECTOR('',#16052,1.0);
#16050=VECTOR('',#16053,1.0);
#16051=DIRECTION('',(0.9887154221471693,0.149805921139135,0));
#16052=DIRECTION('',(0,-1,0));
#16053=DIRECTION('',(-1,0,0));
#16054=FACE_SURFACE('',(#16059),#16055,.T.);
#16055=PLANE('',#16056);
#16056=AXIS2_PLACEMENT_3D('',#618,#16057,#16058);
#16057=DIRECTION('',(-0.9855595166801199,-0.026615658149891225,-0.16722453714242067));
#16058=DIRECTION('',(0.1672837989972086,0,-0.9859087841139571));
#16059=FACE_BOUND('',#16060,.T.);
#16060=EDGE_LOOP('',(#16061,#16062,#16063));
#16061=ORIENTED_EDGE('',*,*,#16064,.T.);
#16062=ORIENTED_EDGE('',*,*,#16065,.T.);
#16063=ORIENTED_EDGE('',*,*,#16066,.T.);
#16064=EDGE_CURVE('',#619,#623,#16067,.F.);
#16065=EDGE_CURVE('',#623,#693,#16068,.T.);
#16066=EDGE_CURVE('',#693,#619,#16069,.T.);
#16067=LINE('',#618,#16070);
#16068=LINE('',#622,#16071);
#16069=LINE('',#692,#16072);
#16070=VECTOR('',#16073,1.0);
#16071=VECTOR('',#16074,1.0);
#16072=VECTOR('',#16075,1.0);
#16073=DIRECTION('',(0.1672837989972086,0,-0.9859087841139571));
#16074=DIRECTION('',(0.03941247205187212,-0.9965029970646185,-0.07367790637629103));
#16075=DIRECTION('',(-0.06324979533005898,0.9739517356087277,0.21775555123911872));
#16076=FACE_SURFACE('',(#16081),#16077,.T.);
#16077=PLANE('',#16078);
#16078=AXIS2_PLACEMENT_3D('',#618,#16079,#16080);
#16079=DIRECTION('',(-0.9603102729551337,-0,-0.2789340059168776));
#16080=DIRECTION('',(0.06324979533005898,-0.9739517356087277,-0.21775555123911872));
#16081=FACE_BOUND('',#16082,.T.);
#16082=EDGE_LOOP('',(#16083,#16084,#16085));
#16083=ORIENTED_EDGE('',*,*,#16086,.T.);
#16084=ORIENTED_EDGE('',*,*,#16087,.T.);
#16085=ORIENTED_EDGE('',*,*,#16088,.T.);
#16086=EDGE_CURVE('',#619,#693,#16089,.F.);
#16087=EDGE_CURVE('',#693,#715,#16090,.T.);
#16088=EDGE_CURVE('',#715,#619,#16091,.T.);
#16089=LINE('',#618,#16092);
#16090=LINE('',#692,#16093);
#16091=LINE('',#714,#16094);
#16092=VECTOR('',#16095,1.0);
#16093=VECTOR('',#16096,1.0);
#16094=VECTOR('',#16097,1.0);
#16095=DIRECTION('',(0.06324979533005898,-0.9739517356087277,-0.21775555123911872));
#16096=DIRECTION('',(-0.2789340059168776,0,0.9603102729551337));
#16097=DIRECTION('',(0,1,0));
#16098=FACE_SURFACE('',(#16103),#16099,.T.);
#16099=PLANE('',#16100);
#16100=AXIS2_PLACEMENT_3D('',#692,#16101,#16102);
#16101=DIRECTION('',(-0.5358203794320391,0.041160583631216295,-0.8433281255480831));
#16102=DIRECTION('',(-0.03941247205187212,0.9965029970646185,0.07367790637629103));
#16103=FACE_BOUND('',#16104,.T.);
#16104=EDGE_LOOP('',(#16105,#16106,#16107));
#16105=ORIENTED_EDGE('',*,*,#16108,.T.);
#16106=ORIENTED_EDGE('',*,*,#16109,.T.);
#16107=ORIENTED_EDGE('',*,*,#16110,.T.);
#16108=EDGE_CURVE('',#693,#623,#16111,.F.);
#16109=EDGE_CURVE('',#623,#689,#16112,.T.);
#16110=EDGE_CURVE('',#689,#693,#16113,.T.);
#16111=LINE('',#692,#16114);
#16112=LINE('',#622,#16115);
#16113=LINE('',#688,#16116);
#16114=VECTOR('',#16117,1.0);
#16115=VECTOR('',#16118,1.0);
#16116=VECTOR('',#16119,1.0);
#16117=DIRECTION('',(-0.03941247205187212,0.9965029970646185,0.07367790637629103));
#16118=DIRECTION('',(0.40878100023446035,-0.8612998852676695,-0.30176249184617554));
#16119=DIRECTION('',(-0.8440434151312282,0,0.536274848723687));
#16120=FACE_SURFACE('',(#16125),#16121,.T.);
#16121=PLANE('',#16122);
#16122=AXIS2_PLACEMENT_3D('',#624,#16123,#16124);
#16123=DIRECTION('',(-0.7144085821731733,-0.09623995652974558,-0.6930788183781619));
#16124=DIRECTION('',(0.16671638611264994,-0.9853828535604823,-0.035018259673192796));
#16125=FACE_BOUND('',#16126,.T.);
#16126=EDGE_LOOP('',(#16127,#16128,#16129));
#16127=ORIENTED_EDGE('',*,*,#16130,.T.);
#16128=ORIENTED_EDGE('',*,*,#16131,.T.);
#16129=ORIENTED_EDGE('',*,*,#16132,.T.);
#16130=EDGE_CURVE('',#625,#689,#16133,.F.);
#16131=EDGE_CURVE('',#689,#623,#16134,.T.);
#16132=EDGE_CURVE('',#623,#625,#16135,.T.);
#16133=LINE('',#624,#16136);
#16134=LINE('',#688,#16137);
#16135=LINE('',#622,#16138);
#16136=VECTOR('',#16139,1.0);
#16137=VECTOR('',#16140,1.0);
#16138=VECTOR('',#16141,1.0);
#16139=DIRECTION('',(0.16671638611264994,-0.9853828535604823,-0.035018259673192796));
#16140=DIRECTION('',(-0.40878100023446035,0.8612998852676695,0.30176249184617554));
#16141=DIRECTION('',(0.6963109811126343,0,-0.7177402159430392));
#16142=FACE_SURFACE('',(#16147),#16143,.T.);
#16143=PLANE('',#16144);
#16144=AXIS2_PLACEMENT_3D('',#688,#16145,#16146);
#16145=DIRECTION('',(-0.2055611915690851,0,-0.9786442645418701));
#16146=DIRECTION('',(-0.16671638611264994,0.9853828535604823,0.035018259673192796));
#16147=FACE_BOUND('',#16148,.T.);
#16148=EDGE_LOOP('',(#16149,#16150,#16151));
#16149=ORIENTED_EDGE('',*,*,#16152,.T.);
#16150=ORIENTED_EDGE('',*,*,#16153,.T.);
#16151=ORIENTED_EDGE('',*,*,#16154,.T.);
#16152=EDGE_CURVE('',#689,#625,#16155,.F.);
#16153=EDGE_CURVE('',#625,#661,#16156,.T.);
#16154=EDGE_CURVE('',#661,#689,#16157,.T.);
#16155=LINE('',#688,#16158);
#16156=LINE('',#624,#16159);
#16157=LINE('',#660,#16160);
#16158=VECTOR('',#16161,1.0);
#16159=VECTOR('',#16162,1.0);
#16160=VECTOR('',#16163,1.0);
#16161=DIRECTION('',(-0.16671638611264994,0.9853828535604823,0.035018259673192796));
#16162=DIRECTION('',(0.9786442645418701,0,-0.2055611915690851));
#16163=DIRECTION('',(0,-1,0));
#16164=FACE_SURFACE('',(#16169),#16165,.T.);
#16165=PLANE('',#16166);
#16166=AXIS2_PLACEMENT_3D('',#668,#16167,#16168);
#16167=DIRECTION('',(-1,0,0));
#16168=DIRECTION('',(0,1,0));
#16169=FACE_BOUND('',#16170,.T.);
#16170=EDGE_LOOP('',(#16171,#16172,#16173));
#16171=ORIENTED_EDGE('',*,*,#16174,.T.);
#16172=ORIENTED_EDGE('',*,*,#16175,.T.);
#16173=ORIENTED_EDGE('',*,*,#16176,.T.);
#16174=EDGE_CURVE('',#669,#613,#16177,.F.);
#16175=EDGE_CURVE('',#613,#619,#16178,.T.);
#16176=EDGE_CURVE('',#619,#669,#16179,.T.);
#16177=LINE('',#668,#16180);
#16178=LINE('',#612,#16181);
#16179=LINE('',#618,#16182);
#16180=VECTOR('',#16183,1.0);
#16181=VECTOR('',#16184,1.0);
#16182=VECTOR('',#16185,1.0);
#16183=DIRECTION('',(0,1,0));
#16184=DIRECTION('',(0,0,-1));
#16185=DIRECTION('',(0,-0.07074429725838391,0.9974944833959822));
#16186=FACE_SURFACE('',(#16191),#16187,.T.);
#16187=PLANE('',#16188);
#16188=AXIS2_PLACEMENT_3D('',#668,#16189,#16190);
#16189=DIRECTION('',(-1,0,0));
#16190=DIRECTION('',(0,0.07074429725838391,-0.9974944833959822));
#16191=FACE_BOUND('',#16192,.T.);
#16192=EDGE_LOOP('',(#16193,#16194,#16195));
#16193=ORIENTED_EDGE('',*,*,#16196,.T.);
#16194=ORIENTED_EDGE('',*,*,#16197,.T.);
#16195=ORIENTED_EDGE('',*,*,#16198,.T.);
#16196=EDGE_CURVE('',#669,#619,#16199,.F.);
#16197=EDGE_CURVE('',#619,#715,#16200,.T.);
#16198=EDGE_CURVE('',#715,#669,#16201,.T.);
#16199=LINE('',#668,#16202);
#16200=LINE('',#618,#16203);
#16201=LINE('',#714,#16204);
#16202=VECTOR('',#16205,1.0);
#16203=VECTOR('',#16206,1.0);
#16204=VECTOR('',#16207,1.0);
#16205=DIRECTION('',(0,0.07074429725838391,-0.9974944833959822));
#16206=DIRECTION('',(0,-1,0));
#16207=DIRECTION('',(0,0,1));
#16208=FACE_SURFACE('',(#16213),#16209,.T.);
#16209=PLANE('',#16210);
#16210=AXIS2_PLACEMENT_3D('',#674,#16211,#16212);
#16211=DIRECTION('',(0.20260347430213377,0,-0.9792608601392708));
#16212=DIRECTION('',(0,1,0));
#16213=FACE_BOUND('',#16214,.T.);
#16214=EDGE_LOOP('',(#16215,#16216,#16217));
#16215=ORIENTED_EDGE('',*,*,#16218,.T.);
#16216=ORIENTED_EDGE('',*,*,#16219,.T.);
#16217=ORIENTED_EDGE('',*,*,#16220,.T.);
#16218=EDGE_CURVE('',#675,#615,#16221,.F.);
#16219=EDGE_CURVE('',#615,#613,#16222,.T.);
#16220=EDGE_CURVE('',#613,#675,#16223,.T.);
#16221=LINE('',#674,#16224);
#16222=LINE('',#614,#16225);
#16223=LINE('',#612,#16226);
#16224=VECTOR('',#16227,1.0);
#16225=VECTOR('',#16228,1.0);
#16226=VECTOR('',#16229,1.0);
#16227=DIRECTION('',(0,1,0));
#16228=DIRECTION('',(0.9792608601392708,0,0.20260347430213377));
#16229=DIRECTION('',(-0.9277933720166935,-0.3199260556282676,-0.19195514520854073));
#16230=FACE_SURFACE('',(#16235),#16231,.T.);
#16231=PLANE('',#16232);
#16232=AXIS2_PLACEMENT_3D('',#674,#16233,#16234);
#16233=DIRECTION('',(0.20260347430213377,0,-0.9792608601392708));
#16234=DIRECTION('',(0.9277933720166935,0.3199260556282676,0.19195514520854073));
#16235=FACE_BOUND('',#16236,.T.);
#16236=EDGE_LOOP('',(#16237,#16238,#16239));
#16237=ORIENTED_EDGE('',*,*,#16240,.T.);
#16238=ORIENTED_EDGE('',*,*,#16241,.T.);
#16239=ORIENTED_EDGE('',*,*,#16242,.T.);
#16240=EDGE_CURVE('',#675,#613,#16243,.F.);
#16241=EDGE_CURVE('',#613,#669,#16244,.T.);
#16242=EDGE_CURVE('',#669,#675,#16245,.T.);
#16243=LINE('',#674,#16246);
#16244=LINE('',#612,#16247);
#16245=LINE('',#668,#16248);
#16246=VECTOR('',#16249,1.0);
#16247=VECTOR('',#16250,1.0);
#16248=VECTOR('',#16251,1.0);
#16249=DIRECTION('',(0.9277933720166935,0.3199260556282676,0.19195514520854073));
#16250=DIRECTION('',(0,-1,0));
#16251=DIRECTION('',(-0.9792608601392708,0,-0.20260347430213377));
#16252=FACE_SURFACE('',(#16257),#16253,.T.);
#16253=PLANE('',#16254);
#16254=AXIS2_PLACEMENT_3D('',#532,#16255,#16256);
#16255=DIRECTION('',(-0.7432907625209965,0,0.6689684912990712));
#16256=DIRECTION('',(0,1,0));
#16257=FACE_BOUND('',#16258,.T.);
#16258=EDGE_LOOP('',(#16259,#16260,#16261));
#16259=ORIENTED_EDGE('',*,*,#16262,.T.);
#16260=ORIENTED_EDGE('',*,*,#16263,.T.);
#16261=ORIENTED_EDGE('',*,*,#16264,.T.);
#16262=EDGE_CURVE('',#533,#537,#16265,.F.);
#16263=EDGE_CURVE('',#537,#615,#16266,.T.);
#16264=EDGE_CURVE('',#615,#533,#16267,.T.);
#16265=LINE('',#532,#16268);
#16266=LINE('',#536,#16269);
#16267=LINE('',#614,#16270);
#16268=VECTOR('',#16271,1.0);
#16269=VECTOR('',#16272,1.0);
#16270=VECTOR('',#16273,1.0);
#16271=DIRECTION('',(0,1,0));
#16272=DIRECTION('',(-0.6689684912990712,0,-0.7432907625209965));
#16273=DIRECTION('',(0.6270635834589289,-0.3483651137239913,0.6967302274479826));
#16274=FACE_SURFACE('',(#16279),#16275,.T.);
#16275=PLANE('',#16276);
#16276=AXIS2_PLACEMENT_3D('',#532,#16277,#16278);
#16277=DIRECTION('',(-0.7432907625209965,0,0.6689684912990712));
#16278=DIRECTION('',(-0.6270635834589289,0.3483651137239913,-0.6967302274479826));
#16279=FACE_BOUND('',#16280,.T.);
#16280=EDGE_LOOP('',(#16281,#16282,#16283));
#16281=ORIENTED_EDGE('',*,*,#16284,.T.);
#16282=ORIENTED_EDGE('',*,*,#16285,.T.);
#16283=ORIENTED_EDGE('',*,*,#16286,.T.);
#16284=EDGE_CURVE('',#533,#615,#16287,.F.);
#16285=EDGE_CURVE('',#615,#675,#16288,.T.);
#16286=EDGE_CURVE('',#675,#533,#16289,.T.);
#16287=LINE('',#532,#16290);
#16288=LINE('',#614,#16291);
#16289=LINE('',#674,#16292);
#16290=VECTOR('',#16293,1.0);
#16291=VECTOR('',#16294,1.0);
#16292=VECTOR('',#16295,1.0);
#16293=DIRECTION('',(-0.6270635834589289,0.3483651137239913,-0.6967302274479826));
#16294=DIRECTION('',(0,-1,0));
#16295=DIRECTION('',(0.6689684912990712,0,0.7432907625209965));
#16296=FACE_SURFACE('',(#16301),#16297,.T.);
#16297=PLANE('',#16298);
#16298=AXIS2_PLACEMENT_3D('',#670,#16299,#16300);
#16299=DIRECTION('',(-0.20260347430213377,0,-0.9792608601392708));
#16300=DIRECTION('',(0.9277933720166935,0.3199260556282676,-0.19195514520854073));
#16301=FACE_BOUND('',#16302,.T.);
#16302=EDGE_LOOP('',(#16303,#16304,#16305));
#16303=ORIENTED_EDGE('',*,*,#16306,.T.);
#16304=ORIENTED_EDGE('',*,*,#16307,.T.);
#16305=ORIENTED_EDGE('',*,*,#16308,.T.);
#16306=EDGE_CURVE('',#671,#617,#16309,.F.);
#16307=EDGE_CURVE('',#617,#673,#16310,.T.);
#16308=EDGE_CURVE('',#673,#671,#16311,.T.);
#16309=LINE('',#670,#16312);
#16310=LINE('',#616,#16313);
#16311=LINE('',#672,#16314);
#16312=VECTOR('',#16315,1.0);
#16313=VECTOR('',#16316,1.0);
#16314=VECTOR('',#16317,1.0);
#16315=DIRECTION('',(0.9277933720166935,0.3199260556282676,-0.19195514520854073));
#16316=DIRECTION('',(0,-1,0));
#16317=DIRECTION('',(-0.9792608601392708,0,0.20260347430213377));
#16318=FACE_SURFACE('',(#16323),#16319,.T.);
#16319=PLANE('',#16320);
#16320=AXIS2_PLACEMENT_3D('',#616,#16321,#16322);
#16321=DIRECTION('',(-0.20260347430213377,0,-0.9792608601392708));
#16322=DIRECTION('',(-0.9277933720166935,-0.3199260556282676,0.19195514520854073));
#16323=FACE_BOUND('',#16324,.T.);
#16324=EDGE_LOOP('',(#16325,#16326,#16327));
#16325=ORIENTED_EDGE('',*,*,#16328,.T.);
#16326=ORIENTED_EDGE('',*,*,#16329,.T.);
#16327=ORIENTED_EDGE('',*,*,#16330,.T.);
#16328=EDGE_CURVE('',#617,#671,#16331,.F.);
#16329=EDGE_CURVE('',#671,#611,#16332,.T.);
#16330=EDGE_CURVE('',#611,#617,#16333,.T.);
#16331=LINE('',#616,#16334);
#16332=LINE('',#670,#16335);
#16333=LINE('',#610,#16336);
#16334=VECTOR('',#16337,1.0);
#16335=VECTOR('',#16338,1.0);
#16336=VECTOR('',#16339,1.0);
#16337=DIRECTION('',(-0.9277933720166935,-0.3199260556282676,0.19195514520854073));
#16338=DIRECTION('',(0,1,0));
#16339=DIRECTION('',(0.9792608601392708,0,-0.20260347430213377));
#16340=FACE_SURFACE('',(#16345),#16341,.T.);
#16341=PLANE('',#16342);
#16342=AXIS2_PLACEMENT_3D('',#676,#16343,#16344);
#16343=DIRECTION('',(1,0,0));
#16344=DIRECTION('',(0,1,0));
#16345=FACE_BOUND('',#16346,.T.);
#16346=EDGE_LOOP('',(#16347,#16348,#16349));
#16347=ORIENTED_EDGE('',*,*,#16350,.T.);
#16348=ORIENTED_EDGE('',*,*,#16351,.T.);
#16349=ORIENTED_EDGE('',*,*,#16352,.T.);
#16350=EDGE_CURVE('',#677,#651,#16353,.F.);
#16351=EDGE_CURVE('',#651,#611,#16354,.T.);
#16352=EDGE_CURVE('',#611,#677,#16355,.T.);
#16353=LINE('',#676,#16356);
#16354=LINE('',#650,#16357);
#16355=LINE('',#610,#16358);
#16356=VECTOR('',#16359,1.0);
#16357=VECTOR('',#16360,1.0);
#16358=VECTOR('',#16361,1.0);
#16359=DIRECTION('',(0,1,0));
#16360=DIRECTION('',(0,0,1));
#16361=DIRECTION('',(0,-0.07074429725838391,-0.9974944833959822));
#16362=FACE_SURFACE('',(#16367),#16363,.T.);
#16363=PLANE('',#16364);
#16364=AXIS2_PLACEMENT_3D('',#676,#16365,#16366);
#16365=DIRECTION('',(1,0,0));
#16366=DIRECTION('',(0,0.07074429725838391,0.9974944833959822));
#16367=FACE_BOUND('',#16368,.T.);
#16368=EDGE_LOOP('',(#16369,#16370,#16371));
#16369=ORIENTED_EDGE('',*,*,#16372,.T.);
#16370=ORIENTED_EDGE('',*,*,#16373,.T.);
#16371=ORIENTED_EDGE('',*,*,#16374,.T.);
#16372=EDGE_CURVE('',#677,#611,#16375,.F.);
#16373=EDGE_CURVE('',#611,#671,#16376,.T.);
#16374=EDGE_CURVE('',#671,#677,#16377,.T.);
#16375=LINE('',#676,#16378);
#16376=LINE('',#610,#16379);
#16377=LINE('',#670,#16380);
#16378=VECTOR('',#16381,1.0);
#16379=VECTOR('',#16382,1.0);
#16380=VECTOR('',#16383,1.0);
#16381=DIRECTION('',(0,0.07074429725838391,0.9974944833959822));
#16382=DIRECTION('',(0,-1,0));
#16383=DIRECTION('',(0,0,-1));
#16384=FACE_SURFACE('',(#16389),#16385,.T.);
#16385=PLANE('',#16386);
#16386=AXIS2_PLACEMENT_3D('',#712,#16387,#16388);
#16387=DIRECTION('',(1,-0,0));
#16388=DIRECTION('',(0,0.24253562503633297,-0.9701425001453319));
#16389=FACE_BOUND('',#16390,.T.);
#16390=EDGE_LOOP('',(#16391,#16392,#16393));
#16391=ORIENTED_EDGE('',*,*,#16394,.T.);
#16392=ORIENTED_EDGE('',*,*,#16395,.T.);
#16393=ORIENTED_EDGE('',*,*,#16396,.T.);
#16394=EDGE_CURVE('',#713,#667,#16397,.F.);
#16395=EDGE_CURVE('',#667,#635,#16398,.T.);
#16396=EDGE_CURVE('',#635,#713,#16399,.T.);
#16397=LINE('',#712,#16400);
#16398=LINE('',#666,#16401);
#16399=LINE('',#634,#16402);
#16400=VECTOR('',#16403,1.0);
#16401=VECTOR('',#16404,1.0);
#16402=VECTOR('',#16405,1.0);
#16403=DIRECTION('',(0,0.24253562503633297,-0.9701425001453319));
#16404=DIRECTION('',(0,0,1));
#16405=DIRECTION('',(0,-1,0));
#16406=FACE_SURFACE('',(#16411),#16407,.T.);
#16407=PLANE('',#16408);
#16408=AXIS2_PLACEMENT_3D('',#712,#16409,#16410);
#16409=DIRECTION('',(1,0,0));
#16410=DIRECTION('',(0,0,-1));
#16411=FACE_BOUND('',#16412,.T.);
#16412=EDGE_LOOP('',(#16413,#16414,#16415));
#16413=ORIENTED_EDGE('',*,*,#16416,.T.);
#16414=ORIENTED_EDGE('',*,*,#16417,.T.);
#16415=ORIENTED_EDGE('',*,*,#16418,.T.);
#16416=EDGE_CURVE('',#713,#717,#16419,.F.);
#16417=EDGE_CURVE('',#717,#667,#16420,.T.);
#16418=EDGE_CURVE('',#667,#713,#16421,.T.);
#16419=LINE('',#712,#16422);
#16420=LINE('',#716,#16423);
#16421=LINE('',#666,#16424);
#16422=VECTOR('',#16425,1.0);
#16423=VECTOR('',#16426,1.0);
#16424=VECTOR('',#16427,1.0);
#16425=DIRECTION('',(0,0,-1));
#16426=DIRECTION('',(0,1,0));
#16427=DIRECTION('',(0,-0.24253562503633297,0.9701425001453319));
#16428=FACE_SURFACE('',(#16433),#16429,.T.);
#16429=PLANE('',#16430);
#16430=AXIS2_PLACEMENT_3D('',#722,#16431,#16432);
#16431=DIRECTION('',(0.14414739871120352,0.032235420929970574,0.9890310435382001));
#16432=DIRECTION('',(-0.26522614432735886,0.964159118850554,0.007230899153366811));
#16433=FACE_BOUND('',#16434,.T.);
#16434=EDGE_LOOP('',(#16435,#16436,#16437));
#16435=ORIENTED_EDGE('',*,*,#16438,.T.);
#16436=ORIENTED_EDGE('',*,*,#16439,.T.);
#16437=ORIENTED_EDGE('',*,*,#16440,.T.);
#16438=EDGE_CURVE('',#723,#659,#16441,.F.);
#16439=EDGE_CURVE('',#659,#719,#16442,.T.);
#16440=EDGE_CURVE('',#719,#723,#16443,.T.);
#16441=LINE('',#722,#16444);
#16442=LINE('',#658,#16445);
#16443=LINE('',#718,#16446);
#16444=VECTOR('',#16447,1.0);
#16445=VECTOR('',#16448,1.0);
#16446=VECTOR('',#16449,1.0);
#16447=DIRECTION('',(-0.26522614432735886,0.964159118850554,0.007230899153366811));
#16448=DIRECTION('',(-0.22827177839479776,-0.9714298226546406,0.06493146267911763));
#16449=DIRECTION('',(0.9895453064968187,0,-0.14422235052209229));
#16450=FACE_SURFACE('',(#16455),#16451,.T.);
#16451=PLANE('',#16452);
#16452=AXIS2_PLACEMENT_3D('',#658,#16453,#16454);
#16453=DIRECTION('',(0.30851908489587154,-0.008919769150081332,0.9511763306418655));
#16454=DIRECTION('',(-0.9512141717795038,0,0.30853135886945515));
#16455=FACE_BOUND('',#16456,.T.);
#16456=EDGE_LOOP('',(#16457,#16458,#16459));
#16457=ORIENTED_EDGE('',*,*,#16460,.T.);
#16458=ORIENTED_EDGE('',*,*,#16461,.T.);
#16459=ORIENTED_EDGE('',*,*,#16462,.T.);
#16460=EDGE_CURVE('',#659,#663,#16463,.F.);
#16461=EDGE_CURVE('',#663,#719,#16464,.T.);
#16462=EDGE_CURVE('',#719,#659,#16465,.T.);
#16463=LINE('',#658,#16466);
#16464=LINE('',#662,#16467);
#16465=LINE('',#718,#16468);
#16466=VECTOR('',#16469,1.0);
#16467=VECTOR('',#16470,1.0);
#16468=VECTOR('',#16471,1.0);
#16469=DIRECTION('',(-0.9512141717795038,0,0.30853135886945515));
#16470=DIRECTION('',(0.08417670026463195,-0.9957769365600937,-0.036641175575480134));
#16471=DIRECTION('',(0.22827177839479776,0.9714298226546406,-0.06493146267911763));
#16472=FACE_SURFACE('',(#16477),#16473,.T.);
#16473=PLANE('',#16474);
#16474=AXIS2_PLACEMENT_3D('',#690,#16475,#16476);
#16475=DIRECTION('',(0.5214402324436028,-0.013326557958619758,0.8531837356877692));
#16476=DIRECTION('',(0.8532595072792053,0,-0.521486541760809));
#16477=FACE_BOUND('',#16478,.T.);
#16478=EDGE_LOOP('',(#16479,#16480,#16481));
#16479=ORIENTED_EDGE('',*,*,#16482,.T.);
#16480=ORIENTED_EDGE('',*,*,#16483,.T.);
#16481=ORIENTED_EDGE('',*,*,#16484,.T.);
#16482=EDGE_CURVE('',#691,#719,#16485,.F.);
#16483=EDGE_CURVE('',#719,#621,#16486,.T.);
#16484=EDGE_CURVE('',#621,#691,#16487,.T.);
#16485=LINE('',#690,#16488);
#16486=LINE('',#718,#16489);
#16487=LINE('',#620,#16490);
#16488=VECTOR('',#16491,1.0);
#16489=VECTOR('',#16492,1.0);
#16490=VECTOR('',#16493,1.0);
#16491=DIRECTION('',(0.8532595072792053,0,-0.521486541760809));
#16492=DIRECTION('',(-0.286173927680567,0.9392375062336557,0.18957159597329223));
#16493=DIRECTION('',(0.030759430241935032,-0.9989345987787187,-0.03440239546880444));
#16494=FACE_SURFACE('',(#16499),#16495,.T.);
#16495=PLANE('',#16496);
#16496=AXIS2_PLACEMENT_3D('',#662,#16497,#16498);
#16497=DIRECTION('',(0.599686973725781,0.021258254342756452,0.7999522611793239));
#16498=DIRECTION('',(-0.8001330770306336,0,0.5998225229528232));
#16499=FACE_BOUND('',#16500,.T.);
#16500=EDGE_LOOP('',(#16501,#16502,#16503));
#16501=ORIENTED_EDGE('',*,*,#16504,.T.);
#16502=ORIENTED_EDGE('',*,*,#16505,.T.);
#16503=ORIENTED_EDGE('',*,*,#16506,.T.);
#16504=EDGE_CURVE('',#663,#621,#16507,.F.);
#16505=EDGE_CURVE('',#621,#719,#16508,.T.);
#16506=EDGE_CURVE('',#719,#663,#16509,.T.);
#16507=LINE('',#662,#16510);
#16508=LINE('',#620,#16511);
#16509=LINE('',#718,#16512);
#16510=VECTOR('',#16513,1.0);
#16511=VECTOR('',#16514,1.0);
#16512=VECTOR('',#16515,1.0);
#16513=DIRECTION('',(-0.8001330770306336,0,0.5998225229528232));
#16514=DIRECTION('',(0.286173927680567,-0.9392375062336557,-0.18957159597329223));
#16515=DIRECTION('',(-0.08417670026463195,0.9957769365600937,0.036641175575480134));
#16516=FACE_SURFACE('',(#16521),#16517,.T.);
#16517=PLANE('',#16518);
#16518=AXIS2_PLACEMENT_3D('',#720,#16519,#16520);
#16519=DIRECTION('',(0.7950100111166585,0.003589878969413335,0.6065856864394968));
#16520=DIRECTION('',(0.6065895950822113,0,-0.7950151339050087));
#16521=FACE_BOUND('',#16522,.T.);
#16522=EDGE_LOOP('',(#16523,#16524,#16525));
#16523=ORIENTED_EDGE('',*,*,#16526,.T.);
#16524=ORIENTED_EDGE('',*,*,#16527,.T.);
#16525=ORIENTED_EDGE('',*,*,#16528,.T.);
#16526=EDGE_CURVE('',#721,#691,#16529,.F.);
#16527=EDGE_CURVE('',#691,#621,#16530,.T.);
#16528=EDGE_CURVE('',#621,#721,#16531,.T.);
#16529=LINE('',#720,#16532);
#16530=LINE('',#690,#16533);
#16531=LINE('',#620,#16534);
#16532=VECTOR('',#16535,1.0);
#16533=VECTOR('',#16536,1.0);
#16534=VECTOR('',#16537,1.0);
#16535=DIRECTION('',(0.6065895950822113,0,-0.7950151339050087));
#16536=DIRECTION('',(-0.030759430241935032,0.9989345987787187,0.03440239546880444));
#16537=DIRECTION('',(-0.19041375537935856,-0.9479607925054423,0.25517236847821817));
#16538=FACE_SURFACE('',(#16543),#16539,.T.);
#16539=PLANE('',#16540);
#16540=AXIS2_PLACEMENT_3D('',#620,#16541,#16542);
#16541=DIRECTION('',(0.8014067908708485,2.609753351847555E-05,0.5981196827266321));
#16542=DIRECTION('',(-0.5981196829303161,0,0.80140679114376));
#16543=FACE_BOUND('',#16544,.T.);
#16544=EDGE_LOOP('',(#16545,#16546,#16547));
#16545=ORIENTED_EDGE('',*,*,#16548,.T.);
#16546=ORIENTED_EDGE('',*,*,#16549,.T.);
#16547=ORIENTED_EDGE('',*,*,#16550,.T.);
#16548=EDGE_CURVE('',#621,#665,#16551,.F.);
#16549=EDGE_CURVE('',#665,#721,#16552,.T.);
#16550=EDGE_CURVE('',#721,#621,#16553,.T.);
#16551=LINE('',#620,#16554);
#16552=LINE('',#664,#16555);
#16553=LINE('',#720,#16556);
#16554=VECTOR('',#16557,1.0);
#16555=VECTOR('',#16558,1.0);
#16556=VECTOR('',#16559,1.0);
#16557=DIRECTION('',(-0.5981196829303161,0,0.80140679114376));
#16558=DIRECTION('',(6.103515609190424E-05,-0.9999999974097591,-3.814697255744015E-05));
#16559=DIRECTION('',(0.19041375537935856,0.9479607925054423,-0.25517236847821817));
#16560=FACE_SURFACE('',(#16565),#16561,.T.);
#16561=PLANE('',#16562);
#16562=AXIS2_PLACEMENT_3D('',#720,#16563,#16564);
#16563=DIRECTION('',(0.9722551167329262,5.041828741488241E-05,0.2339230331639884));
#16564=DIRECTION('',(-6.103515609190424E-05,0.9999999974097591,3.814697255744015E-05));
#16565=FACE_BOUND('',#16566,.T.);
#16566=EDGE_LOOP('',(#16567,#16568,#16569));
#16567=ORIENTED_EDGE('',*,*,#16570,.T.);
#16568=ORIENTED_EDGE('',*,*,#16571,.T.);
#16569=ORIENTED_EDGE('',*,*,#16572,.T.);
#16570=EDGE_CURVE('',#721,#665,#16573,.F.);
#16571=EDGE_CURVE('',#665,#717,#16574,.T.);
#16572=EDGE_CURVE('',#717,#721,#16575,.T.);
#16573=LINE('',#720,#16576);
#16574=LINE('',#664,#16577);
#16575=LINE('',#716,#16578);
#16576=VECTOR('',#16579,1.0);
#16577=VECTOR('',#16580,1.0);
#16578=VECTOR('',#16581,1.0);
#16579=DIRECTION('',(-6.103515609190424E-05,0.9999999974097591,3.814697255744015E-05));
#16580=DIRECTION('',(-0.09724608377497101,-0.9094062994116011,0.4043802440536983));
#16581=DIRECTION('',(0.23392303346130502,0,-0.9722551179686643));
#16582=FACE_SURFACE('',(#16587),#16583,.T.);
#16583=PLANE('',#16584);
#16584=AXIS2_PLACEMENT_3D('',#666,#16585,#16586);
#16585=DIRECTION('',(0.9722809002505114,0,0.23381584849632256));
#16586=DIRECTION('',(0,-1,0));
#16587=FACE_BOUND('',#16588,.T.);
#16588=EDGE_LOOP('',(#16589,#16590,#16591));
#16589=ORIENTED_EDGE('',*,*,#16592,.T.);
#16590=ORIENTED_EDGE('',*,*,#16593,.T.);
#16591=ORIENTED_EDGE('',*,*,#16594,.T.);
#16592=EDGE_CURVE('',#667,#717,#16595,.F.);
#16593=EDGE_CURVE('',#717,#665,#16596,.T.);
#16594=EDGE_CURVE('',#665,#667,#16597,.T.);
#16595=LINE('',#666,#16598);
#16596=LINE('',#716,#16599);
#16597=LINE('',#664,#16600);
#16598=VECTOR('',#16601,1.0);
#16599=VECTOR('',#16602,1.0);
#16600=VECTOR('',#16603,1.0);
#16601=DIRECTION('',(0,-1,0));
#16602=DIRECTION('',(0.09724608377497101,0.9094062994116011,-0.4043802440536983));
#16603=DIRECTION('',(-0.23381584849632256,0,0.9722809002505114));
#16604=FACE_SURFACE('',(#16609),#16605,.T.);
#16605=PLANE('',#16606);
#16606=AXIS2_PLACEMENT_3D('',#656,#16607,#16608);
#16607=DIRECTION('',(-0.05669931333422673,-0.023082784682338986,0.9981244275734042));
#16608=DIRECTION('',(-0.9983904416881807,0,-0.05671442449394627));
#16609=FACE_BOUND('',#16610,.T.);
#16610=EDGE_LOOP('',(#16611,#16612,#16613));
#16611=ORIENTED_EDGE('',*,*,#16614,.T.);
#16612=ORIENTED_EDGE('',*,*,#16615,.T.);
#16613=ORIENTED_EDGE('',*,*,#16616,.T.);
#16614=EDGE_CURVE('',#657,#659,#16617,.F.);
#16615=EDGE_CURVE('',#659,#723,#16618,.T.);
#16616=EDGE_CURVE('',#723,#657,#16619,.T.);
#16617=LINE('',#656,#16620);
#16618=LINE('',#658,#16621);
#16619=LINE('',#722,#16622);
#16620=VECTOR('',#16623,1.0);
#16621=VECTOR('',#16624,1.0);
#16622=VECTOR('',#16625,1.0);
#16623=DIRECTION('',(-0.9983904416881807,0,-0.05671442449394627));
#16624=DIRECTION('',(0.26522614432735886,-0.964159118850554,-0.007230899153366811));
#16625=DIRECTION('',(0.11795324492083856,0.992576253098623,0.029654911858628903));
#16626=FACE_SURFACE('',(#16631),#16627,.T.);
#16627=PLANE('',#16628);
#16628=AXIS2_PLACEMENT_3D('',#724,#16629,#16630);
#16629=DIRECTION('',(-0.32250116602520423,0.010045795090897931,0.9465157578790621));
#16630=DIRECTION('',(-0.22052087558390654,0.9716321165972097,-0.08544924475109891));
#16631=FACE_BOUND('',#16632,.T.);
#16632=EDGE_LOOP('',(#16633,#16634,#16635));
#16633=ORIENTED_EDGE('',*,*,#16636,.T.);
#16634=ORIENTED_EDGE('',*,*,#16637,.T.);
#16635=ORIENTED_EDGE('',*,*,#16638,.T.);
#16636=EDGE_CURVE('',#725,#657,#16639,.F.);
#16637=EDGE_CURVE('',#657,#723,#16640,.T.);
#16638=EDGE_CURVE('',#723,#725,#16641,.T.);
#16639=LINE('',#724,#16642);
#16640=LINE('',#656,#16643);
#16641=LINE('',#722,#16644);
#16642=VECTOR('',#16645,1.0);
#16643=VECTOR('',#16646,1.0);
#16644=VECTOR('',#16647,1.0);
#16645=DIRECTION('',(-0.22052087558390654,0.9716321165972097,-0.08544924475109891));
#16646=DIRECTION('',(-0.11795324492083856,-0.992576253098623,-0.029654911858628903));
#16647=DIRECTION('',(0.9465635217324244,0,0.32251744034316987));
#16648=FACE_SURFACE('',(#16653),#16649,.T.);
#16649=PLANE('',#16650);
#16650=AXIS2_PLACEMENT_3D('',#656,#16651,#16652);
#16651=DIRECTION('',(-0.39935658864961765,-0.010015767511630816,0.9167409664148827));
#16652=DIRECTION('',(0.22052087558390654,-0.9716321165972097,0.08544924475109891));
#16653=FACE_BOUND('',#16654,.T.);
#16654=EDGE_LOOP('',(#16655,#16656,#16657));
#16655=ORIENTED_EDGE('',*,*,#16658,.T.);
#16656=ORIENTED_EDGE('',*,*,#16659,.T.);
#16657=ORIENTED_EDGE('',*,*,#16660,.T.);
#16658=EDGE_CURVE('',#657,#725,#16661,.F.);
#16659=EDGE_CURVE('',#725,#655,#16662,.T.);
#16660=EDGE_CURVE('',#655,#657,#16663,.T.);
#16661=LINE('',#656,#16664);
#16662=LINE('',#724,#16665);
#16663=LINE('',#654,#16666);
#16664=VECTOR('',#16667,1.0);
#16665=VECTOR('',#16668,1.0);
#16666=VECTOR('',#16669,1.0);
#16667=DIRECTION('',(0.22052087558390654,-0.9716321165972097,0.08544924475109891));
#16668=DIRECTION('',(0.10716949716243679,0.9925749245389284,0.05753014909150878));
#16669=DIRECTION('',(-0.9167869515842006,0,-0.39937662100447047));
#16670=FACE_SURFACE('',(#16675),#16671,.T.);
#16671=PLANE('',#16672);
#16672=AXIS2_PLACEMENT_3D('',#724,#16673,#16674);
#16673=DIRECTION('',(-0.7090737372192997,0.035742127769010444,0.7042279002484916));
#16674=DIRECTION('',(0.7046781571615037,0,0.7095270923787667));
#16675=FACE_BOUND('',#16676,.T.);
#16676=EDGE_LOOP('',(#16677,#16678,#16679));
#16677=ORIENTED_EDGE('',*,*,#16680,.T.);
#16678=ORIENTED_EDGE('',*,*,#16681,.T.);
#16679=ORIENTED_EDGE('',*,*,#16682,.T.);
#16680=EDGE_CURVE('',#725,#679,#16683,.F.);
#16681=EDGE_CURVE('',#679,#655,#16684,.T.);
#16682=EDGE_CURVE('',#655,#725,#16685,.T.);
#16683=LINE('',#724,#16686);
#16684=LINE('',#678,#16687);
#16685=LINE('',#654,#16688);
#16686=VECTOR('',#16689,1.0);
#16687=VECTOR('',#16690,1.0);
#16688=VECTOR('',#16691,1.0);
#16689=DIRECTION('',(0.7046781571615037,0,0.7095270923787667));
#16690=DIRECTION('',(-0.28474388315917193,0.8991507722231614,-0.33233839653872127));
#16691=DIRECTION('',(-0.10716949716243679,-0.9925749245389284,-0.05753014909150878));
#16692=FACE_SURFACE('',(#16697),#16693,.T.);
#16693=PLANE('',#16694);
#16694=AXIS2_PLACEMENT_3D('',#628,#16695,#16696);
#16695=DIRECTION('',(-0.7594181459361053,-2.15326757526648E-05,0.6506028582471124));
#16696=DIRECTION('',(-0.6506028583979403,0,-0.7594181461121597));
#16697=FACE_BOUND('',#16698,.T.);
#16698=EDGE_LOOP('',(#16699,#16700,#16701));
#16699=ORIENTED_EDGE('',*,*,#16702,.T.);
#16700=ORIENTED_EDGE('',*,*,#16703,.T.);
#16701=ORIENTED_EDGE('',*,*,#16704,.T.);
#16702=EDGE_CURVE('',#629,#655,#16705,.F.);
#16703=EDGE_CURVE('',#655,#679,#16706,.T.);
#16704=EDGE_CURVE('',#679,#629,#16707,.T.);
#16705=LINE('',#628,#16708);
#16706=LINE('',#654,#16709);
#16707=LINE('',#678,#16710);
#16708=VECTOR('',#16711,1.0);
#16709=VECTOR('',#16712,1.0);
#16710=VECTOR('',#16713,1.0);
#16711=DIRECTION('',(-0.6506028583979403,0,-0.7594181461121597));
#16712=DIRECTION('',(0.28474388315917193,-0.8991507722231614,0.33233839653872127));
#16713=DIRECTION('',(-6.103515609190424E-05,0.9999999974097591,-3.814697255744015E-05));
#16714=FACE_SURFACE('',(#16719),#16715,.T.);
#16715=PLANE('',#16716);
#16716=AXIS2_PLACEMENT_3D('',#678,#16717,#16718);
#16717=DIRECTION('',(-0.9722808990144629,-5.042394982239018E-05,0.2338158481990754));
#16718=DIRECTION('',(0.23381584849632256,0,0.9722809002505114));
#16719=FACE_BOUND('',#16720,.T.);
#16720=EDGE_LOOP('',(#16721,#16722,#16723));
#16721=ORIENTED_EDGE('',*,*,#16724,.T.);
#16722=ORIENTED_EDGE('',*,*,#16725,.T.);
#16723=ORIENTED_EDGE('',*,*,#16726,.T.);
#16724=EDGE_CURVE('',#679,#697,#16727,.F.);
#16725=EDGE_CURVE('',#697,#629,#16728,.T.);
#16726=EDGE_CURVE('',#629,#679,#16729,.T.);
#16727=LINE('',#678,#16730);
#16728=LINE('',#696,#16731);
#16729=LINE('',#628,#16732);
#16730=VECTOR('',#16733,1.0);
#16731=VECTOR('',#16734,1.0);
#16732=VECTOR('',#16735,1.0);
#16733=DIRECTION('',(0.23381584849632256,0,0.9722809002505114));
#16734=DIRECTION('',(-0.09729969918565257,0.9093886317499896,-0.4044070783038589));
#16735=DIRECTION('',(6.103515609190424E-05,-0.9999999974097591,3.814697255744015E-05));
#16736=FACE_SURFACE('',(#16741),#16737,.T.);
#16737=PLANE('',#16738);
#16738=AXIS2_PLACEMENT_3D('',#652,#16739,#16740);
#16739=DIRECTION('',(-0.9722551179686643,0,0.23392303346130502));
#16740=DIRECTION('',(-0.23392303346130502,0,-0.9722551179686643));
#16741=FACE_BOUND('',#16742,.T.);
#16742=EDGE_LOOP('',(#16743,#16744,#16745));
#16743=ORIENTED_EDGE('',*,*,#16746,.T.);
#16744=ORIENTED_EDGE('',*,*,#16747,.T.);
#16745=ORIENTED_EDGE('',*,*,#16748,.T.);
#16746=EDGE_CURVE('',#653,#629,#16749,.F.);
#16747=EDGE_CURVE('',#629,#697,#16750,.T.);
#16748=EDGE_CURVE('',#697,#653,#16751,.T.);
#16749=LINE('',#652,#16752);
#16750=LINE('',#628,#16753);
#16751=LINE('',#696,#16754);
#16752=VECTOR('',#16755,1.0);
#16753=VECTOR('',#16756,1.0);
#16754=VECTOR('',#16757,1.0);
#16755=DIRECTION('',(-0.23392303346130502,0,-0.9722551179686643));
#16756=DIRECTION('',(0.09729969918565257,-0.9093886317499896,0.4044070783038589));
#16757=DIRECTION('',(0,1,0));
#16758=FACE_SURFACE('',(#16763),#16759,.T.);
#16759=PLANE('',#16760);
#16760=AXIS2_PLACEMENT_3D('',#694,#16761,#16762);
#16761=DIRECTION('',(-1,0,0));
#16762=DIRECTION('',(0,1,0));
#16763=FACE_BOUND('',#16764,.T.);
#16764=EDGE_LOOP('',(#16765,#16766,#16767));
#16765=ORIENTED_EDGE('',*,*,#16768,.T.);
#16766=ORIENTED_EDGE('',*,*,#16769,.T.);
#16767=ORIENTED_EDGE('',*,*,#16770,.T.);
#16768=EDGE_CURVE('',#695,#649,#16771,.F.);
#16769=EDGE_CURVE('',#649,#653,#16772,.T.);
#16770=EDGE_CURVE('',#653,#695,#16773,.T.);
#16771=LINE('',#694,#16774);
#16772=LINE('',#648,#16775);
#16773=LINE('',#652,#16776);
#16774=VECTOR('',#16777,1.0);
#16775=VECTOR('',#16778,1.0);
#16776=VECTOR('',#16779,1.0);
#16777=DIRECTION('',(0,1,0));
#16778=DIRECTION('',(0,0,-1));
#16779=DIRECTION('',(0,-0.24253562503633297,0.9701425001453319));
#16780=FACE_SURFACE('',(#16785),#16781,.T.);
#16781=PLANE('',#16782);
#16782=AXIS2_PLACEMENT_3D('',#694,#16783,#16784);
#16783=DIRECTION('',(-1,0,0));
#16784=DIRECTION('',(0,0.24253562503633297,-0.9701425001453319));
#16785=FACE_BOUND('',#16786,.T.);
#16786=EDGE_LOOP('',(#16787,#16788,#16789));
#16787=ORIENTED_EDGE('',*,*,#16790,.T.);
#16788=ORIENTED_EDGE('',*,*,#16791,.T.);
#16789=ORIENTED_EDGE('',*,*,#16792,.T.);
#16790=EDGE_CURVE('',#695,#653,#16793,.F.);
#16791=EDGE_CURVE('',#653,#697,#16794,.T.);
#16792=EDGE_CURVE('',#697,#695,#16795,.T.);
#16793=LINE('',#694,#16796);
#16794=LINE('',#652,#16797);
#16795=LINE('',#696,#16798);
#16796=VECTOR('',#16799,1.0);
#16797=VECTOR('',#16800,1.0);
#16798=VECTOR('',#16801,1.0);
#16799=DIRECTION('',(0,0.24253562503633297,-0.9701425001453319));
#16800=DIRECTION('',(0,-1,0));
#16801=DIRECTION('',(0,0,1));
#16802=FACE_SURFACE('',(#16807),#16803,.T.);
#16803=PLANE('',#16804);
#16804=AXIS2_PLACEMENT_3D('',#704,#16805,#16806);
#16805=DIRECTION('',(-0.08877275168813675,5.418258770027878E-06,-0.9960519055392439));
#16806=DIRECTION('',(6.103515613631316E-05,0.9999999981373549,0));
#16807=FACE_BOUND('',#16808,.T.);
#16808=EDGE_LOOP('',(#16809,#16810,#16811));
#16809=ORIENTED_EDGE('',*,*,#16812,.T.);
#16810=ORIENTED_EDGE('',*,*,#16813,.T.);
#16811=ORIENTED_EDGE('',*,*,#16814,.T.);
#16812=EDGE_CURVE('',#705,#643,#16815,.F.);
#16813=EDGE_CURVE('',#643,#703,#16816,.T.);
#16814=EDGE_CURVE('',#703,#705,#16817,.T.);
#16815=LINE('',#704,#16818);
#16816=LINE('',#642,#16819);
#16817=LINE('',#702,#16820);
#16818=VECTOR('',#16821,1.0);
#16819=VECTOR('',#16822,1.0);
#16820=VECTOR('',#16823,1.0);
#16821=DIRECTION('',(6.103515613631316E-05,0.9999999981373549,0));
#16822=DIRECTION('',(0.2641472585768149,-0.9641948723454464,-0.02354727009870738));
#16823=DIRECTION('',(-0.9960519055538647,0,0.08877275168943982));
#16824=FACE_SURFACE('',(#16829),#16825,.T.);
#16825=PLANE('',#16826);
#16826=AXIS2_PLACEMENT_3D('',#644,#16827,#16828);
#16827=DIRECTION('',(-0.21954313769080064,-0.03633588543960383,-0.9749259018623918));
#16828=DIRECTION('',(-0.26253712273255986,-0.9602429331064317,0.09490926512446458));
#16829=FACE_BOUND('',#16830,.T.);
#16830=EDGE_LOOP('',(#16831,#16832,#16833));
#16831=ORIENTED_EDGE('',*,*,#16834,.T.);
#16832=ORIENTED_EDGE('',*,*,#16835,.T.);
#16833=ORIENTED_EDGE('',*,*,#16836,.T.);
#16834=EDGE_CURVE('',#645,#703,#16837,.F.);
#16835=EDGE_CURVE('',#703,#643,#16838,.T.);
#16836=EDGE_CURVE('',#643,#645,#16839,.T.);
#16837=LINE('',#644,#16840);
#16838=LINE('',#702,#16841);
#16839=LINE('',#642,#16842);
#16840=VECTOR('',#16843,1.0);
#16841=VECTOR('',#16844,1.0);
#16842=VECTOR('',#16845,1.0);
#16843=DIRECTION('',(-0.26253712273255986,-0.9602429331064317,0.09490926512446458));
#16844=DIRECTION('',(-0.2641472585768149,0.9641948723454464,0.02354727009870738));
#16845=DIRECTION('',(0.9755701355297011,0,-0.21968821238874123));
#16846=FACE_SURFACE('',(#16851),#16847,.T.);
#16847=PLANE('',#16848);
#16848=AXIS2_PLACEMENT_3D('',#700,#16849,#16850);
#16849=DIRECTION('',(-0.46823991603788356,0.04077901431702365,-0.8826598739152969));
#16850=DIRECTION('',(-0.8833946904158387,0,0.46862972691145455));
#16851=FACE_BOUND('',#16852,.T.);
#16852=EDGE_LOOP('',(#16853,#16854,#16855));
#16853=ORIENTED_EDGE('',*,*,#16856,.T.);
#16854=ORIENTED_EDGE('',*,*,#16857,.T.);
#16855=ORIENTED_EDGE('',*,*,#16858,.T.);
#16856=EDGE_CURVE('',#701,#703,#16859,.F.);
#16857=EDGE_CURVE('',#703,#645,#16860,.T.);
#16858=EDGE_CURVE('',#645,#701,#16861,.T.);
#16859=LINE('',#700,#16862);
#16860=LINE('',#702,#16863);
#16861=LINE('',#644,#16864);
#16862=VECTOR('',#16865,1.0);
#16863=VECTOR('',#16866,1.0);
#16864=VECTOR('',#16867,1.0);
#16865=DIRECTION('',(-0.8833946904158387,0,0.46862972691145455));
#16866=DIRECTION('',(0.26253712273255986,0.9602429331064317,-0.09490926512446458));
#16867=DIRECTION('',(0.1524426130608474,-0.9802275401840359,-0.12615553570071794));
#16868=FACE_SURFACE('',(#16873),#16869,.T.);
#16869=PLANE('',#16870);
#16870=AXIS2_PLACEMENT_3D('',#646,#16871,#16872);
#16871=DIRECTION('',(-0.7242509091715428,-0.02394373858640329,-0.6891206846022689));
#16872=DIRECTION('',(-0.23429688831064185,-0.9313891102951731,0.2786023929393223));
#16873=FACE_BOUND('',#16874,.T.);
#16874=EDGE_LOOP('',(#16875,#16876,#16877));
#16875=ORIENTED_EDGE('',*,*,#16878,.T.);
#16876=ORIENTED_EDGE('',*,*,#16879,.T.);
#16877=ORIENTED_EDGE('',*,*,#16880,.T.);
#16878=EDGE_CURVE('',#647,#701,#16881,.F.);
#16879=EDGE_CURVE('',#701,#645,#16882,.T.);
#16880=EDGE_CURVE('',#645,#647,#16883,.T.);
#16881=LINE('',#646,#16884);
#16882=LINE('',#700,#16885);
#16883=LINE('',#644,#16886);
#16884=VECTOR('',#16887,1.0);
#16885=VECTOR('',#16888,1.0);
#16886=VECTOR('',#16889,1.0);
#16887=DIRECTION('',(-0.23429688831064185,-0.9313891102951731,0.2786023929393223));
#16888=DIRECTION('',(-0.1524426130608474,0.9802275401840359,0.12615553570071794));
#16889=DIRECTION('',(0.6893183069255019,0,-0.7244586059516164));
#16890=FACE_SURFACE('',(#16895),#16891,.T.);
#16891=PLANE('',#16892);
#16892=AXIS2_PLACEMENT_3D('',#698,#16893,#16894);
#16893=DIRECTION('',(-0.8263166594311407,0.039817475417701996,-0.5617965352313244));
#16894=DIRECTION('',(-0.5622424103990344,0,0.8269724735132866));
#16895=FACE_BOUND('',#16896,.T.);
#16896=EDGE_LOOP('',(#16897,#16898,#16899));
#16897=ORIENTED_EDGE('',*,*,#16900,.T.);
#16898=ORIENTED_EDGE('',*,*,#16901,.T.);
#16899=ORIENTED_EDGE('',*,*,#16902,.T.);
#16900=EDGE_CURVE('',#699,#701,#16903,.F.);
#16901=EDGE_CURVE('',#701,#647,#16904,.T.);
#16902=EDGE_CURVE('',#647,#699,#16905,.T.);
#16903=LINE('',#698,#16906);
#16904=LINE('',#700,#16907);
#16905=LINE('',#646,#16908);
#16906=VECTOR('',#16909,1.0);
#16907=VECTOR('',#16910,1.0);
#16908=VECTOR('',#16911,1.0);
#16909=DIRECTION('',(-0.5622424103990344,0,0.8269724735132866));
#16910=DIRECTION('',(0.23429688831064185,0.9313891102951731,-0.2786023929393223));
#16911=DIRECTION('',(0.05826097932655506,-0.986103187279213,-0.15558329706523227));
#16912=FACE_SURFACE('',(#16917),#16913,.T.);
#16913=PLANE('',#16914);
#16914=AXIS2_PLACEMENT_3D('',#648,#16915,#16916);
#16915=DIRECTION('',(-0.9720746916398588,-0.02054883749229798,-0.23377027003233009));
#16916=DIRECTION('',(-0.045947648232793945,-0.9602120773547143,0.27546611429360934));
#16917=FACE_BOUND('',#16918,.T.);
#16918=EDGE_LOOP('',(#16919,#16920,#16921));
#16919=ORIENTED_EDGE('',*,*,#16922,.T.);
#16920=ORIENTED_EDGE('',*,*,#16923,.T.);
#16921=ORIENTED_EDGE('',*,*,#16924,.T.);
#16922=EDGE_CURVE('',#649,#699,#16925,.F.);
#16923=EDGE_CURVE('',#699,#647,#16926,.T.);
#16924=EDGE_CURVE('',#647,#649,#16927,.T.);
#16925=LINE('',#648,#16928);
#16926=LINE('',#698,#16929);
#16927=LINE('',#646,#16930);
#16928=VECTOR('',#16931,1.0);
#16929=VECTOR('',#16932,1.0);
#16930=VECTOR('',#16933,1.0);
#16931=DIRECTION('',(-0.045947648232793945,-0.9602120773547143,0.27546611429360934));
#16932=DIRECTION('',(-0.05826097932655506,0.986103187279213,0.15558329706523227));
#16933=DIRECTION('',(0.23381964096843902,0,-0.9722799882222148));
#16934=FACE_SURFACE('',(#16939),#16935,.T.);
#16935=PLANE('',#16936);
#16936=AXIS2_PLACEMENT_3D('',#694,#16937,#16938);
#16937=DIRECTION('',(-0.986372646452941,0,-0.16452660067424194));
#16938=DIRECTION('',(-0.16452660067424194,0,0.986372646452941));
#16939=FACE_BOUND('',#16940,.T.);
#16940=EDGE_LOOP('',(#16941,#16942,#16943));
#16941=ORIENTED_EDGE('',*,*,#16944,.T.);
#16942=ORIENTED_EDGE('',*,*,#16945,.T.);
#16943=ORIENTED_EDGE('',*,*,#16946,.T.);
#16944=EDGE_CURVE('',#695,#699,#16947,.F.);
#16945=EDGE_CURVE('',#699,#649,#16948,.T.);
#16946=EDGE_CURVE('',#649,#695,#16949,.T.);
#16947=LINE('',#694,#16950);
#16948=LINE('',#698,#16951);
#16949=LINE('',#648,#16952);
#16950=VECTOR('',#16953,1.0);
#16951=VECTOR('',#16954,1.0);
#16952=VECTOR('',#16955,1.0);
#16953=DIRECTION('',(-0.16452660067424194,0,0.986372646452941));
#16954=DIRECTION('',(0.045947648232793945,0.9602120773547143,-0.27546611429360934));
#16955=DIRECTION('',(0,-1,0));
#16956=FACE_SURFACE('',(#16961),#16957,.T.);
#16957=PLANE('',#16958);
#16958=AXIS2_PLACEMENT_3D('',#706,#16959,#16960);
#16959=DIRECTION('',(0.2451853920364657,-0.006949106809354094,-0.9694513053508551));
#16960=DIRECTION('',(-0.019556591168353614,0.9997353812864449,-0.012112272533286091));
#16961=FACE_BOUND('',#16962,.T.);
#16962=EDGE_LOOP('',(#16963,#16964,#16965));
#16963=ORIENTED_EDGE('',*,*,#16966,.T.);
#16964=ORIENTED_EDGE('',*,*,#16967,.T.);
#16965=ORIENTED_EDGE('',*,*,#16968,.T.);
#16966=EDGE_CURVE('',#707,#641,#16969,.F.);
#16967=EDGE_CURVE('',#641,#705,#16970,.T.);
#16968=EDGE_CURVE('',#705,#707,#16971,.T.);
#16969=LINE('',#706,#16972);
#16970=LINE('',#640,#16973);
#16971=LINE('',#704,#16974);
#16972=VECTOR('',#16975,1.0);
#16973=VECTOR('',#16976,1.0);
#16974=VECTOR('',#16977,1.0);
#16975=DIRECTION('',(-0.019556591168353614,0.9997353812864449,-0.012112272533286091));
#16976=DIRECTION('',(0.33096738587894636,-0.9392983977551804,0.0904384291051512));
#16977=DIRECTION('',(-0.9694747136418361,0,-0.2451913122626487));
#16978=FACE_SURFACE('',(#16983),#16979,.T.);
#16979=PLANE('',#16980);
#16980=AXIS2_PLACEMENT_3D('',#642,#16981,#16982);
#16981=DIRECTION('',(0.26354854142603307,-1.6085726405397526E-05,-0.9646461351466972));
#16982=DIRECTION('',(-6.103515613631316E-05,-0.9999999981373549,0));
#16983=FACE_BOUND('',#16984,.T.);
#16984=EDGE_LOOP('',(#16985,#16986,#16987));
#16985=ORIENTED_EDGE('',*,*,#16988,.T.);
#16986=ORIENTED_EDGE('',*,*,#16989,.T.);
#16987=ORIENTED_EDGE('',*,*,#16990,.T.);
#16988=EDGE_CURVE('',#643,#705,#16991,.F.);
#16989=EDGE_CURVE('',#705,#641,#16992,.T.);
#16990=EDGE_CURVE('',#641,#643,#16993,.T.);
#16991=LINE('',#642,#16994);
#16992=LINE('',#704,#16995);
#16993=LINE('',#640,#16996);
#16994=VECTOR('',#16997,1.0);
#16995=VECTOR('',#16998,1.0);
#16996=VECTOR('',#16999,1.0);
#16997=DIRECTION('',(-6.103515613631316E-05,-0.9999999981373549,0));
#16998=DIRECTION('',(-0.33096738587894636,0.9392983977551804,-0.0904384291051512));
#16999=DIRECTION('',(0.9646461352714986,0,0.2635485414601297));
#17000=FACE_SURFACE('',(#17005),#17001,.T.);
#17001=PLANE('',#17002);
#17002=AXIS2_PLACEMENT_3D('',#708,#17003,#17004);
#17003=DIRECTION('',(0.5529260469513031,0.0007212304110128179,-0.8332300201201945));
#17004=DIRECTION('',(0.26397093484557954,0.9483389532967822,0.1759902702330851));
#17005=FACE_BOUND('',#17006,.T.);
#17006=EDGE_LOOP('',(#17007,#17008,#17009));
#17007=ORIENTED_EDGE('',*,*,#17010,.T.);
#17008=ORIENTED_EDGE('',*,*,#17011,.T.);
#17009=ORIENTED_EDGE('',*,*,#17012,.T.);
#17010=EDGE_CURVE('',#709,#641,#17013,.F.);
#17011=EDGE_CURVE('',#641,#707,#17014,.T.);
#17012=EDGE_CURVE('',#707,#709,#17015,.T.);
#17013=LINE('',#708,#17016);
#17014=LINE('',#640,#17017);
#17015=LINE('',#706,#17018);
#17016=VECTOR('',#17019,1.0);
#17017=VECTOR('',#17020,1.0);
#17018=VECTOR('',#17021,1.0);
#17019=DIRECTION('',(0.26397093484557954,0.9483389532967822,0.1759902702330851));
#17020=DIRECTION('',(0.019556591168353614,-0.9997353812864449,0.012112272533286091));
#17021=DIRECTION('',(-0.833230236832286,0,-0.5529261907600439));
#17022=FACE_SURFACE('',(#17027),#17023,.T.);
#17023=PLANE('',#17024);
#17024=AXIS2_PLACEMENT_3D('',#640,#17025,#17026);
#17025=DIRECTION('',(0.6029673941096984,-0.019834938376673834,-0.7975192141009226));
#17026=DIRECTION('',(-0.26397093484557954,-0.9483389532967822,-0.1759902702330851));
#17027=FACE_BOUND('',#17028,.T.);
#17028=EDGE_LOOP('',(#17029,#17030,#17031));
#17029=ORIENTED_EDGE('',*,*,#17032,.T.);
#17030=ORIENTED_EDGE('',*,*,#17033,.T.);
#17031=ORIENTED_EDGE('',*,*,#17034,.T.);
#17032=EDGE_CURVE('',#641,#709,#17035,.F.);
#17033=EDGE_CURVE('',#709,#639,#17036,.T.);
#17034=EDGE_CURVE('',#639,#641,#17037,.T.);
#17035=LINE('',#640,#17038);
#17036=LINE('',#708,#17039);
#17037=LINE('',#638,#17040);
#17038=VECTOR('',#17041,1.0);
#17039=VECTOR('',#17042,1.0);
#17040=VECTOR('',#17043,1.0);
#17041=DIRECTION('',(-0.26397093484557954,-0.9483389532967822,-0.1759902702330851));
#17042=DIRECTION('',(-0.06538233662525103,0.9950991205463195,-0.0741814690159461));
#17043=DIRECTION('',(0.7976761423178668,0,0.6030860402769129));
#17044=FACE_SURFACE('',(#17049),#17045,.T.);
#17045=PLANE('',#17046);
#17046=AXIS2_PLACEMENT_3D('',#710,#17047,#17048);
#17047=DIRECTION('',(0.8013888252811353,0.008069074769525524,-0.5980893250567892));
#17048=DIRECTION('',(0.1315775330212259,0.973038276244534,0.18943037181802197));
#17049=FACE_BOUND('',#17050,.T.);
#17050=EDGE_LOOP('',(#17051,#17052,#17053));
#17051=ORIENTED_EDGE('',*,*,#17054,.T.);
#17052=ORIENTED_EDGE('',*,*,#17055,.T.);
#17053=ORIENTED_EDGE('',*,*,#17056,.T.);
#17054=EDGE_CURVE('',#711,#639,#17057,.F.);
#17055=EDGE_CURVE('',#639,#709,#17058,.T.);
#17056=EDGE_CURVE('',#709,#711,#17059,.T.);
#17057=LINE('',#710,#17060);
#17058=LINE('',#638,#17061);
#17059=LINE('',#708,#17062);
#17060=VECTOR('',#17063,1.0);
#17061=VECTOR('',#17064,1.0);
#17062=VECTOR('',#17065,1.0);
#17063=DIRECTION('',(0.1315775330212259,0.973038276244534,0.18943037181802197));
#17064=DIRECTION('',(0.06538233662525103,-0.9950991205463195,0.0741814690159461));
#17065=DIRECTION('',(-0.5981087967959466,0,-0.8014149157554437));
#17066=FACE_SURFACE('',(#17071),#17067,.T.);
#17067=PLANE('',#17068);
#17068=AXIS2_PLACEMENT_3D('',#636,#17069,#17070);
#17069=DIRECTION('',(0.8754767471439492,-0.024424421357518256,-0.4826426347222135));
#17070=DIRECTION('',(0.4827866599654311,0,0.8757379978963019));
#17071=FACE_BOUND('',#17072,.T.);
#17072=EDGE_LOOP('',(#17073,#17074,#17075));
#17073=ORIENTED_EDGE('',*,*,#17076,.T.);
#17074=ORIENTED_EDGE('',*,*,#17077,.T.);
#17075=ORIENTED_EDGE('',*,*,#17078,.T.);
#17076=EDGE_CURVE('',#637,#639,#17079,.F.);
#17077=EDGE_CURVE('',#639,#711,#17080,.T.);
#17078=EDGE_CURVE('',#711,#637,#17081,.T.);
#17079=LINE('',#636,#17082);
#17080=LINE('',#638,#17083);
#17081=LINE('',#710,#17084);
#17082=VECTOR('',#17085,1.0);
#17083=VECTOR('',#17086,1.0);
#17084=VECTOR('',#17087,1.0);
#17085=DIRECTION('',(0.4827866599654311,0,0.8757379978963019));
#17086=DIRECTION('',(-0.1315775330212259,-0.973038276244534,-0.18943037181802197));
#17087=DIRECTION('',(-0.05826097932655506,0.986103187279213,-0.15558329706523227));
#17088=FACE_SURFACE('',(#17093),#17089,.T.);
#17089=PLANE('',#17090);
#17090=AXIS2_PLACEMENT_3D('',#712,#17091,#17092);
#17091=DIRECTION('',(0.9720746916398588,0.02054883749229798,-0.23377027003233009));
#17092=DIRECTION('',(0.045947648232793945,0.9602120773547143,0.27546611429360934));
#17093=FACE_BOUND('',#17094,.T.);
#17094=EDGE_LOOP('',(#17095,#17096,#17097));
#17095=ORIENTED_EDGE('',*,*,#17098,.T.);
#17096=ORIENTED_EDGE('',*,*,#17099,.T.);
#17097=ORIENTED_EDGE('',*,*,#17100,.T.);
#17098=EDGE_CURVE('',#713,#637,#17101,.F.);
#17099=EDGE_CURVE('',#637,#711,#17102,.T.);
#17100=EDGE_CURVE('',#711,#713,#17103,.T.);
#17101=LINE('',#712,#17104);
#17102=LINE('',#636,#17105);
#17103=LINE('',#710,#17106);
#17104=VECTOR('',#17107,1.0);
#17105=VECTOR('',#17108,1.0);
#17106=VECTOR('',#17109,1.0);
#17107=DIRECTION('',(0.045947648232793945,0.9602120773547143,0.27546611429360934));
#17108=DIRECTION('',(0.05826097932655506,-0.986103187279213,0.15558329706523227));
#17109=DIRECTION('',(-0.23381964096843902,0,-0.9722799882222148));
#17110=FACE_SURFACE('',(#17115),#17111,.T.);
#17111=PLANE('',#17112);
#17112=AXIS2_PLACEMENT_3D('',#634,#17113,#17114);
#17113=DIRECTION('',(0.986372646452941,0,-0.16452660067424194));
#17114=DIRECTION('',(0.16452660067424194,0,0.986372646452941));
#17115=FACE_BOUND('',#17116,.T.);
#17116=EDGE_LOOP('',(#17117,#17118,#17119));
#17117=ORIENTED_EDGE('',*,*,#17120,.T.);
#17118=ORIENTED_EDGE('',*,*,#17121,.T.);
#17119=ORIENTED_EDGE('',*,*,#17122,.T.);
#17120=EDGE_CURVE('',#635,#637,#17123,.F.);
#17121=EDGE_CURVE('',#637,#713,#17124,.T.);
#17122=EDGE_CURVE('',#713,#635,#17125,.T.);
#17123=LINE('',#634,#17126);
#17124=LINE('',#636,#17127);
#17125=LINE('',#712,#17128);
#17126=VECTOR('',#17129,1.0);
#17127=VECTOR('',#17130,1.0);
#17128=VECTOR('',#17131,1.0);
#17129=DIRECTION('',(0.16452660067424194,0,0.986372646452941));
#17130=DIRECTION('',(-0.045947648232793945,-0.9602120773547143,-0.27546611429360934));
#17131=DIRECTION('',(0,1,0));
#17132=FACE_SURFACE('',(#17137),#17133,.T.);
#17133=PLANE('',#17134);
#17134=AXIS2_PLACEMENT_3D('',#768,#17135,#17136);
#17135=DIRECTION('',(0,0,1));
#17136=DIRECTION('',(0,-1,0));
#17137=FACE_BOUND('',#17138,.T.);
#17138=EDGE_LOOP('',(#17139,#17140,#17141));
#17139=ORIENTED_EDGE('',*,*,#17142,.T.);
#17140=ORIENTED_EDGE('',*,*,#17143,.T.);
#17141=ORIENTED_EDGE('',*,*,#17144,.T.);
#17142=EDGE_CURVE('',#769,#771,#17145,.F.);
#17143=EDGE_CURVE('',#771,#727,#17146,.T.);
#17144=EDGE_CURVE('',#727,#769,#17147,.T.);
#17145=LINE('',#768,#17148);
#17146=LINE('',#770,#17149);
#17147=LINE('',#726,#17150);
#17148=VECTOR('',#17151,1.0);
#17149=VECTOR('',#17152,1.0);
#17150=VECTOR('',#17153,1.0);
#17151=DIRECTION('',(0,-1,0));
#17152=DIRECTION('',(0.7071067811865475,-0.7071067811865475,0));
#17153=DIRECTION('',(-0.042334895805898845,0.9991034764212883,0));
#17154=FACE_SURFACE('',(#17159),#17155,.T.);
#17155=PLANE('',#17156);
#17156=AXIS2_PLACEMENT_3D('',#768,#17157,#17158);
#17157=DIRECTION('',(0,-0,1));
#17158=DIRECTION('',(0.7071067811865475,0.7071067811865475,0));
#17159=FACE_BOUND('',#17160,.T.);
#17160=EDGE_LOOP('',(#17161,#17162,#17163));
#17161=ORIENTED_EDGE('',*,*,#17164,.T.);
#17162=ORIENTED_EDGE('',*,*,#17165,.T.);
#17163=ORIENTED_EDGE('',*,*,#17166,.T.);
#17164=EDGE_CURVE('',#769,#733,#17167,.F.);
#17165=EDGE_CURVE('',#733,#731,#17168,.T.);
#17166=EDGE_CURVE('',#731,#769,#17169,.T.);
#17167=LINE('',#768,#17170);
#17168=LINE('',#732,#17171);
#17169=LINE('',#730,#17172);
#17170=VECTOR('',#17173,1.0);
#17171=VECTOR('',#17174,1.0);
#17172=VECTOR('',#17175,1.0);
#17173=DIRECTION('',(0.7071067811865475,0.7071067811865475,0));
#17174=DIRECTION('',(-1,0,0));
#17175=DIRECTION('',(0.997267754456709,-0.07387168551531177,0));
#17176=FACE_SURFACE('',(#17181),#17177,.T.);
#17177=PLANE('',#17178);
#17178=AXIS2_PLACEMENT_3D('',#726,#17179,#17180);
#17179=DIRECTION('',(0,0,1));
#17180=DIRECTION('',(-0.997267754456709,0.07387168551531177,0));
#17181=FACE_BOUND('',#17182,.T.);
#17182=EDGE_LOOP('',(#17183,#17184,#17185));
#17183=ORIENTED_EDGE('',*,*,#17186,.T.);
#17184=ORIENTED_EDGE('',*,*,#17187,.T.);
#17185=ORIENTED_EDGE('',*,*,#17188,.T.);
#17186=EDGE_CURVE('',#727,#773,#17189,.F.);
#17187=EDGE_CURVE('',#773,#729,#17190,.T.);
#17188=EDGE_CURVE('',#729,#727,#17191,.T.);
#17189=LINE('',#726,#17192);
#17190=LINE('',#772,#17193);
#17191=LINE('',#728,#17194);
#17192=VECTOR('',#17195,1.0);
#17193=VECTOR('',#17196,1.0);
#17194=VECTOR('',#17197,1.0);
#17195=DIRECTION('',(-0.997267754456709,0.07387168551531177,0));
#17196=DIRECTION('',(-0.7071067811865475,-0.7071067811865475,0));
#17197=DIRECTION('',(1,0,0));
#17198=FACE_SURFACE('',(#17203),#17199,.T.);
#17199=PLANE('',#17200);
#17200=AXIS2_PLACEMENT_3D('',#728,#17201,#17202);
#17201=DIRECTION('',(0,0,1));
#17202=DIRECTION('',(0.7071067811865475,0.7071067811865475,0));
#17203=FACE_BOUND('',#17204,.T.);
#17204=EDGE_LOOP('',(#17205,#17206,#17207));
#17205=ORIENTED_EDGE('',*,*,#17208,.T.);
#17206=ORIENTED_EDGE('',*,*,#17209,.T.);
#17207=ORIENTED_EDGE('',*,*,#17210,.T.);
#17208=EDGE_CURVE('',#729,#773,#17211,.F.);
#17209=EDGE_CURVE('',#773,#731,#17212,.T.);
#17210=EDGE_CURVE('',#731,#729,#17213,.T.);
#17211=LINE('',#728,#17214);
#17212=LINE('',#772,#17215);
#17213=LINE('',#730,#17216);
#17214=VECTOR('',#17217,1.0);
#17215=VECTOR('',#17218,1.0);
#17216=VECTOR('',#17219,1.0);
#17217=DIRECTION('',(0.7071067811865475,0.7071067811865475,0));
#17218=DIRECTION('',(-0.042334895805898845,0.9991034764212883,0));
#17219=DIRECTION('',(0,-1,0));
#17220=FACE_SURFACE('',(#17225),#17221,.T.);
#17221=PLANE('',#17222);
#17222=AXIS2_PLACEMENT_3D('',#726,#17223,#17224);
#17223=DIRECTION('',(0,0,1));
#17224=DIRECTION('',(-0.7071067811865475,0.7071067811865475,0));
#17225=FACE_BOUND('',#17226,.T.);
#17226=EDGE_LOOP('',(#17227,#17228,#17229));
#17227=ORIENTED_EDGE('',*,*,#17230,.T.);
#17228=ORIENTED_EDGE('',*,*,#17231,.T.);
#17229=ORIENTED_EDGE('',*,*,#17232,.T.);
#17230=EDGE_CURVE('',#727,#771,#17233,.F.);
#17231=EDGE_CURVE('',#771,#773,#17234,.T.);
#17232=EDGE_CURVE('',#773,#727,#17235,.T.);
#17233=LINE('',#726,#17236);
#17234=LINE('',#770,#17237);
#17235=LINE('',#772,#17238);
#17236=VECTOR('',#17239,1.0);
#17237=VECTOR('',#17240,1.0);
#17238=VECTOR('',#17241,1.0);
#17239=DIRECTION('',(-0.7071067811865475,0.7071067811865475,0));
#17240=DIRECTION('',(-1,0,0));
#17241=DIRECTION('',(0.997267754456709,-0.07387168551531177,0));
#17242=FACE_SURFACE('',(#17247),#17243,.T.);
#17243=PLANE('',#17244);
#17244=AXIS2_PLACEMENT_3D('',#768,#17245,#17246);
#17245=DIRECTION('',(0,0,1));
#17246=DIRECTION('',(-0.997267754456709,0.07387168551531177,0));
#17247=FACE_BOUND('',#17248,.T.);
#17248=EDGE_LOOP('',(#17249,#17250,#17251));
#17249=ORIENTED_EDGE('',*,*,#17252,.T.);
#17250=ORIENTED_EDGE('',*,*,#17253,.T.);
#17251=ORIENTED_EDGE('',*,*,#17254,.T.);
#17252=EDGE_CURVE('',#769,#731,#17255,.F.);
#17253=EDGE_CURVE('',#731,#775,#17256,.T.);
#17254=EDGE_CURVE('',#775,#769,#17257,.T.);
#17255=LINE('',#768,#17258);
#17256=LINE('',#730,#17259);
#17257=LINE('',#774,#17260);
#17258=VECTOR('',#17261,1.0);
#17259=VECTOR('',#17262,1.0);
#17260=VECTOR('',#17263,1.0);
#17261=DIRECTION('',(-0.997267754456709,0.07387168551531177,0));
#17262=DIRECTION('',(0.7071067811865475,-0.7071067811865475,0));
#17263=DIRECTION('',(1,0,0));
#17264=FACE_SURFACE('',(#17269),#17265,.T.);
#17265=PLANE('',#17266);
#17266=AXIS2_PLACEMENT_3D('',#726,#17267,#17268);
#17267=DIRECTION('',(0,-0,1));
#17268=DIRECTION('',(0,1,0));
#17269=FACE_BOUND('',#17270,.T.);
#17270=EDGE_LOOP('',(#17271,#17272,#17273));
#17271=ORIENTED_EDGE('',*,*,#17274,.T.);
#17272=ORIENTED_EDGE('',*,*,#17275,.T.);
#17273=ORIENTED_EDGE('',*,*,#17276,.T.);
#17274=EDGE_CURVE('',#727,#733,#17277,.F.);
#17275=EDGE_CURVE('',#733,#769,#17278,.T.);
#17276=EDGE_CURVE('',#769,#727,#17279,.T.);
#17277=LINE('',#726,#17280);
#17278=LINE('',#732,#17281);
#17279=LINE('',#768,#17282);
#17280=VECTOR('',#17283,1.0);
#17281=VECTOR('',#17284,1.0);
#17282=VECTOR('',#17285,1.0);
#17283=DIRECTION('',(0,1,0));
#17284=DIRECTION('',(-0.7071067811865475,-0.7071067811865475,0));
#17285=DIRECTION('',(0.042334895805898845,-0.9991034764212883,0));
#17286=FACE_SURFACE('',(#17291),#17287,.T.);
#17287=PLANE('',#17288);
#17288=AXIS2_PLACEMENT_3D('',#772,#17289,#17290);
#17289=DIRECTION('',(0,-0,1));
#17290=DIRECTION('',(0,1,0));
#17291=FACE_BOUND('',#17292,.T.);
#17292=EDGE_LOOP('',(#17293,#17294,#17295));
#17293=ORIENTED_EDGE('',*,*,#17296,.T.);
#17294=ORIENTED_EDGE('',*,*,#17297,.T.);
#17295=ORIENTED_EDGE('',*,*,#17298,.T.);
#17296=EDGE_CURVE('',#773,#775,#17299,.F.);
#17297=EDGE_CURVE('',#775,#731,#17300,.T.);
#17298=EDGE_CURVE('',#731,#773,#17301,.T.);
#17299=LINE('',#772,#17302);
#17300=LINE('',#774,#17303);
#17301=LINE('',#730,#17304);
#17302=VECTOR('',#17305,1.0);
#17303=VECTOR('',#17306,1.0);
#17304=VECTOR('',#17307,1.0);
#17305=DIRECTION('',(0,1,0));
#17306=DIRECTION('',(-0.7071067811865475,0.7071067811865475,0));
#17307=DIRECTION('',(0.042334895805898845,-0.9991034764212883,0));
#17308=FACE_SURFACE('',(#17313),#17309,.T.);
#17309=PLANE('',#17310);
#17310=AXIS2_PLACEMENT_3D('',#738,#17311,#17312);
#17311=DIRECTION('',(-1,0,0));
#17312=DIRECTION('',(0,0.9111332999386735,0.4121117685080872));
#17313=FACE_BOUND('',#17314,.T.);
#17314=EDGE_LOOP('',(#17315,#17316,#17317));
#17315=ORIENTED_EDGE('',*,*,#17318,.T.);
#17316=ORIENTED_EDGE('',*,*,#17319,.T.);
#17317=ORIENTED_EDGE('',*,*,#17320,.T.);
#17318=EDGE_CURVE('',#739,#741,#17321,.F.);
#17319=EDGE_CURVE('',#741,#753,#17322,.T.);
#17320=EDGE_CURVE('',#753,#739,#17323,.T.);
#17321=LINE('',#738,#17324);
#17322=LINE('',#740,#17325);
#17323=LINE('',#752,#17326);
#17324=VECTOR('',#17327,1.0);
#17325=VECTOR('',#17328,1.0);
#17326=VECTOR('',#17329,1.0);
#17327=DIRECTION('',(0,0.9111332999386735,0.4121117685080872));
#17328=DIRECTION('',(0,0.4667333406985853,-0.884398094005374));
#17329=DIRECTION('',(0,-0.6084050308301232,0.7936266870894633));
#17330=FACE_SURFACE('',(#17335),#17331,.T.);
#17331=PLANE('',#17332);
#17332=AXIS2_PLACEMENT_3D('',#748,#17333,#17334);
#17333=DIRECTION('',(-1,-0,0));
#17334=DIRECTION('',(0,-0.3181394602796964,-0.948043925044058));
#17335=FACE_BOUND('',#17336,.T.);
#17336=EDGE_LOOP('',(#17337,#17338,#17339));
#17337=ORIENTED_EDGE('',*,*,#17340,.T.);
#17338=ORIENTED_EDGE('',*,*,#17341,.T.);
#17339=ORIENTED_EDGE('',*,*,#17342,.T.);
#17340=EDGE_CURVE('',#749,#751,#17343,.F.);
#17341=EDGE_CURVE('',#751,#767,#17344,.T.);
#17342=EDGE_CURVE('',#767,#749,#17345,.T.);
#17343=LINE('',#748,#17346);
#17344=LINE('',#750,#17347);
#17345=LINE('',#766,#17348);
#17346=VECTOR('',#17349,1.0);
#17347=VECTOR('',#17350,1.0);
#17348=VECTOR('',#17351,1.0);
#17349=DIRECTION('',(0,-0.3181394602796964,-0.948043925044058));
#17350=DIRECTION('',(0,0.08423878067811726,0.9964455970246765));
#17351=DIRECTION('',(0,0.12820618421414248,-0.9917475355801241));
#17352=FACE_SURFACE('',(#17357),#17353,.T.);
#17353=PLANE('',#17354);
#17354=AXIS2_PLACEMENT_3D('',#746,#17355,#17356);
#17355=DIRECTION('',(-1,0,0));
#17356=DIRECTION('',(0,0.5419101404555857,-0.8404364340456733));
#17357=FACE_BOUND('',#17358,.T.);
#17358=EDGE_LOOP('',(#17359,#17360,#17361));
#17359=ORIENTED_EDGE('',*,*,#17362,.T.);
#17360=ORIENTED_EDGE('',*,*,#17363,.T.);
#17361=ORIENTED_EDGE('',*,*,#17364,.T.);
#17362=EDGE_CURVE('',#747,#767,#17365,.F.);
#17363=EDGE_CURVE('',#767,#751,#17366,.T.);
#17364=EDGE_CURVE('',#751,#747,#17367,.T.);
#17365=LINE('',#746,#17368);
#17366=LINE('',#766,#17369);
#17367=LINE('',#750,#17370);
#17368=VECTOR('',#17371,1.0);
#17369=VECTOR('',#17372,1.0);
#17370=VECTOR('',#17373,1.0);
#17371=DIRECTION('',(0,0.5419101404555857,-0.8404364340456733));
#17372=DIRECTION('',(0,-0.08423878067811726,-0.9964455970246765));
#17373=DIRECTION('',(0,-0.1408048293527124,0.9900373730475803));
#17374=FACE_SURFACE('',(#17379),#17375,.T.);
#17375=PLANE('',#17376);
#17376=AXIS2_PLACEMENT_3D('',#744,#17377,#17378);
#17377=DIRECTION('',(-1,0,0));
#17378=DIRECTION('',(0,0.7888768389782297,-0.6145513265169282));
#17379=FACE_BOUND('',#17380,.T.);
#17380=EDGE_LOOP('',(#17381,#17382,#17383));
#17381=ORIENTED_EDGE('',*,*,#17384,.T.);
#17382=ORIENTED_EDGE('',*,*,#17385,.T.);
#17383=ORIENTED_EDGE('',*,*,#17386,.T.);
#17384=EDGE_CURVE('',#745,#747,#17387,.F.);
#17385=EDGE_CURVE('',#747,#751,#17388,.T.);
#17386=EDGE_CURVE('',#751,#745,#17389,.T.);
#17387=LINE('',#744,#17390);
#17388=LINE('',#746,#17391);
#17389=LINE('',#750,#17392);
#17390=VECTOR('',#17393,1.0);
#17391=VECTOR('',#17394,1.0);
#17392=VECTOR('',#17395,1.0);
#17393=DIRECTION('',(0,0.7888768389782297,-0.6145513265169282));
#17394=DIRECTION('',(0,0.1408048293527124,-0.9900373730475803));
#17395=DIRECTION('',(0,-0.24557438099713969,0.9693777506204028));
#17396=FACE_SURFACE('',(#17401),#17397,.T.);
#17397=PLANE('',#17398);
#17398=AXIS2_PLACEMENT_3D('',#742,#17399,#17400);
#17399=DIRECTION('',(-1,0,0));
#17400=DIRECTION('',(0,0.9004188970696327,-0.43502391865264856));
#17401=FACE_BOUND('',#17402,.T.);
#17402=EDGE_LOOP('',(#17403,#17404,#17405));
#17403=ORIENTED_EDGE('',*,*,#17406,.T.);
#17404=ORIENTED_EDGE('',*,*,#17407,.T.);
#17405=ORIENTED_EDGE('',*,*,#17408,.T.);
#17406=EDGE_CURVE('',#743,#745,#17409,.F.);
#17407=EDGE_CURVE('',#745,#751,#17410,.T.);
#17408=EDGE_CURVE('',#751,#743,#17411,.T.);
#17409=LINE('',#742,#17412);
#17410=LINE('',#744,#17413);
#17411=LINE('',#750,#17414);
#17412=VECTOR('',#17415,1.0);
#17413=VECTOR('',#17416,1.0);
#17414=VECTOR('',#17417,1.0);
#17415=DIRECTION('',(0,0.9004188970696327,-0.43502391865264856));
#17416=DIRECTION('',(0,0.24557438099713969,-0.9693777506204028));
#17417=DIRECTION('',(0,-0.34735604870056613,0.9377333178634158));
#17418=FACE_SURFACE('',(#17423),#17419,.T.);
#17419=PLANE('',#17420);
#17420=AXIS2_PLACEMENT_3D('',#274,#17421,#17422);
#17421=DIRECTION('',(-1,0,0));
#17422=DIRECTION('',(0,0.9843590529508616,-0.17617393358179542));
#17423=FACE_BOUND('',#17424,.T.);
#17424=EDGE_LOOP('',(#17425,#17426,#17427));
#17425=ORIENTED_EDGE('',*,*,#17428,.T.);
#17426=ORIENTED_EDGE('',*,*,#17429,.T.);
#17427=ORIENTED_EDGE('',*,*,#17430,.T.);
#17428=EDGE_CURVE('',#275,#743,#17431,.F.);
#17429=EDGE_CURVE('',#743,#751,#17432,.T.);
#17430=EDGE_CURVE('',#751,#275,#17433,.T.);
#17431=LINE('',#274,#17434);
#17432=LINE('',#742,#17435);
#17433=LINE('',#750,#17436);
#17434=VECTOR('',#17437,1.0);
#17435=VECTOR('',#17438,1.0);
#17436=VECTOR('',#17439,1.0);
#17437=DIRECTION('',(0,0.9843590529508616,-0.17617393358179542));
#17438=DIRECTION('',(0,0.34735604870056613,-0.9377333178634158));
#17439=DIRECTION('',(0,-0.503188629256182,0.864176604281373));
#17440=FACE_SURFACE('',(#17445),#17441,.T.);
#17441=PLANE('',#17442);
#17442=AXIS2_PLACEMENT_3D('',#750,#17443,#17444);
#17443=DIRECTION('',(-1,-0,0));
#17444=DIRECTION('',(0,-0.6238532743939623,-0.7815414845214114));
#17445=FACE_BOUND('',#17446,.T.);
#17446=EDGE_LOOP('',(#17447,#17448,#17449));
#17447=ORIENTED_EDGE('',*,*,#17450,.T.);
#17448=ORIENTED_EDGE('',*,*,#17451,.T.);
#17449=ORIENTED_EDGE('',*,*,#17452,.T.);
#17450=EDGE_CURVE('',#751,#753,#17453,.F.);
#17451=EDGE_CURVE('',#753,#275,#17454,.T.);
#17452=EDGE_CURVE('',#275,#751,#17455,.T.);
#17453=LINE('',#750,#17456);
#17454=LINE('',#752,#17457);
#17455=LINE('',#274,#17458);
#17456=VECTOR('',#17459,1.0);
#17457=VECTOR('',#17460,1.0);
#17458=VECTOR('',#17461,1.0);
#17459=DIRECTION('',(0,-0.6238532743939623,-0.7815414845214114));
#17460=DIRECTION('',(0,-0.34501728393978004,0.9385963316478587));
#17461=DIRECTION('',(0,0.503188629256182,-0.864176604281373));
#17462=FACE_SURFACE('',(#17467),#17463,.T.);
#17463=PLANE('',#17464);
#17464=AXIS2_PLACEMENT_3D('',#740,#17465,#17466);
#17465=DIRECTION('',(-1,0,0));
#17466=DIRECTION('',(0,0.9887406967724816,0.14963901411686634));
#17467=FACE_BOUND('',#17468,.T.);
#17468=EDGE_LOOP('',(#17469,#17470,#17471));
#17469=ORIENTED_EDGE('',*,*,#17472,.T.);
#17470=ORIENTED_EDGE('',*,*,#17473,.T.);
#17471=ORIENTED_EDGE('',*,*,#17474,.T.);
#17472=EDGE_CURVE('',#741,#275,#17475,.F.);
#17473=EDGE_CURVE('',#275,#753,#17476,.T.);
#17474=EDGE_CURVE('',#753,#741,#17477,.T.);
#17475=LINE('',#740,#17478);
#17476=LINE('',#274,#17479);
#17477=LINE('',#752,#17480);
#17478=VECTOR('',#17481,1.0);
#17479=VECTOR('',#17482,1.0);
#17480=VECTOR('',#17483,1.0);
#17481=DIRECTION('',(0,0.9887406967724816,0.14963901411686634));
#17482=DIRECTION('',(0,0.34501728393978004,-0.9385963316478587));
#17483=DIRECTION('',(0,-0.4667333406985853,0.884398094005374));
#17484=FACE_SURFACE('',(#17489),#17485,.T.);
#17485=PLANE('',#17486);
#17486=AXIS2_PLACEMENT_3D('',#752,#17487,#17488);
#17487=DIRECTION('',(-1,-0,0));
#17488=DIRECTION('',(0,-0.842541180458517,-0.5386319329853816));
#17489=FACE_BOUND('',#17490,.T.);
#17490=EDGE_LOOP('',(#17491,#17492,#17493));
#17491=ORIENTED_EDGE('',*,*,#17494,.T.);
#17492=ORIENTED_EDGE('',*,*,#17495,.T.);
#17493=ORIENTED_EDGE('',*,*,#17496,.T.);
#17494=EDGE_CURVE('',#753,#755,#17497,.F.);
#17495=EDGE_CURVE('',#755,#739,#17498,.T.);
#17496=EDGE_CURVE('',#739,#753,#17499,.T.);
#17497=LINE('',#752,#17500);
#17498=LINE('',#754,#17501);
#17499=LINE('',#738,#17502);
#17500=VECTOR('',#17503,1.0);
#17501=VECTOR('',#17504,1.0);
#17502=VECTOR('',#17505,1.0);
#17503=DIRECTION('',(0,-0.842541180458517,-0.5386319329853816));
#17504=DIRECTION('',(0,-0.4868428051460385,0.8734896010128206));
#17505=DIRECTION('',(0,0.6084050308301232,-0.7936266870894633));
#17506=FACE_SURFACE('',(#17511),#17507,.T.);
#17507=PLANE('',#17508);
#17508=AXIS2_PLACEMENT_3D('',#754,#17509,#17510);
#17509=DIRECTION('',(-1,-0,0));
#17510=DIRECTION('',(0,-0.9804349956460567,-0.1968431337703114));
#17511=FACE_BOUND('',#17512,.T.);
#17512=EDGE_LOOP('',(#17513,#17514,#17515));
#17513=ORIENTED_EDGE('',*,*,#17516,.T.);
#17514=ORIENTED_EDGE('',*,*,#17517,.T.);
#17515=ORIENTED_EDGE('',*,*,#17518,.T.);
#17516=EDGE_CURVE('',#755,#757,#17519,.F.);
#17517=EDGE_CURVE('',#757,#739,#17520,.T.);
#17518=EDGE_CURVE('',#739,#755,#17521,.T.);
#17519=LINE('',#754,#17522);
#17520=LINE('',#756,#17523);
#17521=LINE('',#738,#17524);
#17522=VECTOR('',#17525,1.0);
#17523=VECTOR('',#17526,1.0);
#17524=VECTOR('',#17527,1.0);
#17525=DIRECTION('',(0,-0.9804349956460567,-0.1968431337703114));
#17526=DIRECTION('',(0,-0.2859024520424802,0.9582587270231863));
#17527=DIRECTION('',(0,0.4868428051460385,-0.8734896010128206));
#17528=FACE_SURFACE('',(#17533),#17529,.T.);
#17529=PLANE('',#17530);
#17530=AXIS2_PLACEMENT_3D('',#734,#17531,#17532);
#17531=DIRECTION('',(-1,0,0));
#17532=DIRECTION('',(0,0.6644602595944288,0.7473236002025523));
#17533=FACE_BOUND('',#17534,.T.);
#17534=EDGE_LOOP('',(#17535,#17536,#17537));
#17535=ORIENTED_EDGE('',*,*,#17538,.T.);
#17536=ORIENTED_EDGE('',*,*,#17539,.T.);
#17537=ORIENTED_EDGE('',*,*,#17540,.T.);
#17538=EDGE_CURVE('',#735,#739,#17541,.F.);
#17539=EDGE_CURVE('',#739,#757,#17542,.T.);
#17540=EDGE_CURVE('',#757,#735,#17543,.T.);
#17541=LINE('',#734,#17544);
#17542=LINE('',#738,#17545);
#17543=LINE('',#756,#17546);
#17544=VECTOR('',#17547,1.0);
#17545=VECTOR('',#17548,1.0);
#17546=VECTOR('',#17549,1.0);
#17547=DIRECTION('',(0,0.6644602595944288,0.7473236002025523));
#17548=DIRECTION('',(0,0.2859024520424802,-0.9582587270231863));
#17549=DIRECTION('',(0,-0.49917777926708523,0.8664995930097031));
#17550=FACE_SURFACE('',(#17555),#17551,.T.);
#17551=PLANE('',#17552);
#17552=AXIS2_PLACEMENT_3D('',#758,#17553,#17554);
#17553=DIRECTION('',(-1,0,0));
#17554=DIRECTION('',(0,-0.4479287189799064,0.8940692717642298));
#17555=FACE_BOUND('',#17556,.T.);
#17556=EDGE_LOOP('',(#17557,#17558,#17559));
#17557=ORIENTED_EDGE('',*,*,#17560,.T.);
#17558=ORIENTED_EDGE('',*,*,#17561,.T.);
#17559=ORIENTED_EDGE('',*,*,#17562,.T.);
#17560=EDGE_CURVE('',#759,#737,#17563,.F.);
#17561=EDGE_CURVE('',#737,#757,#17564,.T.);
#17562=EDGE_CURVE('',#757,#759,#17565,.T.);
#17563=LINE('',#758,#17566);
#17564=LINE('',#736,#17567);
#17565=LINE('',#756,#17568);
#17566=VECTOR('',#17569,1.0);
#17567=VECTOR('',#17570,1.0);
#17568=VECTOR('',#17571,1.0);
#17569=DIRECTION('',(0,-0.4479287189799064,0.8940692717642298));
#17570=DIRECTION('',(0,0.6258669703607749,-0.7799298272353898));
#17571=DIRECTION('',(0,-0.9727976241133567,0.2316566047394472));
#17572=FACE_SURFACE('',(#17577),#17573,.T.);
#17573=PLANE('',#17574);
#17574=AXIS2_PLACEMENT_3D('',#760,#17575,#17576);
#17575=DIRECTION('',(-1,0,0));
#17576=DIRECTION('',(0,-0.6283554833835437,0.7779263374522251));
#17577=FACE_BOUND('',#17578,.T.);
#17578=EDGE_LOOP('',(#17579,#17580,#17581));
#17579=ORIENTED_EDGE('',*,*,#17582,.T.);
#17580=ORIENTED_EDGE('',*,*,#17583,.T.);
#17581=ORIENTED_EDGE('',*,*,#17584,.T.);
#17582=EDGE_CURVE('',#761,#763,#17585,.F.);
#17583=EDGE_CURVE('',#763,#737,#17586,.T.);
#17584=EDGE_CURVE('',#737,#761,#17587,.T.);
#17585=LINE('',#760,#17588);
#17586=LINE('',#762,#17589);
#17587=LINE('',#736,#17590);
#17588=VECTOR('',#17591,1.0);
#17589=VECTOR('',#17592,1.0);
#17590=VECTOR('',#17593,1.0);
#17591=DIRECTION('',(0,-0.6283554833835437,0.7779263374522251));
#17592=DIRECTION('',(0,-0.15385054338470994,0.9880941302832588));
#17593=DIRECTION('',(0,0.312643238226314,-0.9498706257124515));
#17594=FACE_SURFACE('',(#17599),#17595,.T.);
#17595=PLANE('',#17596);
#17596=AXIS2_PLACEMENT_3D('',#764,#17597,#17598);
#17597=DIRECTION('',(-1,0,0));
#17598=DIRECTION('',(0,-0.04120515811812409,0.9991507068227797));
#17599=FACE_BOUND('',#17600,.T.);
#17600=EDGE_LOOP('',(#17601,#17602,#17603));
#17601=ORIENTED_EDGE('',*,*,#17604,.T.);
#17602=ORIENTED_EDGE('',*,*,#17605,.T.);
#17603=ORIENTED_EDGE('',*,*,#17606,.T.);
#17604=EDGE_CURVE('',#765,#737,#17607,.F.);
#17605=EDGE_CURVE('',#737,#763,#17608,.T.);
#17606=EDGE_CURVE('',#763,#765,#17609,.T.);
#17607=LINE('',#764,#17610);
#17608=LINE('',#736,#17611);
#17609=LINE('',#762,#17612);
#17610=VECTOR('',#17613,1.0);
#17611=VECTOR('',#17614,1.0);
#17612=VECTOR('',#17615,1.0);
#17613=DIRECTION('',(0,-0.04120515811812409,0.9991507068227797));
#17614=DIRECTION('',(0,0.15385054338470994,-0.9880941302832588));
#17615=DIRECTION('',(0,-0.3649999792877394,0.9310075268868399));
#17616=FACE_SURFACE('',(#17621),#17617,.T.);
#17617=PLANE('',#17618);
#17618=AXIS2_PLACEMENT_3D('',#734,#17619,#17620);
#17619=DIRECTION('',(-1,0,-0));
#17620=DIRECTION('',(0,0.49917777926708523,-0.8664995930097031));
#17621=FACE_BOUND('',#17622,.T.);
#17622=EDGE_LOOP('',(#17623,#17624,#17625));
#17623=ORIENTED_EDGE('',*,*,#17626,.T.);
#17624=ORIENTED_EDGE('',*,*,#17627,.T.);
#17625=ORIENTED_EDGE('',*,*,#17628,.T.);
#17626=EDGE_CURVE('',#735,#757,#17629,.F.);
#17627=EDGE_CURVE('',#757,#737,#17630,.T.);
#17628=EDGE_CURVE('',#737,#735,#17631,.T.);
#17629=LINE('',#734,#17632);
#17630=LINE('',#756,#17633);
#17631=LINE('',#736,#17634);
#17632=VECTOR('',#17635,1.0);
#17633=VECTOR('',#17636,1.0);
#17634=VECTOR('',#17637,1.0);
#17635=DIRECTION('',(0,0.49917777926708523,-0.8664995930097031));
#17636=DIRECTION('',(0,-0.6258669703607749,0.7799298272353898));
#17637=DIRECTION('',(0,0.35540365443412203,0.934712919786001));
#17638=FACE_SURFACE('',(#17643),#17639,.T.);
#17639=PLANE('',#17640);
#17640=AXIS2_PLACEMENT_3D('',#758,#17641,#17642);
#17641=DIRECTION('',(-1,0,0));
#17642=DIRECTION('',(0,-0.8146104069796165,0.5800085213516295));
#17643=FACE_BOUND('',#17644,.T.);
#17644=EDGE_LOOP('',(#17645,#17646,#17647));
#17645=ORIENTED_EDGE('',*,*,#17648,.T.);
#17646=ORIENTED_EDGE('',*,*,#17649,.T.);
#17647=ORIENTED_EDGE('',*,*,#17650,.T.);
#17648=EDGE_CURVE('',#759,#761,#17651,.F.);
#17649=EDGE_CURVE('',#761,#737,#17652,.T.);
#17650=EDGE_CURVE('',#737,#759,#17653,.T.);
#17651=LINE('',#758,#17654);
#17652=LINE('',#760,#17655);
#17653=LINE('',#736,#17656);
#17654=VECTOR('',#17657,1.0);
#17655=VECTOR('',#17658,1.0);
#17656=VECTOR('',#17659,1.0);
#17657=DIRECTION('',(0,-0.8146104069796165,0.5800085213516295));
#17658=DIRECTION('',(0,-0.312643238226314,0.9498706257124515));
#17659=DIRECTION('',(0,0.4479287189799064,-0.8940692717642298));
#17660=FACE_SURFACE('',(#17665),#17661,.T.);
#17661=PLANE('',#17662);
#17662=AXIS2_PLACEMENT_3D('',#772,#17663,#17664);
#17663=DIRECTION('',(1,-0,0));
#17664=DIRECTION('',(0,0.9144777456547101,-0.4046361979634044));
#17665=FACE_BOUND('',#17666,.T.);
#17666=EDGE_LOOP('',(#17667,#17668,#17669));
#17667=ORIENTED_EDGE('',*,*,#17670,.T.);
#17668=ORIENTED_EDGE('',*,*,#17671,.T.);
#17669=ORIENTED_EDGE('',*,*,#17672,.T.);
#17670=EDGE_CURVE('',#773,#777,#17673,.F.);
#17671=EDGE_CURVE('',#777,#775,#17674,.T.);
#17672=EDGE_CURVE('',#775,#773,#17675,.T.);
#17673=LINE('',#772,#17676);
#17674=LINE('',#776,#17677);
#17675=LINE('',#774,#17678);
#17676=VECTOR('',#17679,1.0);
#17677=VECTOR('',#17680,1.0);
#17678=VECTOR('',#17681,1.0);
#17679=DIRECTION('',(0,0.9144777456547101,-0.4046361979634044));
#17680=DIRECTION('',(0,0,1));
#17681=DIRECTION('',(0,-1,0));
#17682=FACE_SURFACE('',(#17687),#17683,.T.);
#17683=PLANE('',#17684);
#17684=AXIS2_PLACEMENT_3D('',#776,#17685,#17686);
#17685=DIRECTION('',(1,0,0));
#17686=DIRECTION('',(0,-0.9144777456547101,0.4046361979634044));
#17687=FACE_BOUND('',#17688,.T.);
#17688=EDGE_LOOP('',(#17689,#17690,#17691));
#17689=ORIENTED_EDGE('',*,*,#17692,.T.);
#17690=ORIENTED_EDGE('',*,*,#17693,.T.);
#17691=ORIENTED_EDGE('',*,*,#17694,.T.);
#17692=EDGE_CURVE('',#777,#773,#17695,.F.);
#17693=EDGE_CURVE('',#773,#779,#17696,.T.);
#17694=EDGE_CURVE('',#779,#777,#17697,.T.);
#17695=LINE('',#776,#17698);
#17696=LINE('',#772,#17699);
#17697=LINE('',#778,#17700);
#17698=VECTOR('',#17701,1.0);
#17699=VECTOR('',#17702,1.0);
#17700=VECTOR('',#17703,1.0);
#17701=DIRECTION('',(0,-0.9144777456547101,0.4046361979634044));
#17702=DIRECTION('',(0,0,-1));
#17703=DIRECTION('',(0,1,0));
#17704=FACE_SURFACE('',(#17709),#17705,.T.);
#17705=PLANE('',#17706);
#17706=AXIS2_PLACEMENT_3D('',#774,#17707,#17708);
#17707=DIRECTION('',(0,-1,0));
#17708=DIRECTION('',(0.7808688094430304,0,-0.6246950475544243));
#17709=FACE_BOUND('',#17710,.T.);
#17710=EDGE_LOOP('',(#17711,#17712,#17713));
#17711=ORIENTED_EDGE('',*,*,#17714,.T.);
#17712=ORIENTED_EDGE('',*,*,#17715,.T.);
#17713=ORIENTED_EDGE('',*,*,#17716,.T.);
#17714=EDGE_CURVE('',#775,#781,#17717,.F.);
#17715=EDGE_CURVE('',#781,#769,#17718,.T.);
#17716=EDGE_CURVE('',#769,#775,#17719,.T.);
#17717=LINE('',#774,#17720);
#17718=LINE('',#780,#17721);
#17719=LINE('',#768,#17722);
#17720=VECTOR('',#17723,1.0);
#17721=VECTOR('',#17724,1.0);
#17722=VECTOR('',#17725,1.0);
#17723=DIRECTION('',(0.7808688094430304,0,-0.6246950475544243));
#17724=DIRECTION('',(0,0,1));
#17725=DIRECTION('',(-1,0,0));
#17726=FACE_SURFACE('',(#17731),#17727,.T.);
#17727=PLANE('',#17728);
#17728=AXIS2_PLACEMENT_3D('',#780,#17729,#17730);
#17729=DIRECTION('',(0,-1,0));
#17730=DIRECTION('',(-0.7808688094430304,0,0.6246950475544243));
#17731=FACE_BOUND('',#17732,.T.);
#17732=EDGE_LOOP('',(#17733,#17734,#17735));
#17733=ORIENTED_EDGE('',*,*,#17736,.T.);
#17734=ORIENTED_EDGE('',*,*,#17737,.T.);
#17735=ORIENTED_EDGE('',*,*,#17738,.T.);
#17736=EDGE_CURVE('',#781,#775,#17739,.F.);
#17737=EDGE_CURVE('',#775,#777,#17740,.T.);
#17738=EDGE_CURVE('',#777,#781,#17741,.T.);
#17739=LINE('',#780,#17742);
#17740=LINE('',#774,#17743);
#17741=LINE('',#776,#17744);
#17742=VECTOR('',#17745,1.0);
#17743=VECTOR('',#17746,1.0);
#17744=VECTOR('',#17747,1.0);
#17745=DIRECTION('',(-0.7808688094430304,0,0.6246950475544243));
#17746=DIRECTION('',(0,0,-1));
#17747=DIRECTION('',(1,0,0));
#17748=FACE_SURFACE('',(#17753),#17749,.T.);
#17749=PLANE('',#17750);
#17750=AXIS2_PLACEMENT_3D('',#768,#17751,#17752);
#17751=DIRECTION('',(-1,-0,0));
#17752=DIRECTION('',(0,-0.9144777456547101,-0.4046361979634044));
#17753=FACE_BOUND('',#17754,.T.);
#17754=EDGE_LOOP('',(#17755,#17756,#17757));
#17755=ORIENTED_EDGE('',*,*,#17758,.T.);
#17756=ORIENTED_EDGE('',*,*,#17759,.T.);
#17757=ORIENTED_EDGE('',*,*,#17760,.T.);
#17758=EDGE_CURVE('',#769,#783,#17761,.F.);
#17759=EDGE_CURVE('',#783,#771,#17762,.T.);
#17760=EDGE_CURVE('',#771,#769,#17763,.T.);
#17761=LINE('',#768,#17764);
#17762=LINE('',#782,#17765);
#17763=LINE('',#770,#17766);
#17764=VECTOR('',#17767,1.0);
#17765=VECTOR('',#17768,1.0);
#17766=VECTOR('',#17769,1.0);
#17767=DIRECTION('',(0,-0.9144777456547101,-0.4046361979634044));
#17768=DIRECTION('',(0,0,1));
#17769=DIRECTION('',(0,1,0));
#17770=FACE_SURFACE('',(#17775),#17771,.T.);
#17771=PLANE('',#17772);
#17772=AXIS2_PLACEMENT_3D('',#782,#17773,#17774);
#17773=DIRECTION('',(-1,0,0));
#17774=DIRECTION('',(0,0.9144777456547101,0.4046361979634044));
#17775=FACE_BOUND('',#17776,.T.);
#17776=EDGE_LOOP('',(#17777,#17778,#17779));
#17777=ORIENTED_EDGE('',*,*,#17780,.T.);
#17778=ORIENTED_EDGE('',*,*,#17781,.T.);
#17779=ORIENTED_EDGE('',*,*,#17782,.T.);
#17780=EDGE_CURVE('',#783,#769,#17783,.F.);
#17781=EDGE_CURVE('',#769,#781,#17784,.T.);
#17782=EDGE_CURVE('',#781,#783,#17785,.T.);
#17783=LINE('',#782,#17786);
#17784=LINE('',#768,#17787);
#17785=LINE('',#780,#17788);
#17786=VECTOR('',#17789,1.0);
#17787=VECTOR('',#17790,1.0);
#17788=VECTOR('',#17791,1.0);
#17789=DIRECTION('',(0,0.9144777456547101,0.4046361979634044));
#17790=DIRECTION('',(0,0,-1));
#17791=DIRECTION('',(0,-1,0));
#17792=FACE_SURFACE('',(#17797),#17793,.T.);
#17793=PLANE('',#17794);
#17794=AXIS2_PLACEMENT_3D('',#770,#17795,#17796);
#17795=DIRECTION('',(0,1,0));
#17796=DIRECTION('',(-0.7808688094430304,0,-0.6246950475544243));
#17797=FACE_BOUND('',#17798,.T.);
#17798=EDGE_LOOP('',(#17799,#17800,#17801));
#17799=ORIENTED_EDGE('',*,*,#17802,.T.);
#17800=ORIENTED_EDGE('',*,*,#17803,.T.);
#17801=ORIENTED_EDGE('',*,*,#17804,.T.);
#17802=EDGE_CURVE('',#771,#779,#17805,.F.);
#17803=EDGE_CURVE('',#779,#773,#17806,.T.);
#17804=EDGE_CURVE('',#773,#771,#17807,.T.);
#17805=LINE('',#770,#17808);
#17806=LINE('',#778,#17809);
#17807=LINE('',#772,#17810);
#17808=VECTOR('',#17811,1.0);
#17809=VECTOR('',#17812,1.0);
#17810=VECTOR('',#17813,1.0);
#17811=DIRECTION('',(-0.7808688094430304,0,-0.6246950475544243));
#17812=DIRECTION('',(0,0,1));
#17813=DIRECTION('',(1,0,0));
#17814=FACE_SURFACE('',(#17819),#17815,.T.);
#17815=PLANE('',#17816);
#17816=AXIS2_PLACEMENT_3D('',#778,#17817,#17818);
#17817=DIRECTION('',(0,1,0));
#17818=DIRECTION('',(0.7808688094430304,0,0.6246950475544243));
#17819=FACE_BOUND('',#17820,.T.);
#17820=EDGE_LOOP('',(#17821,#17822,#17823));
#17821=ORIENTED_EDGE('',*,*,#17824,.T.);
#17822=ORIENTED_EDGE('',*,*,#17825,.T.);
#17823=ORIENTED_EDGE('',*,*,#17826,.T.);
#17824=EDGE_CURVE('',#779,#771,#17827,.F.);
#17825=EDGE_CURVE('',#771,#783,#17828,.T.);
#17826=EDGE_CURVE('',#783,#779,#17829,.T.);
#17827=LINE('',#778,#17830);
#17828=LINE('',#770,#17831);
#17829=LINE('',#782,#17832);
#17830=VECTOR('',#17833,1.0);
#17831=VECTOR('',#17834,1.0);
#17832=VECTOR('',#17835,1.0);
#17833=DIRECTION('',(0.7808688094430304,0,0.6246950475544243));
#17834=DIRECTION('',(0,0,-1));
#17835=DIRECTION('',(-1,0,0));
#17836=FACE_SURFACE('',(#17841),#17837,.T.);
#17837=PLANE('',#17838);
#17838=AXIS2_PLACEMENT_3D('',#780,#17839,#17840);
#17839=DIRECTION('',(0,0,1));
#17840=DIRECTION('',(-0.999867828493686,-0.01625809162604748,0));
#17841=FACE_BOUND('',#17842,.T.);
#17842=EDGE_LOOP('',(#17843,#17844,#17845));
#17843=ORIENTED_EDGE('',*,*,#17846,.T.);
#17844=ORIENTED_EDGE('',*,*,#17847,.T.);
#17845=ORIENTED_EDGE('',*,*,#17848,.T.);
#17846=EDGE_CURVE('',#781,#785,#17849,.F.);
#17847=EDGE_CURVE('',#785,#787,#17850,.T.);
#17848=EDGE_CURVE('',#787,#781,#17851,.T.);
#17849=LINE('',#780,#17852);
#17850=LINE('',#784,#17853);
#17851=LINE('',#786,#17854);
#17852=VECTOR('',#17855,1.0);
#17853=VECTOR('',#17856,1.0);
#17854=VECTOR('',#17857,1.0);
#17855=DIRECTION('',(-0.999867828493686,-0.01625809162604748,0));
#17856=DIRECTION('',(1,0,0));
#17857=DIRECTION('',(0.7071270107284929,0.7070865510658407,0));
#17858=FACE_SURFACE('',(#17863),#17859,.T.);
#17859=PLANE('',#17860);
#17860=AXIS2_PLACEMENT_3D('',#784,#17861,#17862);
#17861=DIRECTION('',(0,-0,1));
#17862=DIRECTION('',(0.999867828493686,0.01625809162604748,0));
#17863=FACE_BOUND('',#17864,.T.);
#17864=EDGE_LOOP('',(#17865,#17866,#17867));
#17865=ORIENTED_EDGE('',*,*,#17868,.T.);
#17866=ORIENTED_EDGE('',*,*,#17869,.T.);
#17867=ORIENTED_EDGE('',*,*,#17870,.T.);
#17868=EDGE_CURVE('',#785,#781,#17871,.F.);
#17869=EDGE_CURVE('',#781,#777,#17872,.T.);
#17870=EDGE_CURVE('',#777,#785,#17873,.T.);
#17871=LINE('',#784,#17874);
#17872=LINE('',#780,#17875);
#17873=LINE('',#776,#17876);
#17874=VECTOR('',#17877,1.0);
#17875=VECTOR('',#17878,1.0);
#17876=VECTOR('',#17879,1.0);
#17877=DIRECTION('',(0.999867828493686,0.01625809162604748,0));
#17878=DIRECTION('',(-1,0,0));
#17879=DIRECTION('',(0.7071270107284929,-0.7070865510658407,0));
#17880=FACE_SURFACE('',(#17885),#17881,.T.);
#17881=PLANE('',#17882);
#17882=AXIS2_PLACEMENT_3D('',#780,#17883,#17884);
#17883=DIRECTION('',(0,0,1));
#17884=DIRECTION('',(-0.00892875984313893,-0.9999601378293353,0));
#17885=FACE_BOUND('',#17886,.T.);
#17886=EDGE_LOOP('',(#17887,#17888,#17889));
#17887=ORIENTED_EDGE('',*,*,#17890,.T.);
#17888=ORIENTED_EDGE('',*,*,#17891,.T.);
#17889=ORIENTED_EDGE('',*,*,#17892,.T.);
#17890=EDGE_CURVE('',#781,#789,#17893,.F.);
#17891=EDGE_CURVE('',#789,#783,#17894,.T.);
#17892=EDGE_CURVE('',#783,#781,#17895,.T.);
#17893=LINE('',#780,#17896);
#17894=LINE('',#788,#17897);
#17895=LINE('',#782,#17898);
#17896=VECTOR('',#17899,1.0);
#17897=VECTOR('',#17900,1.0);
#17898=VECTOR('',#17901,1.0);
#17899=DIRECTION('',(-0.00892875984313893,-0.9999601378293353,0));
#17900=DIRECTION('',(0.7071337540377393,-0.7070798073064272,0));
#17901=DIRECTION('',(0,1,0));
#17902=FACE_SURFACE('',(#17907),#17903,.T.);
#17903=PLANE('',#17904);
#17904=AXIS2_PLACEMENT_3D('',#782,#17905,#17906);
#17905=DIRECTION('',(0,0,1));
#17906=DIRECTION('',(-0.7071337540377393,0.7070798073064272,0));
#17907=FACE_BOUND('',#17908,.T.);
#17908=EDGE_LOOP('',(#17909,#17910,#17911));
#17909=ORIENTED_EDGE('',*,*,#17912,.T.);
#17910=ORIENTED_EDGE('',*,*,#17913,.T.);
#17911=ORIENTED_EDGE('',*,*,#17914,.T.);
#17912=EDGE_CURVE('',#783,#789,#17915,.F.);
#17913=EDGE_CURVE('',#789,#779,#17916,.T.);
#17914=EDGE_CURVE('',#779,#783,#17917,.T.);
#17915=LINE('',#782,#17918);
#17916=LINE('',#788,#17919);
#17917=LINE('',#778,#17920);
#17918=VECTOR('',#17921,1.0);
#17919=VECTOR('',#17922,1.0);
#17920=VECTOR('',#17923,1.0);
#17921=DIRECTION('',(-0.7071337540377393,0.7070798073064272,0));
#17922=DIRECTION('',(-0.999867833534562,-0.016257781610706352,0));
#17923=DIRECTION('',(1,0,0));
#17924=FACE_SURFACE('',(#17929),#17925,.T.);
#17925=PLANE('',#17926);
#17926=AXIS2_PLACEMENT_3D('',#780,#17927,#17928);
#17927=DIRECTION('',(0,0,1));
#17928=DIRECTION('',(-0.7071270107284929,-0.7070865510658407,0));
#17929=FACE_BOUND('',#17930,.T.);
#17930=EDGE_LOOP('',(#17931,#17932,#17933));
#17931=ORIENTED_EDGE('',*,*,#17934,.T.);
#17932=ORIENTED_EDGE('',*,*,#17935,.T.);
#17933=ORIENTED_EDGE('',*,*,#17936,.T.);
#17934=EDGE_CURVE('',#781,#787,#17937,.F.);
#17935=EDGE_CURVE('',#787,#789,#17938,.T.);
#17936=EDGE_CURVE('',#789,#781,#17939,.T.);
#17937=LINE('',#780,#17940);
#17938=LINE('',#786,#17941);
#17939=LINE('',#788,#17942);
#17940=VECTOR('',#17943,1.0);
#17941=VECTOR('',#17944,1.0);
#17942=VECTOR('',#17945,1.0);
#17943=DIRECTION('',(-0.7071270107284929,-0.7070865510658407,0));
#17944=DIRECTION('',(0,-1,0));
#17945=DIRECTION('',(0.00892875984313893,0.9999601378293353,0));
#17946=FACE_SURFACE('',(#17951),#17947,.T.);
#17947=PLANE('',#17948);
#17948=AXIS2_PLACEMENT_3D('',#778,#17949,#17950);
#17949=DIRECTION('',(0,0,1));
#17950=DIRECTION('',(0.008928761363576601,0.9999601378157593,0));
#17951=FACE_BOUND('',#17952,.T.);
#17952=EDGE_LOOP('',(#17953,#17954,#17955));
#17953=ORIENTED_EDGE('',*,*,#17956,.T.);
#17954=ORIENTED_EDGE('',*,*,#17957,.T.);
#17955=ORIENTED_EDGE('',*,*,#17958,.T.);
#17956=EDGE_CURVE('',#779,#785,#17959,.F.);
#17957=EDGE_CURVE('',#785,#777,#17960,.T.);
#17958=EDGE_CURVE('',#777,#779,#17961,.T.);
#17959=LINE('',#778,#17962);
#17960=LINE('',#784,#17963);
#17961=LINE('',#776,#17964);
#17962=VECTOR('',#17965,1.0);
#17963=VECTOR('',#17966,1.0);
#17964=VECTOR('',#17967,1.0);
#17965=DIRECTION('',(0.008928761363576601,0.9999601378157593,0));
#17966=DIRECTION('',(-0.7071270107284929,0.7070865510658407,0));
#17967=DIRECTION('',(0,-1,0));
#17968=FACE_SURFACE('',(#17973),#17969,.T.);
#17969=PLANE('',#17970);
#17970=AXIS2_PLACEMENT_3D('',#788,#17971,#17972);
#17971=DIRECTION('',(0,0,1));
#17972=DIRECTION('',(-1,0,0));
#17973=FACE_BOUND('',#17974,.T.);
#17974=EDGE_LOOP('',(#17975,#17976,#17977));
#17975=ORIENTED_EDGE('',*,*,#17978,.T.);
#17976=ORIENTED_EDGE('',*,*,#17979,.T.);
#17977=ORIENTED_EDGE('',*,*,#17980,.T.);
#17978=EDGE_CURVE('',#789,#791,#17981,.F.);
#17979=EDGE_CURVE('',#791,#779,#17982,.T.);
#17980=EDGE_CURVE('',#779,#789,#17983,.T.);
#17981=LINE('',#788,#17984);
#17982=LINE('',#790,#17985);
#17983=LINE('',#778,#17986);
#17984=VECTOR('',#17987,1.0);
#17985=VECTOR('',#17988,1.0);
#17986=VECTOR('',#17989,1.0);
#17987=DIRECTION('',(-1,0,0));
#17988=DIRECTION('',(-0.7071337540377393,-0.7070798073064272,0));
#17989=DIRECTION('',(0.999867833534562,0.016257781610706352,0));
#17990=FACE_SURFACE('',(#17995),#17991,.T.);
#17991=PLANE('',#17992);
#17992=AXIS2_PLACEMENT_3D('',#778,#17993,#17994);
#17993=DIRECTION('',(0,0,1));
#17994=DIRECTION('',(0.7071337540377393,0.7070798073064272,0));
#17995=FACE_BOUND('',#17996,.T.);
#17996=EDGE_LOOP('',(#17997,#17998,#17999));
#17997=ORIENTED_EDGE('',*,*,#18000,.T.);
#17998=ORIENTED_EDGE('',*,*,#18001,.T.);
#17999=ORIENTED_EDGE('',*,*,#18002,.T.);
#18000=EDGE_CURVE('',#779,#791,#18003,.F.);
#18001=EDGE_CURVE('',#791,#785,#18004,.T.);
#18002=EDGE_CURVE('',#785,#779,#18005,.T.);
#18003=LINE('',#778,#18006);
#18004=LINE('',#790,#18007);
#18005=LINE('',#784,#18008);
#18006=VECTOR('',#18009,1.0);
#18007=VECTOR('',#18010,1.0);
#18008=VECTOR('',#18011,1.0);
#18009=DIRECTION('',(0.7071337540377393,0.7070798073064272,0));
#18010=DIRECTION('',(0,1,0));
#18011=DIRECTION('',(-0.008928761363576601,-0.9999601378157593,0));
#18012=FACE_SURFACE('',(#18017),#18013,.T.);
#18013=PLANE('',#18014);
#18014=AXIS2_PLACEMENT_3D('',#790,#18015,#18016);
#18015=DIRECTION('',(0,-1,0));
#18016=DIRECTION('',(0.7677003855343097,0,0.6408089559693062));
#18017=FACE_BOUND('',#18018,.T.);
#18018=EDGE_LOOP('',(#18019,#18020,#18021));
#18019=ORIENTED_EDGE('',*,*,#18022,.T.);
#18020=ORIENTED_EDGE('',*,*,#18023,.T.);
#18021=ORIENTED_EDGE('',*,*,#18024,.T.);
#18022=EDGE_CURVE('',#791,#793,#18025,.F.);
#18023=EDGE_CURVE('',#793,#795,#18026,.T.);
#18024=EDGE_CURVE('',#795,#791,#18027,.T.);
#18025=LINE('',#790,#18028);
#18026=LINE('',#792,#18029);
#18027=LINE('',#794,#18030);
#18028=VECTOR('',#18031,1.0);
#18029=VECTOR('',#18032,1.0);
#18030=VECTOR('',#18033,1.0);
#18031=DIRECTION('',(0.7677003855343097,0,0.6408089559693062));
#18032=DIRECTION('',(-1,0,0));
#18033=DIRECTION('',(0,0,-1));
#18034=FACE_SURFACE('',(#18039),#18035,.T.);
#18035=PLANE('',#18036);
#18036=AXIS2_PLACEMENT_3D('',#792,#18037,#18038);
#18037=DIRECTION('',(0,-1,-0));
#18038=DIRECTION('',(-0.7677003855343097,0,-0.6408089559693062));
#18039=FACE_BOUND('',#18040,.T.);
#18040=EDGE_LOOP('',(#18041,#18042,#18043));
#18041=ORIENTED_EDGE('',*,*,#18044,.T.);
#18042=ORIENTED_EDGE('',*,*,#18045,.T.);
#18043=ORIENTED_EDGE('',*,*,#18046,.T.);
#18044=EDGE_CURVE('',#793,#791,#18047,.F.);
#18045=EDGE_CURVE('',#791,#789,#18048,.T.);
#18046=EDGE_CURVE('',#789,#793,#18049,.T.);
#18047=LINE('',#792,#18050);
#18048=LINE('',#790,#18051);
#18049=LINE('',#788,#18052);
#18050=VECTOR('',#18053,1.0);
#18051=VECTOR('',#18054,1.0);
#18052=VECTOR('',#18055,1.0);
#18053=DIRECTION('',(-0.7677003855343097,0,-0.6408089559693062));
#18054=DIRECTION('',(1,0,0));
#18055=DIRECTION('',(0,0,1));
#18056=FACE_SURFACE('',(#18061),#18057,.T.);
#18057=PLANE('',#18058);
#18058=AXIS2_PLACEMENT_3D('',#796,#18059,#18060);
#18059=DIRECTION('',(-1,0,-0));
#18060=DIRECTION('',(0,0.916724848215607,-0.39951915181136494));
#18061=FACE_BOUND('',#18062,.T.);
#18062=EDGE_LOOP('',(#18063,#18064,#18065));
#18063=ORIENTED_EDGE('',*,*,#18066,.T.);
#18064=ORIENTED_EDGE('',*,*,#18067,.T.);
#18065=ORIENTED_EDGE('',*,*,#18068,.T.);
#18066=EDGE_CURVE('',#797,#799,#18069,.F.);
#18067=EDGE_CURVE('',#799,#801,#18070,.T.);
#18068=EDGE_CURVE('',#801,#797,#18071,.T.);
#18069=LINE('',#796,#18072);
#18070=LINE('',#798,#18073);
#18071=LINE('',#800,#18074);
#18072=VECTOR('',#18075,1.0);
#18073=VECTOR('',#18076,1.0);
#18074=VECTOR('',#18077,1.0);
#18075=DIRECTION('',(0,0.916724848215607,-0.39951915181136494));
#18076=DIRECTION('',(0,-0.9927974398597368,0.11980502246547249));
#18077=DIRECTION('',(0,0.7304747715920202,0.6829396811341291));
#18078=FACE_SURFACE('',(#18083),#18079,.T.);
#18079=PLANE('',#18080);
#18080=AXIS2_PLACEMENT_3D('',#802,#18081,#18082);
#18081=DIRECTION('',(-1,0,0));
#18082=DIRECTION('',(0,0.6382823811271781,0.7698023135471987));
#18083=FACE_BOUND('',#18084,.T.);
#18084=EDGE_LOOP('',(#18085,#18086,#18087));
#18085=ORIENTED_EDGE('',*,*,#18088,.T.);
#18086=ORIENTED_EDGE('',*,*,#18089,.T.);
#18087=ORIENTED_EDGE('',*,*,#18090,.T.);
#18088=EDGE_CURVE('',#803,#801,#18091,.F.);
#18089=EDGE_CURVE('',#801,#799,#18092,.T.);
#18090=EDGE_CURVE('',#799,#803,#18093,.T.);
#18091=LINE('',#802,#18094);
#18092=LINE('',#800,#18095);
#18093=LINE('',#798,#18096);
#18094=VECTOR('',#18097,1.0);
#18095=VECTOR('',#18098,1.0);
#18096=VECTOR('',#18099,1.0);
#18097=DIRECTION('',(0,0.6382823811271781,0.7698023135471987));
#18098=DIRECTION('',(0,0.9927974398597368,-0.11980502246547249));
#18099=DIRECTION('',(0,-0.9845178727749603,-0.17528422115714518));
#18100=FACE_SURFACE('',(#18105),#18101,.T.);
#18101=PLANE('',#18102);
#18102=AXIS2_PLACEMENT_3D('',#802,#18103,#18104);
#18103=DIRECTION('',(-1,0,-0));
#18104=DIRECTION('',(0,0.9845178727749603,0.17528422115714518));
#18105=FACE_BOUND('',#18106,.T.);
#18106=EDGE_LOOP('',(#18107,#18108,#18109));
#18107=ORIENTED_EDGE('',*,*,#18110,.T.);
#18108=ORIENTED_EDGE('',*,*,#18111,.T.);
#18109=ORIENTED_EDGE('',*,*,#18112,.T.);
#18110=EDGE_CURVE('',#803,#799,#18113,.F.);
#18111=EDGE_CURVE('',#799,#805,#18114,.T.);
#18112=EDGE_CURVE('',#805,#803,#18115,.T.);
#18113=LINE('',#802,#18116);
#18114=LINE('',#798,#18117);
#18115=LINE('',#804,#18118);
#18116=VECTOR('',#18119,1.0);
#18117=VECTOR('',#18120,1.0);
#18118=VECTOR('',#18121,1.0);
#18119=DIRECTION('',(0,0.9845178727749603,0.17528422115714518));
#18120=DIRECTION('',(0,-0.9202816484291286,-0.39125654954845906));
#18121=DIRECTION('',(0,0.5110251458966196,0.859565762615833));
#18122=FACE_SURFACE('',(#18127),#18123,.T.);
#18123=PLANE('',#18124);
#18124=AXIS2_PLACEMENT_3D('',#806,#18125,#18126);
#18125=DIRECTION('',(-1,0,0));
#18126=DIRECTION('',(0,0.3871079343091521,0.9220344067305196));
#18127=FACE_BOUND('',#18128,.T.);
#18128=EDGE_LOOP('',(#18129,#18130,#18131));
#18129=ORIENTED_EDGE('',*,*,#18132,.T.);
#18130=ORIENTED_EDGE('',*,*,#18133,.T.);
#18131=ORIENTED_EDGE('',*,*,#18134,.T.);
#18132=EDGE_CURVE('',#807,#805,#18135,.F.);
#18133=EDGE_CURVE('',#805,#809,#18136,.T.);
#18134=EDGE_CURVE('',#809,#807,#18137,.T.);
#18135=LINE('',#806,#18138);
#18136=LINE('',#804,#18139);
#18137=LINE('',#808,#18140);
#18138=VECTOR('',#18141,1.0);
#18139=VECTOR('',#18142,1.0);
#18140=VECTOR('',#18143,1.0);
#18141=DIRECTION('',(0,0.3871079343091521,0.9220344067305196));
#18142=DIRECTION('',(0,0.9824491681500237,0.18653051225289263));
#18143=DIRECTION('',(0,-0.9506153897428817,-0.310371359477625));
#18144=FACE_SURFACE('',(#18149),#18145,.T.);
#18145=PLANE('',#18146);
#18146=AXIS2_PLACEMENT_3D('',#798,#18147,#18148);
#18147=DIRECTION('',(-1,0,-0));
#18148=DIRECTION('',(0,0.9313341088277904,-0.36416586569027215));
#18149=FACE_BOUND('',#18150,.T.);
#18150=EDGE_LOOP('',(#18151,#18152,#18153));
#18151=ORIENTED_EDGE('',*,*,#18154,.T.);
#18152=ORIENTED_EDGE('',*,*,#18155,.T.);
#18153=ORIENTED_EDGE('',*,*,#18156,.T.);
#18154=EDGE_CURVE('',#799,#809,#18157,.F.);
#18155=EDGE_CURVE('',#809,#805,#18158,.T.);
#18156=EDGE_CURVE('',#805,#799,#18159,.T.);
#18157=LINE('',#798,#18160);
#18158=LINE('',#808,#18161);
#18159=LINE('',#804,#18162);
#18160=VECTOR('',#18163,1.0);
#18161=VECTOR('',#18164,1.0);
#18162=VECTOR('',#18165,1.0);
#18163=DIRECTION('',(0,0.9313341088277904,-0.36416586569027215));
#18164=DIRECTION('',(0,-0.9824491681500237,-0.18653051225289263));
#18165=DIRECTION('',(0,0.9202816484291286,0.39125654954845906));
#18166=FACE_SURFACE('',(#18171),#18167,.T.);
#18167=PLANE('',#18168);
#18168=AXIS2_PLACEMENT_3D('',#810,#18169,#18170);
#18169=DIRECTION('',(-1,-0,0));
#18170=DIRECTION('',(0,-0.5090814129540392,-0.8607183714692739));
#18171=FACE_BOUND('',#18172,.T.);
#18172=EDGE_LOOP('',(#18173,#18174,#18175));
#18173=ORIENTED_EDGE('',*,*,#18176,.T.);
#18174=ORIENTED_EDGE('',*,*,#18177,.T.);
#18175=ORIENTED_EDGE('',*,*,#18178,.T.);
#18176=EDGE_CURVE('',#811,#791,#18179,.F.);
#18177=EDGE_CURVE('',#791,#809,#18180,.T.);
#18178=EDGE_CURVE('',#809,#811,#18181,.T.);
#18179=LINE('',#810,#18182);
#18180=LINE('',#790,#18183);
#18181=LINE('',#808,#18184);
#18182=VECTOR('',#18185,1.0);
#18183=VECTOR('',#18186,1.0);
#18184=VECTOR('',#18187,1.0);
#18185=DIRECTION('',(0,-0.5090814129540392,-0.8607183714692739));
#18186=DIRECTION('',(0,0.43162908322902765,0.9020511817579251));
#18187=DIRECTION('',(0,0.9417621791825475,-0.3362796423534131));
#18188=FACE_SURFACE('',(#18193),#18189,.T.);
#18189=PLANE('',#18190);
#18190=AXIS2_PLACEMENT_3D('',#806,#18191,#18192);
#18191=DIRECTION('',(-1,0,-0));
#18192=DIRECTION('',(0,0.9506153897428817,0.310371359477625));
#18193=FACE_BOUND('',#18194,.T.);
#18194=EDGE_LOOP('',(#18195,#18196,#18197));
#18195=ORIENTED_EDGE('',*,*,#18198,.T.);
#18196=ORIENTED_EDGE('',*,*,#18199,.T.);
#18197=ORIENTED_EDGE('',*,*,#18200,.T.);
#18198=EDGE_CURVE('',#807,#809,#18201,.F.);
#18199=EDGE_CURVE('',#809,#795,#18202,.T.);
#18200=EDGE_CURVE('',#795,#807,#18203,.T.);
#18201=LINE('',#806,#18204);
#18202=LINE('',#808,#18205);
#18203=LINE('',#794,#18206);
#18204=VECTOR('',#18207,1.0);
#18205=VECTOR('',#18208,1.0);
#18206=VECTOR('',#18209,1.0);
#18207=DIRECTION('',(0,0.9506153897428817,0.310371359477625));
#18208=DIRECTION('',(0,-0.8940400455847779,-0.44798704991413335));
#18209=DIRECTION('',(0,0.2522166336630768,0.9676707961407461));
#18210=FACE_SURFACE('',(#18215),#18211,.T.);
#18211=PLANE('',#18212);
#18212=AXIS2_PLACEMENT_3D('',#812,#18213,#18214);
#18213=DIRECTION('',(-1,-0,0));
#18214=DIRECTION('',(0,-0.5334836250754889,-0.8458103935140047));
#18215=FACE_BOUND('',#18216,.T.);
#18216=EDGE_LOOP('',(#18217,#18218,#18219));
#18217=ORIENTED_EDGE('',*,*,#18220,.T.);
#18218=ORIENTED_EDGE('',*,*,#18221,.T.);
#18219=ORIENTED_EDGE('',*,*,#18222,.T.);
#18220=EDGE_CURVE('',#813,#791,#18223,.F.);
#18221=EDGE_CURVE('',#791,#811,#18224,.T.);
#18222=EDGE_CURVE('',#811,#813,#18225,.T.);
#18223=LINE('',#812,#18226);
#18224=LINE('',#790,#18227);
#18225=LINE('',#810,#18228);
#18226=VECTOR('',#18229,1.0);
#18227=VECTOR('',#18230,1.0);
#18228=VECTOR('',#18231,1.0);
#18229=DIRECTION('',(0,-0.5334836250754889,-0.8458103935140047));
#18230=DIRECTION('',(0,0.5090814129540392,0.8607183714692739));
#18231=DIRECTION('',(0,0.947328314360625,-0.3202640548214186));
#18232=FACE_SURFACE('',(#18237),#18233,.T.);
#18233=PLANE('',#18234);
#18234=AXIS2_PLACEMENT_3D('',#814,#18235,#18236);
#18235=DIRECTION('',(-1,-0,0));
#18236=DIRECTION('',(0,-0.6121356674809567,-0.7907527581979361));
#18237=FACE_BOUND('',#18238,.T.);
#18238=EDGE_LOOP('',(#18239,#18240,#18241));
#18239=ORIENTED_EDGE('',*,*,#18242,.T.);
#18240=ORIENTED_EDGE('',*,*,#18243,.T.);
#18241=ORIENTED_EDGE('',*,*,#18244,.T.);
#18242=EDGE_CURVE('',#815,#791,#18245,.F.);
#18243=EDGE_CURVE('',#791,#813,#18246,.T.);
#18244=EDGE_CURVE('',#813,#815,#18247,.T.);
#18245=LINE('',#814,#18248);
#18246=LINE('',#790,#18249);
#18247=LINE('',#812,#18250);
#18248=VECTOR('',#18251,1.0);
#18249=VECTOR('',#18252,1.0);
#18250=VECTOR('',#18253,1.0);
#18251=DIRECTION('',(0,-0.6121356674809567,-0.7907527581979361));
#18252=DIRECTION('',(0,0.5334836250754889,0.8458103935140047));
#18253=DIRECTION('',(0,0.953386100941778,-0.3017531151969004));
#18254=FACE_SURFACE('',(#18259),#18255,.T.);
#18255=PLANE('',#18256);
#18256=AXIS2_PLACEMENT_3D('',#794,#18257,#18258);
#18257=DIRECTION('',(-1,0,0));
#18258=DIRECTION('',(0,0.8940400455847779,0.44798704991413335));
#18259=FACE_BOUND('',#18260,.T.);
#18260=EDGE_LOOP('',(#18261,#18262,#18263));
#18261=ORIENTED_EDGE('',*,*,#18264,.T.);
#18262=ORIENTED_EDGE('',*,*,#18265,.T.);
#18263=ORIENTED_EDGE('',*,*,#18266,.T.);
#18264=EDGE_CURVE('',#795,#809,#18267,.F.);
#18265=EDGE_CURVE('',#809,#791,#18268,.T.);
#18266=EDGE_CURVE('',#791,#795,#18269,.T.);
#18267=LINE('',#794,#18270);
#18268=LINE('',#808,#18271);
#18269=LINE('',#790,#18272);
#18270=VECTOR('',#18273,1.0);
#18271=VECTOR('',#18274,1.0);
#18272=VECTOR('',#18275,1.0);
#18273=DIRECTION('',(0,0.8940400455847779,0.44798704991413335));
#18274=DIRECTION('',(0,-0.43162908322902765,-0.9020511817579251));
#18275=DIRECTION('',(0,0,1));
#18276=FACE_SURFACE('',(#18281),#18277,.T.);
#18277=PLANE('',#18278);
#18278=AXIS2_PLACEMENT_3D('',#790,#18279,#18280);
#18279=DIRECTION('',(-1,0,0));
#18280=DIRECTION('',(0,0.6121356674809567,0.7907527581979361));
#18281=FACE_BOUND('',#18282,.T.);
#18282=EDGE_LOOP('',(#18283,#18284,#18285));
#18283=ORIENTED_EDGE('',*,*,#18286,.T.);
#18284=ORIENTED_EDGE('',*,*,#18287,.T.);
#18285=ORIENTED_EDGE('',*,*,#18288,.T.);
#18286=EDGE_CURVE('',#791,#815,#18289,.F.);
#18287=EDGE_CURVE('',#815,#817,#18290,.T.);
#18288=EDGE_CURVE('',#817,#791,#18291,.T.);
#18289=LINE('',#790,#18292);
#18290=LINE('',#814,#18293);
#18291=LINE('',#816,#18294);
#18292=VECTOR('',#18295,1.0);
#18293=VECTOR('',#18296,1.0);
#18294=VECTOR('',#18297,1.0);
#18295=DIRECTION('',(0,0.6121356674809567,0.7907527581979361));
#18296=DIRECTION('',(0,0.9656180855106181,-0.25996483018825584));
#18297=DIRECTION('',(0,-0.7322571121058653,-0.681028282650859));
#18298=FACE_SURFACE('',(#18303),#18299,.T.);
#18299=PLANE('',#18300);
#18300=AXIS2_PLACEMENT_3D('',#784,#18301,#18302);
#18301=DIRECTION('',(-1,0,0));
#18302=DIRECTION('',(0,-1,0));
#18303=FACE_BOUND('',#18304,.T.);
#18304=EDGE_LOOP('',(#18305,#18306,#18307));
#18305=ORIENTED_EDGE('',*,*,#18308,.T.);
#18306=ORIENTED_EDGE('',*,*,#18309,.T.);
#18307=ORIENTED_EDGE('',*,*,#18310,.T.);
#18308=EDGE_CURVE('',#785,#791,#18311,.F.);
#18309=EDGE_CURVE('',#791,#819,#18312,.T.);
#18310=EDGE_CURVE('',#819,#785,#18313,.T.);
#18311=LINE('',#784,#18314);
#18312=LINE('',#790,#18315);
#18313=LINE('',#818,#18316);
#18314=VECTOR('',#18317,1.0);
#18315=VECTOR('',#18318,1.0);
#18316=VECTOR('',#18319,1.0);
#18317=DIRECTION('',(0,-1,0));
#18318=DIRECTION('',(0,0.8188455423433063,0.5740139177620145));
#18319=DIRECTION('',(0,0.5292370320432743,-0.8484740207655307));
#18320=FACE_SURFACE('',(#18325),#18321,.T.);
#18321=PLANE('',#18322);
#18322=AXIS2_PLACEMENT_3D('',#818,#18323,#18324);
#18323=DIRECTION('',(-1,0,0));
#18324=DIRECTION('',(0,0.9883931293638322,-0.15191781273560628));
#18325=FACE_BOUND('',#18326,.T.);
#18326=EDGE_LOOP('',(#18327,#18328,#18329));
#18327=ORIENTED_EDGE('',*,*,#18330,.T.);
#18328=ORIENTED_EDGE('',*,*,#18331,.T.);
#18329=ORIENTED_EDGE('',*,*,#18332,.T.);
#18330=EDGE_CURVE('',#819,#821,#18333,.F.);
#18331=EDGE_CURVE('',#821,#785,#18334,.T.);
#18332=EDGE_CURVE('',#785,#819,#18335,.T.);
#18333=LINE('',#818,#18336);
#18334=LINE('',#820,#18337);
#18335=LINE('',#784,#18338);
#18336=VECTOR('',#18339,1.0);
#18337=VECTOR('',#18340,1.0);
#18338=VECTOR('',#18341,1.0);
#18339=DIRECTION('',(0,0.9883931293638322,-0.15191781273560628));
#18340=DIRECTION('',(0,0.40047732745544634,-0.9163066682034696));
#18341=DIRECTION('',(0,-0.5292370320432743,0.8484740207655307));
#18342=FACE_SURFACE('',(#18347),#18343,.T.);
#18343=PLANE('',#18344);
#18344=AXIS2_PLACEMENT_3D('',#820,#18345,#18346);
#18345=DIRECTION('',(-1,0,0));
#18346=DIRECTION('',(0,0.9963175855401304,-0.08573954014038579));
#18347=FACE_BOUND('',#18348,.T.);
#18348=EDGE_LOOP('',(#18349,#18350,#18351));
#18349=ORIENTED_EDGE('',*,*,#18352,.T.);
#18350=ORIENTED_EDGE('',*,*,#18353,.T.);
#18351=ORIENTED_EDGE('',*,*,#18354,.T.);
#18352=EDGE_CURVE('',#821,#823,#18355,.F.);
#18353=EDGE_CURVE('',#823,#785,#18356,.T.);
#18354=EDGE_CURVE('',#785,#821,#18357,.T.);
#18355=LINE('',#820,#18358);
#18356=LINE('',#822,#18359);
#18357=LINE('',#784,#18360);
#18358=VECTOR('',#18361,1.0);
#18359=VECTOR('',#18362,1.0);
#18360=VECTOR('',#18363,1.0);
#18361=DIRECTION('',(0,0.9963175855401304,-0.08573954014038579));
#18362=DIRECTION('',(0,0,-1));
#18363=DIRECTION('',(0,-0.40047732745544634,0.9163066682034696));
#18364=FACE_SURFACE('',(#18369),#18365,.T.);
#18365=PLANE('',#18366);
#18366=AXIS2_PLACEMENT_3D('',#816,#18367,#18368);
#18367=DIRECTION('',(-1,0,-0));
#18368=DIRECTION('',(0,0.9793860535505813,-0.2019974210494235));
#18369=FACE_BOUND('',#18370,.T.);
#18370=EDGE_LOOP('',(#18371,#18372,#18373));
#18371=ORIENTED_EDGE('',*,*,#18374,.T.);
#18372=ORIENTED_EDGE('',*,*,#18375,.T.);
#18373=ORIENTED_EDGE('',*,*,#18376,.T.);
#18374=EDGE_CURVE('',#817,#819,#18377,.F.);
#18375=EDGE_CURVE('',#819,#791,#18378,.T.);
#18376=EDGE_CURVE('',#791,#817,#18379,.T.);
#18377=LINE('',#816,#18380);
#18378=LINE('',#818,#18381);
#18379=LINE('',#790,#18382);
#18380=VECTOR('',#18383,1.0);
#18381=VECTOR('',#18384,1.0);
#18382=VECTOR('',#18385,1.0);
#18383=DIRECTION('',(0,0.9793860535505813,-0.2019974210494235));
#18384=DIRECTION('',(0,-0.8188455423433063,-0.5740139177620145));
#18385=DIRECTION('',(0,0.7322571121058653,0.681028282650859));
#18386=FACE_SURFACE('',(#18391),#18387,.T.);
#18387=PLANE('',#18388);
#18388=AXIS2_PLACEMENT_3D('',#822,#18389,#18390);
#18389=DIRECTION('',(-0,1,0));
#18390=DIRECTION('',(1,0,0));
#18391=FACE_BOUND('',#18392,.T.);
#18392=EDGE_LOOP('',(#18393,#18394,#18395));
#18393=ORIENTED_EDGE('',*,*,#18396,.T.);
#18394=ORIENTED_EDGE('',*,*,#18397,.T.);
#18395=ORIENTED_EDGE('',*,*,#18398,.T.);
#18396=EDGE_CURVE('',#823,#825,#18399,.F.);
#18397=EDGE_CURVE('',#825,#787,#18400,.T.);
#18398=EDGE_CURVE('',#787,#823,#18401,.T.);
#18399=LINE('',#822,#18402);
#18400=LINE('',#824,#18403);
#18401=LINE('',#786,#18404);
#18402=VECTOR('',#18405,1.0);
#18403=VECTOR('',#18406,1.0);
#18404=VECTOR('',#18407,1.0);
#18405=DIRECTION('',(1,0,0));
#18406=DIRECTION('',(0,0,-1));
#18407=DIRECTION('',(-0.7677003855343097,0,0.6408089559693062));
#18408=FACE_SURFACE('',(#18413),#18409,.T.);
#18409=PLANE('',#18410);
#18410=AXIS2_PLACEMENT_3D('',#822,#18411,#18412);
#18411=DIRECTION('',(0,1,0));
#18412=DIRECTION('',(0.7677003855343097,0,-0.6408089559693062));
#18413=FACE_BOUND('',#18414,.T.);
#18414=EDGE_LOOP('',(#18415,#18416,#18417));
#18415=ORIENTED_EDGE('',*,*,#18418,.T.);
#18416=ORIENTED_EDGE('',*,*,#18419,.T.);
#18417=ORIENTED_EDGE('',*,*,#18420,.T.);
#18418=EDGE_CURVE('',#823,#787,#18421,.F.);
#18419=EDGE_CURVE('',#787,#785,#18422,.T.);
#18420=EDGE_CURVE('',#785,#823,#18423,.T.);
#18421=LINE('',#822,#18424);
#18422=LINE('',#786,#18425);
#18423=LINE('',#784,#18426);
#18424=VECTOR('',#18427,1.0);
#18425=VECTOR('',#18428,1.0);
#18426=VECTOR('',#18429,1.0);
#18427=DIRECTION('',(0.7677003855343097,0,-0.6408089559693062));
#18428=DIRECTION('',(-1,0,0));
#18429=DIRECTION('',(0,0,1));
#18430=FACE_SURFACE('',(#18435),#18431,.T.);
#18431=PLANE('',#18432);
#18432=AXIS2_PLACEMENT_3D('',#786,#18433,#18434);
#18433=DIRECTION('',(1,0,-0));
#18434=DIRECTION('',(0,0,1));
#18435=FACE_BOUND('',#18436,.T.);
#18436=EDGE_LOOP('',(#18437,#18438,#18439));
#18437=ORIENTED_EDGE('',*,*,#18440,.T.);
#18438=ORIENTED_EDGE('',*,*,#18441,.T.);
#18439=ORIENTED_EDGE('',*,*,#18442,.T.);
#18440=EDGE_CURVE('',#787,#825,#18443,.F.);
#18441=EDGE_CURVE('',#825,#827,#18444,.T.);
#18442=EDGE_CURVE('',#827,#787,#18445,.T.);
#18443=LINE('',#786,#18446);
#18444=LINE('',#824,#18447);
#18445=LINE('',#826,#18448);
#18446=VECTOR('',#18449,1.0);
#18447=VECTOR('',#18450,1.0);
#18448=VECTOR('',#18451,1.0);
#18449=DIRECTION('',(0,0,1));
#18450=DIRECTION('',(0,-0.9966731183369473,0.08150273114752409));
#18451=DIRECTION('',(0,0.36946763436683194,-0.9292435994696853));
#18452=FACE_SURFACE('',(#18457),#18453,.T.);
#18453=PLANE('',#18454);
#18454=AXIS2_PLACEMENT_3D('',#786,#18455,#18456);
#18455=DIRECTION('',(1,0,0));
#18456=DIRECTION('',(0,-0.36946763436683194,0.9292435994696853));
#18457=FACE_BOUND('',#18458,.T.);
#18458=EDGE_LOOP('',(#18459,#18460,#18461));
#18459=ORIENTED_EDGE('',*,*,#18462,.T.);
#18460=ORIENTED_EDGE('',*,*,#18463,.T.);
#18461=ORIENTED_EDGE('',*,*,#18464,.T.);
#18462=EDGE_CURVE('',#787,#827,#18465,.F.);
#18463=EDGE_CURVE('',#827,#829,#18466,.T.);
#18464=EDGE_CURVE('',#829,#787,#18467,.T.);
#18465=LINE('',#786,#18468);
#18466=LINE('',#826,#18469);
#18467=LINE('',#828,#18470);
#18468=VECTOR('',#18471,1.0);
#18469=VECTOR('',#18472,1.0);
#18470=VECTOR('',#18473,1.0);
#18471=DIRECTION('',(0,-0.36946763436683194,0.9292435994696853));
#18472=DIRECTION('',(0,-0.9876738098867718,0.15652618076139538));
#18473=DIRECTION('',(0,0.5744344737813849,-0.818550569807085));
#18474=FACE_SURFACE('',(#18479),#18475,.T.);
#18475=PLANE('',#18476);
#18476=AXIS2_PLACEMENT_3D('',#788,#18477,#18478);
#18477=DIRECTION('',(1,0,0));
#18478=DIRECTION('',(0,1,0));
#18479=FACE_BOUND('',#18480,.T.);
#18480=EDGE_LOOP('',(#18481,#18482,#18483));
#18481=ORIENTED_EDGE('',*,*,#18484,.T.);
#18482=ORIENTED_EDGE('',*,*,#18485,.T.);
#18483=ORIENTED_EDGE('',*,*,#18486,.T.);
#18484=EDGE_CURVE('',#789,#787,#18487,.F.);
#18485=EDGE_CURVE('',#787,#829,#18488,.T.);
#18486=EDGE_CURVE('',#829,#789,#18489,.T.);
#18487=LINE('',#788,#18490);
#18488=LINE('',#786,#18491);
#18489=LINE('',#828,#18492);
#18490=VECTOR('',#18493,1.0);
#18491=VECTOR('',#18494,1.0);
#18492=VECTOR('',#18495,1.0);
#18493=DIRECTION('',(0,1,0));
#18494=DIRECTION('',(0,-0.5744344737813849,0.818550569807085));
#18495=DIRECTION('',(0,-0.7960715620572754,-0.6052025017163178));
#18496=FACE_SURFACE('',(#18501),#18497,.T.);
#18497=PLANE('',#18498);
#18498=AXIS2_PLACEMENT_3D('',#830,#18499,#18500);
#18499=DIRECTION('',(1,0,0));
#18500=DIRECTION('',(0,-0.9621840482234343,0.2724001786790232));
#18501=FACE_BOUND('',#18502,.T.);
#18502=EDGE_LOOP('',(#18503,#18504,#18505));
#18503=ORIENTED_EDGE('',*,*,#18506,.T.);
#18504=ORIENTED_EDGE('',*,*,#18507,.T.);
#18505=ORIENTED_EDGE('',*,*,#18508,.T.);
#18506=EDGE_CURVE('',#831,#833,#18509,.F.);
#18507=EDGE_CURVE('',#833,#789,#18510,.T.);
#18508=EDGE_CURVE('',#789,#831,#18511,.T.);
#18509=LINE('',#830,#18512);
#18510=LINE('',#832,#18513);
#18511=LINE('',#788,#18514);
#18512=VECTOR('',#18515,1.0);
#18513=VECTOR('',#18516,1.0);
#18514=VECTOR('',#18517,1.0);
#18515=DIRECTION('',(0,-0.9621840482234343,0.2724001786790232));
#18516=DIRECTION('',(0,-0.6016261239088424,-0.798777820817793));
#18517=DIRECTION('',(0,0.6883524631881832,0.7253763756993749));
#18518=FACE_SURFACE('',(#18523),#18519,.T.);
#18519=PLANE('',#18520);
#18520=AXIS2_PLACEMENT_3D('',#834,#18521,#18522);
#18521=DIRECTION('',(1,-0,0));
#18522=DIRECTION('',(0,-0.23317984425897673,-0.9724336276740738));
#18523=FACE_BOUND('',#18524,.T.);
#18524=EDGE_LOOP('',(#18525,#18526,#18527));
#18525=ORIENTED_EDGE('',*,*,#18528,.T.);
#18526=ORIENTED_EDGE('',*,*,#18529,.T.);
#18527=ORIENTED_EDGE('',*,*,#18530,.T.);
#18528=EDGE_CURVE('',#835,#793,#18531,.F.);
#18529=EDGE_CURVE('',#793,#837,#18532,.T.);
#18530=EDGE_CURVE('',#837,#835,#18533,.T.);
#18531=LINE('',#834,#18534);
#18532=LINE('',#792,#18535);
#18533=LINE('',#836,#18536);
#18534=VECTOR('',#18537,1.0);
#18535=VECTOR('',#18538,1.0);
#18536=VECTOR('',#18539,1.0);
#18537=DIRECTION('',(0,-0.23317984425897673,-0.9724336276740738));
#18538=DIRECTION('',(0,0.8454979812597605,0.533978617255101));
#18539=DIRECTION('',(0,-0.9001394979326395,-0.43560174960802883));
#18540=FACE_SURFACE('',(#18545),#18541,.T.);
#18541=PLANE('',#18542);
#18542=AXIS2_PLACEMENT_3D('',#838,#18543,#18544);
#18543=DIRECTION('',(1,-0,0));
#18544=DIRECTION('',(0,-0.5218566795257659,-0.8530331799140889));
#18545=FACE_BOUND('',#18546,.T.);
#18546=EDGE_LOOP('',(#18547,#18548,#18549));
#18547=ORIENTED_EDGE('',*,*,#18550,.T.);
#18548=ORIENTED_EDGE('',*,*,#18551,.T.);
#18549=ORIENTED_EDGE('',*,*,#18552,.T.);
#18550=EDGE_CURVE('',#839,#841,#18553,.F.);
#18551=EDGE_CURVE('',#841,#843,#18554,.T.);
#18552=EDGE_CURVE('',#843,#839,#18555,.T.);
#18553=LINE('',#838,#18556);
#18554=LINE('',#840,#18557);
#18555=LINE('',#842,#18558);
#18556=VECTOR('',#18559,1.0);
#18557=VECTOR('',#18560,1.0);
#18558=VECTOR('',#18561,1.0);
#18559=DIRECTION('',(0,-0.5218566795257659,-0.8530331799140889));
#18560=DIRECTION('',(0,0.9228241207507901,0.3852215494498345));
#18561=DIRECTION('',(0,-0.9726365048169434,-0.2323321533870848));
#18562=FACE_SURFACE('',(#18567),#18563,.T.);
#18563=PLANE('',#18564);
#18564=AXIS2_PLACEMENT_3D('',#844,#18565,#18566);
#18565=DIRECTION('',(1,0,0));
#18566=DIRECTION('',(0,-0.7095905130025828,-0.7046142943885906));
#18567=FACE_BOUND('',#18568,.T.);
#18568=EDGE_LOOP('',(#18569,#18570,#18571));
#18569=ORIENTED_EDGE('',*,*,#18572,.T.);
#18570=ORIENTED_EDGE('',*,*,#18573,.T.);
#18571=ORIENTED_EDGE('',*,*,#18574,.T.);
#18572=EDGE_CURVE('',#845,#847,#18575,.F.);
#18573=EDGE_CURVE('',#847,#843,#18576,.T.);
#18574=EDGE_CURVE('',#843,#845,#18577,.T.);
#18575=LINE('',#844,#18578);
#18576=LINE('',#846,#18579);
#18577=LINE('',#842,#18580);
#18578=VECTOR('',#18581,1.0);
#18579=VECTOR('',#18582,1.0);
#18580=VECTOR('',#18583,1.0);
#18581=DIRECTION('',(0,-0.7095905130025828,-0.7046142943885906));
#18582=DIRECTION('',(0,0.9994294282428741,0.03377599683387295));
#18583=DIRECTION('',(0,-0.915967740936847,0.40125191284659223));
#18584=FACE_SURFACE('',(#18589),#18585,.T.);
#18585=PLANE('',#18586);
#18586=AXIS2_PLACEMENT_3D('',#838,#18587,#18588);
#18587=DIRECTION('',(1,0,0));
#18588=DIRECTION('',(0,0.9726365048169434,0.2323321533870848));
#18589=FACE_BOUND('',#18590,.T.);
#18590=EDGE_LOOP('',(#18591,#18592,#18593));
#18591=ORIENTED_EDGE('',*,*,#18594,.T.);
#18592=ORIENTED_EDGE('',*,*,#18595,.T.);
#18593=ORIENTED_EDGE('',*,*,#18596,.T.);
#18594=EDGE_CURVE('',#839,#843,#18597,.F.);
#18595=EDGE_CURVE('',#843,#847,#18598,.T.);
#18596=EDGE_CURVE('',#847,#839,#18599,.T.);
#18597=LINE('',#838,#18600);
#18598=LINE('',#842,#18601);
#18599=LINE('',#846,#18602);
#18600=VECTOR('',#18603,1.0);
#18601=VECTOR('',#18604,1.0);
#18602=VECTOR('',#18605,1.0);
#18603=DIRECTION('',(0,0.9726365048169434,0.2323321533870848));
#18604=DIRECTION('',(0,-0.9994294282428741,-0.03377599683387295));
#18605=DIRECTION('',(0,-0.616840593518155,-0.7870881031931369));
#18606=FACE_SURFACE('',(#18611),#18607,.T.);
#18607=PLANE('',#18608);
#18608=AXIS2_PLACEMENT_3D('',#848,#18609,#18610);
#18609=DIRECTION('',(1,0,0));
#18610=DIRECTION('',(0,0.9249511963970536,0.38008589066638515));
#18611=FACE_BOUND('',#18612,.T.);
#18612=EDGE_LOOP('',(#18613,#18614,#18615));
#18613=ORIENTED_EDGE('',*,*,#18616,.T.);
#18614=ORIENTED_EDGE('',*,*,#18617,.T.);
#18615=ORIENTED_EDGE('',*,*,#18618,.T.);
#18616=EDGE_CURVE('',#849,#837,#18619,.F.);
#18617=EDGE_CURVE('',#837,#841,#18620,.T.);
#18618=EDGE_CURVE('',#841,#849,#18621,.T.);
#18619=LINE('',#848,#18622);
#18620=LINE('',#836,#18623);
#18621=LINE('',#840,#18624);
#18622=VECTOR('',#18625,1.0);
#18623=VECTOR('',#18626,1.0);
#18624=VECTOR('',#18627,1.0);
#18625=DIRECTION('',(0,0.9249511963970536,0.38008589066638515));
#18626=DIRECTION('',(0,-0.9722474445072569,-0.23395492439593665));
#18627=DIRECTION('',(0,-0.40963009142542034,-0.9122517131794282));
#18628=FACE_SURFACE('',(#18633),#18629,.T.);
#18629=PLANE('',#18630);
#18630=AXIS2_PLACEMENT_3D('',#848,#18631,#18632);
#18631=DIRECTION('',(1,-0,0));
#18632=DIRECTION('',(0,-0.3206940805111939,-0.9471828264517257));
#18633=FACE_BOUND('',#18634,.T.);
#18634=EDGE_LOOP('',(#18635,#18636,#18637));
#18635=ORIENTED_EDGE('',*,*,#18638,.T.);
#18636=ORIENTED_EDGE('',*,*,#18639,.T.);
#18637=ORIENTED_EDGE('',*,*,#18640,.T.);
#18638=EDGE_CURVE('',#849,#835,#18641,.F.);
#18639=EDGE_CURVE('',#835,#837,#18642,.T.);
#18640=EDGE_CURVE('',#837,#849,#18643,.T.);
#18641=LINE('',#848,#18644);
#18642=LINE('',#834,#18645);
#18643=LINE('',#836,#18646);
#18644=VECTOR('',#18647,1.0);
#18645=VECTOR('',#18648,1.0);
#18646=VECTOR('',#18649,1.0);
#18647=DIRECTION('',(0,-0.3206940805111939,-0.9471828264517257));
#18648=DIRECTION('',(0,0.9001394979326395,0.43560174960802883));
#18649=DIRECTION('',(0,-0.9249511963970536,-0.38008589066638515));
#18650=FACE_SURFACE('',(#18655),#18651,.T.);
#18651=PLANE('',#18652);
#18652=AXIS2_PLACEMENT_3D('',#842,#18653,#18654);
#18653=DIRECTION('',(1,0,0));
#18654=DIRECTION('',(0,-0.9228241207507901,-0.3852215494498345));
#18655=FACE_BOUND('',#18656,.T.);
#18656=EDGE_LOOP('',(#18657,#18658,#18659));
#18657=ORIENTED_EDGE('',*,*,#18660,.T.);
#18658=ORIENTED_EDGE('',*,*,#18661,.T.);
#18659=ORIENTED_EDGE('',*,*,#18662,.T.);
#18660=EDGE_CURVE('',#843,#841,#18663,.F.);
#18661=EDGE_CURVE('',#841,#837,#18664,.T.);
#18662=EDGE_CURVE('',#837,#843,#18665,.T.);
#18663=LINE('',#842,#18666);
#18664=LINE('',#840,#18667);
#18665=LINE('',#836,#18668);
#18666=VECTOR('',#18669,1.0);
#18667=VECTOR('',#18670,1.0);
#18668=VECTOR('',#18671,1.0);
#18669=DIRECTION('',(0,-0.9228241207507901,-0.3852215494498345));
#18670=DIRECTION('',(0,0.9722474445072569,0.23395492439593665));
#18671=DIRECTION('',(0,-0.9272562905703557,0.3744272580858715));
#18672=FACE_SURFACE('',(#18677),#18673,.T.);
#18673=PLANE('',#18674);
#18674=AXIS2_PLACEMENT_3D('',#792,#18675,#18676);
#18675=DIRECTION('',(1,-0,0));
#18676=DIRECTION('',(0,0,-1));
#18677=FACE_BOUND('',#18678,.T.);
#18678=EDGE_LOOP('',(#18679,#18680,#18681));
#18679=ORIENTED_EDGE('',*,*,#18682,.T.);
#18680=ORIENTED_EDGE('',*,*,#18683,.T.);
#18681=ORIENTED_EDGE('',*,*,#18684,.T.);
#18682=EDGE_CURVE('',#793,#789,#18685,.F.);
#18683=EDGE_CURVE('',#789,#837,#18686,.T.);
#18684=EDGE_CURVE('',#837,#793,#18687,.T.);
#18685=LINE('',#792,#18688);
#18686=LINE('',#788,#18689);
#18687=LINE('',#836,#18690);
#18688=VECTOR('',#18691,1.0);
#18689=VECTOR('',#18692,1.0);
#18690=VECTOR('',#18693,1.0);
#18691=DIRECTION('',(0,0,-1));
#18692=DIRECTION('',(0,0.37719863236783396,0.9261323834851235));
#18693=DIRECTION('',(0,-0.8454979812597605,-0.533978617255101));
#18694=FACE_SURFACE('',(#18699),#18695,.T.);
#18695=PLANE('',#18696);
#18696=AXIS2_PLACEMENT_3D('',#832,#18697,#18698);
#18697=DIRECTION('',(1,0,0));
#18698=DIRECTION('',(0,-0.9445895294131277,0.32825389704173497));
#18699=FACE_BOUND('',#18700,.T.);
#18700=EDGE_LOOP('',(#18701,#18702,#18703));
#18701=ORIENTED_EDGE('',*,*,#18704,.T.);
#18702=ORIENTED_EDGE('',*,*,#18705,.T.);
#18703=ORIENTED_EDGE('',*,*,#18706,.T.);
#18704=EDGE_CURVE('',#833,#837,#18707,.F.);
#18705=EDGE_CURVE('',#837,#789,#18708,.T.);
#18706=EDGE_CURVE('',#789,#833,#18709,.T.);
#18707=LINE('',#832,#18710);
#18708=LINE('',#836,#18711);
#18709=LINE('',#788,#18712);
#18710=VECTOR('',#18713,1.0);
#18711=VECTOR('',#18714,1.0);
#18712=VECTOR('',#18715,1.0);
#18713=DIRECTION('',(0,-0.9445895294131277,0.32825389704173497));
#18714=DIRECTION('',(0,-0.37719863236783396,-0.9261323834851235));
#18715=DIRECTION('',(0,0.6016261239088424,0.798777820817793));
#18716=FACE_SURFACE('',(#18721),#18717,.T.);
#18717=PLANE('',#18718);
#18718=AXIS2_PLACEMENT_3D('',#788,#18719,#18720);
#18719=DIRECTION('',(1,0,0));
#18720=DIRECTION('',(0,0.7960715620572754,0.6052025017163178));
#18721=FACE_BOUND('',#18722,.T.);
#18722=EDGE_LOOP('',(#18723,#18724,#18725));
#18723=ORIENTED_EDGE('',*,*,#18726,.T.);
#18724=ORIENTED_EDGE('',*,*,#18727,.T.);
#18725=ORIENTED_EDGE('',*,*,#18728,.T.);
#18726=EDGE_CURVE('',#789,#829,#18729,.F.);
#18727=EDGE_CURVE('',#829,#831,#18730,.T.);
#18728=EDGE_CURVE('',#831,#789,#18731,.T.);
#18729=LINE('',#788,#18732);
#18730=LINE('',#828,#18733);
#18731=LINE('',#830,#18734);
#18732=VECTOR('',#18735,1.0);
#18733=VECTOR('',#18736,1.0);
#18734=VECTOR('',#18737,1.0);
#18735=DIRECTION('',(0,0.7960715620572754,0.6052025017163178));
#18736=DIRECTION('',(0,-0.9747307807125883,0.22338286669175847));
#18737=DIRECTION('',(0,-0.6883524631881832,-0.7253763756993749));
#18738=FACE_SURFACE('',(#18743),#18739,.T.);
#18739=PLANE('',#18740);
#18740=AXIS2_PLACEMENT_3D('',#804,#18741,#18742);
#18741=DIRECTION('',(-0.0017916855548249229,-0.8595643829527418,0.5110243256655644));
#18742=DIRECTION('',(0.9997310379038683,0.010276446463880616,0.020790538707051706));
#18743=FACE_BOUND('',#18744,.T.);
#18744=EDGE_LOOP('',(#18745,#18746,#18747));
#18745=ORIENTED_EDGE('',*,*,#18748,.T.);
#18746=ORIENTED_EDGE('',*,*,#18749,.T.);
#18747=ORIENTED_EDGE('',*,*,#18750,.T.);
#18748=EDGE_CURVE('',#805,#841,#18751,.F.);
#18749=EDGE_CURVE('',#841,#803,#18752,.T.);
#18750=EDGE_CURVE('',#803,#805,#18753,.T.);
#18751=LINE('',#804,#18754);
#18752=LINE('',#840,#18755);
#18753=LINE('',#802,#18756);
#18754=VECTOR('',#18757,1.0);
#18755=VECTOR('',#18758,1.0);
#18756=VECTOR('',#18759,1.0);
#18757=DIRECTION('',(0.9997310379038683,0.010276446463880616,0.020790538707051706));
#18758=DIRECTION('',(-0.9964897879598652,0.0443051063503185,0.07102929003580077));
#18759=DIRECTION('',(0,-0.5110251458966196,-0.859565762615833));
#18760=FACE_SURFACE('',(#18765),#18761,.T.);
#18761=PLANE('',#18762);
#18762=AXIS2_PLACEMENT_3D('',#838,#18763,#18764);
#18763=DIRECTION('',(-0.0007291756773606298,-0.8530329531363955,0.521856540790888));
#18764=DIRECTION('',(-0.9999597171154718,0.005290561969923683,0.007250799982614987));
#18765=FACE_BOUND('',#18766,.T.);
#18766=EDGE_LOOP('',(#18767,#18768,#18769));
#18767=ORIENTED_EDGE('',*,*,#18770,.T.);
#18768=ORIENTED_EDGE('',*,*,#18771,.T.);
#18769=ORIENTED_EDGE('',*,*,#18772,.T.);
#18770=EDGE_CURVE('',#839,#803,#18773,.F.);
#18771=EDGE_CURVE('',#803,#841,#18774,.T.);
#18772=EDGE_CURVE('',#841,#839,#18775,.T.);
#18773=LINE('',#838,#18776);
#18774=LINE('',#802,#18777);
#18775=LINE('',#840,#18778);
#18776=VECTOR('',#18779,1.0);
#18777=VECTOR('',#18780,1.0);
#18778=VECTOR('',#18781,1.0);
#18779=DIRECTION('',(-0.9999597171154718,0.005290561969923683,0.007250799982614987));
#18780=DIRECTION('',(0.9964897879598652,-0.0443051063503185,-0.07102929003580077));
#18781=DIRECTION('',(0,0.5218566795257659,0.8530331799140889));
#18782=FACE_SURFACE('',(#18787),#18783,.T.);
#18783=PLANE('',#18784);
#18784=AXIS2_PLACEMENT_3D('',#840,#18785,#18786);
#18785=DIRECTION('',(0.0014274371991943905,-0.9220334673720105,0.3871075399278477));
#18786=DIRECTION('',(-0.9997310379038683,-0.010276446463880616,-0.020790538707051706));
#18787=FACE_BOUND('',#18788,.T.);
#18788=EDGE_LOOP('',(#18789,#18790,#18791));
#18789=ORIENTED_EDGE('',*,*,#18792,.T.);
#18790=ORIENTED_EDGE('',*,*,#18793,.T.);
#18791=ORIENTED_EDGE('',*,*,#18794,.T.);
#18792=EDGE_CURVE('',#841,#805,#18795,.F.);
#18793=EDGE_CURVE('',#805,#807,#18796,.T.);
#18794=EDGE_CURVE('',#807,#841,#18797,.T.);
#18795=LINE('',#840,#18798);
#18796=LINE('',#804,#18799);
#18797=LINE('',#806,#18800);
#18798=VECTOR('',#18801,1.0);
#18799=VECTOR('',#18802,1.0);
#18800=VECTOR('',#18803,1.0);
#18801=DIRECTION('',(-0.9997310379038683,-0.010276446463880616,-0.020790538707051706));
#18802=DIRECTION('',(0,-0.3871079343091521,-0.9220344067305196));
#18803=DIRECTION('',(0.9946811663000292,0.041178185181023744,0.09441257582129098));
#18804=FACE_SURFACE('',(#18809),#18805,.T.);
#18805=PLANE('',#18806);
#18806=AXIS2_PLACEMENT_3D('',#840,#18807,#18808);
#18807=DIRECTION('',(-0.001115293458853908,-0.9122511458136496,0.40962983666010455));
#18808=DIRECTION('',(-0.9946811663000292,-0.041178185181023744,-0.09441257582129098));
#18809=FACE_BOUND('',#18810,.T.);
#18810=EDGE_LOOP('',(#18811,#18812,#18813));
#18811=ORIENTED_EDGE('',*,*,#18814,.T.);
#18812=ORIENTED_EDGE('',*,*,#18815,.T.);
#18813=ORIENTED_EDGE('',*,*,#18816,.T.);
#18814=EDGE_CURVE('',#841,#807,#18817,.F.);
#18815=EDGE_CURVE('',#807,#849,#18818,.T.);
#18816=EDGE_CURVE('',#849,#841,#18819,.T.);
#18817=LINE('',#840,#18820);
#18818=LINE('',#806,#18821);
#18819=LINE('',#848,#18822);
#18820=VECTOR('',#18823,1.0);
#18821=VECTOR('',#18824,1.0);
#18822=VECTOR('',#18825,1.0);
#18823=DIRECTION('',(-0.9946811663000292,-0.041178185181023744,-0.09441257582129098));
#18824=DIRECTION('',(0.9998980936282219,0.004812658324575926,0.0134402633344219));
#18825=DIRECTION('',(0,0.40963009142542034,0.9122517131794282));
#18826=FACE_SURFACE('',(#18831),#18827,.T.);
#18827=PLANE('',#18828);
#18828=AXIS2_PLACEMENT_3D('',#806,#18829,#18830);
#18829=DIRECTION('',(-0.0015424404300370873,-0.9676696450363892,0.2522163336357668));
#18830=DIRECTION('',(0,-0.2522166336630768,-0.9676707961407461));
#18831=FACE_BOUND('',#18832,.T.);
#18832=EDGE_LOOP('',(#18833,#18834,#18835));
#18833=ORIENTED_EDGE('',*,*,#18836,.T.);
#18834=ORIENTED_EDGE('',*,*,#18837,.T.);
#18835=ORIENTED_EDGE('',*,*,#18838,.T.);
#18836=EDGE_CURVE('',#807,#795,#18839,.F.);
#18837=EDGE_CURVE('',#795,#835,#18840,.T.);
#18838=EDGE_CURVE('',#835,#807,#18841,.T.);
#18839=LINE('',#806,#18842);
#18840=LINE('',#794,#18843);
#18841=LINE('',#834,#18844);
#18842=VECTOR('',#18845,1.0);
#18843=VECTOR('',#18846,1.0);
#18844=VECTOR('',#18847,1.0);
#18845=DIRECTION('',(0,-0.2522166336630768,-0.9676707961407461));
#18846=DIRECTION('',(0.9969248423562613,0.01827281931594795,0.07620343015370247));
#18847=DIRECTION('',(-0.9996861060777882,0.007799095688248737,0.02380889374739605));
#18848=FACE_SURFACE('',(#18853),#18849,.T.);
#18849=PLANE('',#18850);
#18850=AXIS2_PLACEMENT_3D('',#834,#18851,#18852);
#18851=DIRECTION('',(0.0002482797163910391,-0.9471827972582161,0.32069407062695043));
#18852=DIRECTION('',(0,0.3206940805111939,0.9471828264517257));
#18853=FACE_BOUND('',#18854,.T.);
#18854=EDGE_LOOP('',(#18855,#18856,#18857));
#18855=ORIENTED_EDGE('',*,*,#18858,.T.);
#18856=ORIENTED_EDGE('',*,*,#18859,.T.);
#18857=ORIENTED_EDGE('',*,*,#18860,.T.);
#18858=EDGE_CURVE('',#835,#849,#18861,.F.);
#18859=EDGE_CURVE('',#849,#807,#18862,.T.);
#18860=EDGE_CURVE('',#807,#835,#18863,.T.);
#18861=LINE('',#834,#18864);
#18862=LINE('',#848,#18865);
#18863=LINE('',#806,#18866);
#18864=VECTOR('',#18867,1.0);
#18865=VECTOR('',#18868,1.0);
#18866=VECTOR('',#18869,1.0);
#18867=DIRECTION('',(0,0.3206940805111939,0.9471828264517257));
#18868=DIRECTION('',(-0.9998980936282219,-0.004812658324575926,-0.0134402633344219));
#18869=DIRECTION('',(0.9996861060777882,-0.007799095688248737,-0.02380889374739605));
#18870=FACE_SURFACE('',(#18875),#18871,.T.);
#18871=PLANE('',#18872);
#18872=AXIS2_PLACEMENT_3D('',#834,#18873,#18874);
#18873=DIRECTION('',(0,-0.9724336276740738,0.2331798442589767));
#18874=DIRECTION('',(-0.9969248423562613,-0.01827281931594795,-0.07620343015370247));
#18875=FACE_BOUND('',#18876,.T.);
#18876=EDGE_LOOP('',(#18877,#18878,#18879));
#18877=ORIENTED_EDGE('',*,*,#18880,.T.);
#18878=ORIENTED_EDGE('',*,*,#18881,.T.);
#18879=ORIENTED_EDGE('',*,*,#18882,.T.);
#18880=EDGE_CURVE('',#835,#795,#18883,.F.);
#18881=EDGE_CURVE('',#795,#793,#18884,.T.);
#18882=EDGE_CURVE('',#793,#835,#18885,.T.);
#18883=LINE('',#834,#18886);
#18884=LINE('',#794,#18887);
#18885=LINE('',#792,#18888);
#18886=VECTOR('',#18889,1.0);
#18887=VECTOR('',#18890,1.0);
#18888=VECTOR('',#18891,1.0);
#18889=DIRECTION('',(-0.9969248423562613,-0.01827281931594795,-0.07620343015370247));
#18890=DIRECTION('',(1,0,0));
#18891=DIRECTION('',(0,0.23317984425897673,0.9724336276740738));
#18892=FACE_SURFACE('',(#18897),#18893,.T.);
#18893=PLANE('',#18894);
#18894=AXIS2_PLACEMENT_3D('',#838,#18895,#18896);
#18895=DIRECTION('',(0.00030846179008107505,-0.7870880657479407,0.6168405641723715));
#18896=DIRECTION('',(0,0.616840593518155,0.7870881031931369));
#18897=FACE_BOUND('',#18898,.T.);
#18898=EDGE_LOOP('',(#18899,#18900,#18901));
#18899=ORIENTED_EDGE('',*,*,#18902,.T.);
#18900=ORIENTED_EDGE('',*,*,#18903,.T.);
#18901=ORIENTED_EDGE('',*,*,#18904,.T.);
#18902=EDGE_CURVE('',#839,#847,#18905,.F.);
#18903=EDGE_CURVE('',#847,#803,#18906,.T.);
#18904=EDGE_CURVE('',#803,#839,#18907,.T.);
#18905=LINE('',#838,#18908);
#18906=LINE('',#846,#18909);
#18907=LINE('',#802,#18910);
#18908=VECTOR('',#18911,1.0);
#18909=VECTOR('',#18912,1.0);
#18910=VECTOR('',#18913,1.0);
#18911=DIRECTION('',(0,0.616840593518155,0.7870881031931369));
#18912=DIRECTION('',(-0.998053365802021,-0.03871153314399239,-0.048896791437669));
#18913=DIRECTION('',(0.9999597171154718,-0.005290561969923683,-0.007250799982614987));
#18914=FACE_SURFACE('',(#18919),#18915,.T.);
#18915=PLANE('',#18916);
#18916=AXIS2_PLACEMENT_3D('',#802,#18917,#18918);
#18917=DIRECTION('',(-0.00141248087039517,-0.7698015456296675,0.6382817444075661));
#18918=DIRECTION('',(0.998053365802021,0.03871153314399239,0.048896791437669));
#18919=FACE_BOUND('',#18920,.T.);
#18920=EDGE_LOOP('',(#18921,#18922,#18923));
#18921=ORIENTED_EDGE('',*,*,#18924,.T.);
#18922=ORIENTED_EDGE('',*,*,#18925,.T.);
#18923=ORIENTED_EDGE('',*,*,#18926,.T.);
#18924=EDGE_CURVE('',#803,#847,#18927,.F.);
#18925=EDGE_CURVE('',#847,#801,#18928,.T.);
#18926=EDGE_CURVE('',#801,#803,#18929,.T.);
#18927=LINE('',#802,#18930);
#18928=LINE('',#846,#18931);
#18929=LINE('',#800,#18932);
#18930=VECTOR('',#18933,1.0);
#18931=VECTOR('',#18934,1.0);
#18932=VECTOR('',#18935,1.0);
#18933=DIRECTION('',(0.998053365802021,0.03871153314399239,0.048896791437669));
#18934=DIRECTION('',(-0.9993607801029972,0.023887157958126817,0.02659764795263682));
#18935=DIRECTION('',(0,-0.6382823811271781,-0.7698023135471987));
#18936=FACE_SURFACE('',(#18941),#18937,.T.);
#18937=PLANE('',#18938);
#18938=AXIS2_PLACEMENT_3D('',#844,#18939,#18940);
#18939=DIRECTION('',(0.0020435076924839955,-0.7046128231792929,0.7095890314031196));
#18940=DIRECTION('',(-0.9977026657617374,-0.049486044169542706,-0.04626577746426597));
#18941=FACE_BOUND('',#18942,.T.);
#18942=EDGE_LOOP('',(#18943,#18944,#18945));
#18943=ORIENTED_EDGE('',*,*,#18946,.T.);
#18944=ORIENTED_EDGE('',*,*,#18947,.T.);
#18945=ORIENTED_EDGE('',*,*,#18948,.T.);
#18946=EDGE_CURVE('',#845,#801,#18949,.F.);
#18947=EDGE_CURVE('',#801,#847,#18950,.T.);
#18948=EDGE_CURVE('',#847,#845,#18951,.T.);
#18949=LINE('',#844,#18952);
#18950=LINE('',#800,#18953);
#18951=LINE('',#846,#18954);
#18952=VECTOR('',#18955,1.0);
#18953=VECTOR('',#18956,1.0);
#18954=VECTOR('',#18957,1.0);
#18955=DIRECTION('',(-0.9977026657617374,-0.049486044169542706,-0.04626577746426597));
#18956=DIRECTION('',(0.9993607801029972,-0.023887157958126817,-0.02659764795263682));
#18957=DIRECTION('',(0,0.7095905130025828,0.7046142943885906));
#18958=FACE_SURFACE('',(#18963),#18959,.T.);
#18959=PLANE('',#18960);
#18960=AXIS2_PLACEMENT_3D('',#800,#18961,#18962);
#18961=DIRECTION('',(0,-0.6829396811341291,0.7304747715920202));
#18962=DIRECTION('',(0.9977026657617374,0.049486044169542706,0.04626577746426597));
#18963=FACE_BOUND('',#18964,.T.);
#18964=EDGE_LOOP('',(#18965,#18966,#18967));
#18965=ORIENTED_EDGE('',*,*,#18968,.T.);
#18966=ORIENTED_EDGE('',*,*,#18969,.T.);
#18967=ORIENTED_EDGE('',*,*,#18970,.T.);
#18968=EDGE_CURVE('',#801,#845,#18971,.F.);
#18969=EDGE_CURVE('',#845,#797,#18972,.T.);
#18970=EDGE_CURVE('',#797,#801,#18973,.T.);
#18971=LINE('',#800,#18974);
#18972=LINE('',#844,#18975);
#18973=LINE('',#796,#18976);
#18974=VECTOR('',#18977,1.0);
#18975=VECTOR('',#18978,1.0);
#18976=VECTOR('',#18979,1.0);
#18977=DIRECTION('',(0.9977026657617374,0.049486044169542706,0.04626577746426597));
#18978=DIRECTION('',(-1,0,0));
#18979=DIRECTION('',(0,-0.7304747715920202,-0.6829396811341291));
#18980=FACE_SURFACE('',(#18985),#18981,.T.);
#18981=PLANE('',#18982);
#18982=AXIS2_PLACEMENT_3D('',#828,#18983,#18984);
#18983=DIRECTION('',(0.0025151857973499505,0.19809345282625399,0.9801799109284873));
#18984=DIRECTION('',(-0.9869866779052966,0.1580884102276664,-0.029416869125646047));
#18985=FACE_BOUND('',#18986,.T.);
#18986=EDGE_LOOP('',(#18987,#18988,#18989));
#18987=ORIENTED_EDGE('',*,*,#18990,.T.);
#18988=ORIENTED_EDGE('',*,*,#18991,.T.);
#18989=ORIENTED_EDGE('',*,*,#18992,.T.);
#18990=EDGE_CURVE('',#829,#851,#18993,.F.);
#18991=EDGE_CURVE('',#851,#817,#18994,.T.);
#18992=EDGE_CURVE('',#817,#829,#18995,.T.);
#18993=LINE('',#828,#18996);
#18994=LINE('',#850,#18997);
#18995=LINE('',#816,#18998);
#18996=VECTOR('',#18999,1.0);
#18997=VECTOR('',#19000,1.0);
#18998=VECTOR('',#19001,1.0);
#18999=DIRECTION('',(-0.9869866779052966,0.1580884102276664,-0.029416869125646047));
#19000=DIRECTION('',(-0.8897477286239203,-0.4469583980014531,0.0926130113134722));
#19001=DIRECTION('',(0.9839620870279805,0.17433572843187564,-0.037757980397105026));
#19002=FACE_SURFACE('',(#19007),#19003,.T.);
#19003=PLANE('',#19004);
#19004=AXIS2_PLACEMENT_3D('',#828,#19005,#19006);
#19005=DIRECTION('',(-0.0043660721586188935,0.1565246888573871,0.9876643960333915));
#19006=DIRECTION('',(0,0.9876738098867718,-0.15652618076139538));
#19007=FACE_BOUND('',#19008,.T.);
#19008=EDGE_LOOP('',(#19009,#19010,#19011));
#19009=ORIENTED_EDGE('',*,*,#19012,.T.);
#19010=ORIENTED_EDGE('',*,*,#19013,.T.);
#19011=ORIENTED_EDGE('',*,*,#19014,.T.);
#19012=EDGE_CURVE('',#829,#827,#19015,.F.);
#19013=EDGE_CURVE('',#827,#851,#19016,.T.);
#19014=EDGE_CURVE('',#851,#829,#19017,.T.);
#19015=LINE('',#828,#19018);
#19016=LINE('',#826,#19019);
#19017=LINE('',#850,#19020);
#19018=VECTOR('',#19021,1.0);
#19019=VECTOR('',#19022,1.0);
#19020=VECTOR('',#19023,1.0);
#19021=DIRECTION('',(0,0.9876738098867718,-0.15652618076139538));
#19022=DIRECTION('',(-0.9131952184299645,-0.40310400827412884,0.05984690092210661));
#19023=DIRECTION('',(0.9869866779052966,-0.1580884102276664,0.029416869125646047));
#19024=FACE_SURFACE('',(#19029),#19025,.T.);
#19025=PLANE('',#19026);
#19026=AXIS2_PLACEMENT_3D('',#850,#19027,#19028);
#19027=DIRECTION('',(0.004719173933983773,0.13638535528365966,0.9906446205686127));
#19028=DIRECTION('',(0.9131952184299645,0.40310400827412884,-0.05984690092210661));
#19029=FACE_BOUND('',#19030,.T.);
#19030=EDGE_LOOP('',(#19031,#19032,#19033));
#19031=ORIENTED_EDGE('',*,*,#19034,.T.);
#19032=ORIENTED_EDGE('',*,*,#19035,.T.);
#19033=ORIENTED_EDGE('',*,*,#19036,.T.);
#19034=EDGE_CURVE('',#851,#827,#19037,.F.);
#19035=EDGE_CURVE('',#827,#853,#19038,.T.);
#19036=EDGE_CURVE('',#853,#851,#19039,.T.);
#19037=LINE('',#850,#19040);
#19038=LINE('',#826,#19041);
#19039=LINE('',#852,#19042);
#19040=VECTOR('',#19043,1.0);
#19041=VECTOR('',#19044,1.0);
#19042=VECTOR('',#19045,1.0);
#19043=DIRECTION('',(0.9131952184299645,0.40310400827412884,-0.05984690092210661));
#19044=DIRECTION('',(-0.9830164759284812,0.1823770868078258,-0.02042562754582124));
#19045=DIRECTION('',(0,-0.9906556518792092,0.13638687400105207));
#19046=FACE_SURFACE('',(#19051),#19047,.T.);
#19047=PLANE('',#19048);
#19048=AXIS2_PLACEMENT_3D('',#826,#19049,#19050);
#19049=DIRECTION('',(-0.0055882658976484055,0.08150145852477678,0.9966575558046963));
#19050=DIRECTION('',(0,0.9966731183369473,-0.08150273114752409));
#19051=FACE_BOUND('',#19052,.T.);
#19052=EDGE_LOOP('',(#19053,#19054,#19055));
#19053=ORIENTED_EDGE('',*,*,#19056,.T.);
#19054=ORIENTED_EDGE('',*,*,#19057,.T.);
#19055=ORIENTED_EDGE('',*,*,#19058,.T.);
#19056=EDGE_CURVE('',#827,#825,#19059,.F.);
#19057=EDGE_CURVE('',#825,#853,#19060,.T.);
#19058=EDGE_CURVE('',#853,#827,#19061,.T.);
#19059=LINE('',#826,#19062);
#19060=LINE('',#824,#19063);
#19061=LINE('',#852,#19064);
#19062=VECTOR('',#19065,1.0);
#19063=VECTOR('',#19066,1.0);
#19064=VECTOR('',#19067,1.0);
#19065=DIRECTION('',(0,0.9966731183369473,-0.08150273114752409));
#19066=DIRECTION('',(-0.889143808363024,-0.4564835069996127,0.03234340561896072));
#19067=DIRECTION('',(0.9830164759284812,-0.1823770868078258,0.02042562754582124));
#19068=FACE_SURFACE('',(#19073),#19069,.T.);
#19069=PLANE('',#19070);
#19070=AXIS2_PLACEMENT_3D('',#822,#19071,#19072);
#19071=DIRECTION('',(-0,0.08573954014038579,0.9963175855401304));
#19072=DIRECTION('',(0,-0.9963175855401304,0.08573954014038579));
#19073=FACE_BOUND('',#19074,.T.);
#19074=EDGE_LOOP('',(#19075,#19076,#19077));
#19075=ORIENTED_EDGE('',*,*,#19078,.T.);
#19076=ORIENTED_EDGE('',*,*,#19079,.T.);
#19077=ORIENTED_EDGE('',*,*,#19080,.T.);
#19078=EDGE_CURVE('',#823,#821,#19081,.F.);
#19079=EDGE_CURVE('',#821,#825,#19082,.T.);
#19080=EDGE_CURVE('',#825,#823,#19083,.T.);
#19081=LINE('',#822,#19084);
#19082=LINE('',#820,#19085);
#19083=LINE('',#824,#19086);
#19084=VECTOR('',#19087,1.0);
#19085=VECTOR('',#19088,1.0);
#19086=VECTOR('',#19089,1.0);
#19087=DIRECTION('',(0,-0.9963175855401304,0.08573954014038579));
#19088=DIRECTION('',(0.9346362084626137,0.35429585374573175,-0.030489438322355965));
#19089=DIRECTION('',(-1,0,0));
#19090=FACE_SURFACE('',(#19095),#19091,.T.);
#19091=PLANE('',#19092);
#19092=AXIS2_PLACEMENT_3D('',#820,#19093,#19094);
#19093=DIRECTION('',(0.029029610859618044,0.009435914109001391,0.9995340140376748));
#19094=DIRECTION('',(0.9644813177441501,0.2623856601087641,-0.030488573134796373));
#19095=FACE_BOUND('',#19096,.T.);
#19096=EDGE_LOOP('',(#19097,#19098,#19099));
#19097=ORIENTED_EDGE('',*,*,#19100,.T.);
#19098=ORIENTED_EDGE('',*,*,#19101,.T.);
#19099=ORIENTED_EDGE('',*,*,#19102,.T.);
#19100=EDGE_CURVE('',#821,#855,#19103,.F.);
#19101=EDGE_CURVE('',#855,#825,#19104,.T.);
#19102=EDGE_CURVE('',#825,#821,#19105,.T.);
#19103=LINE('',#820,#19106);
#19104=LINE('',#854,#19107);
#19105=LINE('',#824,#19108);
#19106=VECTOR('',#19109,1.0);
#19107=VECTOR('',#19110,1.0);
#19108=VECTOR('',#19111,1.0);
#19109=DIRECTION('',(0.9644813177441501,0.2623856601087641,-0.030488573134796373));
#19110=DIRECTION('',(0.9035923606930447,0.42732205161347747,-0.030277217540902075));
#19111=DIRECTION('',(-0.9346362084626137,-0.35429585374573175,0.030489438322355965));
#19112=FACE_SURFACE('',(#19117),#19113,.T.);
#19113=PLANE('',#19114);
#19114=AXIS2_PLACEMENT_3D('',#830,#19115,#19116);
#19115=DIRECTION('',(-0.00217462038639705,0.22338233850526928,0.9747284759716894));
#19116=DIRECTION('',(0,0.9747307807125883,-0.22338286669175847));
#19117=FACE_BOUND('',#19118,.T.);
#19118=EDGE_LOOP('',(#19119,#19120,#19121));
#19119=ORIENTED_EDGE('',*,*,#19122,.T.);
#19120=ORIENTED_EDGE('',*,*,#19123,.T.);
#19121=ORIENTED_EDGE('',*,*,#19124,.T.);
#19122=EDGE_CURVE('',#831,#829,#19125,.F.);
#19123=EDGE_CURVE('',#829,#817,#19126,.T.);
#19124=EDGE_CURVE('',#817,#831,#19127,.T.);
#19125=LINE('',#830,#19128);
#19126=LINE('',#828,#19129);
#19127=LINE('',#816,#19130);
#19128=VECTOR('',#19131,1.0);
#19129=VECTOR('',#19132,1.0);
#19130=VECTOR('',#19133,1.0);
#19131=DIRECTION('',(0,0.9747307807125883,-0.22338286669175847));
#19132=DIRECTION('',(-0.9839620870279805,-0.17433572843187564,0.037757980397105026));
#19133=DIRECTION('',(0.9950769146292767,-0.09609493542892004,0.02424247010497437));
#19134=FACE_SURFACE('',(#19139),#19135,.T.);
#19135=PLANE('',#19136);
#19136=AXIS2_PLACEMENT_3D('',#816,#19137,#19138);
#19137=DIRECTION('',(0.001580113068576934,0.25996450565350826,0.965616880052859));
#19138=DIRECTION('',(0,-0.9656180855106181,0.25996483018825584));
#19139=FACE_BOUND('',#19140,.T.);
#19140=EDGE_LOOP('',(#19141,#19142,#19143));
#19141=ORIENTED_EDGE('',*,*,#19144,.T.);
#19142=ORIENTED_EDGE('',*,*,#19145,.T.);
#19143=ORIENTED_EDGE('',*,*,#19146,.T.);
#19144=EDGE_CURVE('',#817,#815,#19147,.F.);
#19145=EDGE_CURVE('',#815,#831,#19148,.T.);
#19146=EDGE_CURVE('',#831,#817,#19149,.T.);
#19147=LINE('',#816,#19150);
#19148=LINE('',#814,#19151);
#19149=LINE('',#830,#19152);
#19150=VECTOR('',#19153,1.0);
#19151=VECTOR('',#19154,1.0);
#19152=VECTOR('',#19155,1.0);
#19153=DIRECTION('',(0,-0.9656180855106181,0.25996483018825584));
#19154=DIRECTION('',(0.9896453738475064,0.13818436336241113,-0.03882158863769557));
#19155=DIRECTION('',(-0.9950769146292767,0.09609493542892004,-0.02424247010497437));
#19156=FACE_SURFACE('',(#19161),#19157,.T.);
#19157=PLANE('',#19158);
#19158=AXIS2_PLACEMENT_3D('',#814,#19159,#19160);
#19159=DIRECTION('',(-0.0007838763256629064,0.275668703708169,0.9612523869066667));
#19160=DIRECTION('',(0.9984935828539624,-0.05252147281839945,0.015876394188968978));
#19161=FACE_BOUND('',#19162,.T.);
#19162=EDGE_LOOP('',(#19163,#19164,#19165));
#19163=ORIENTED_EDGE('',*,*,#19166,.T.);
#19164=ORIENTED_EDGE('',*,*,#19167,.T.);
#19165=ORIENTED_EDGE('',*,*,#19168,.T.);
#19166=EDGE_CURVE('',#815,#857,#19169,.F.);
#19167=EDGE_CURVE('',#857,#831,#19170,.T.);
#19168=EDGE_CURVE('',#831,#815,#19171,.T.);
#19169=LINE('',#814,#19172);
#19170=LINE('',#856,#19173);
#19171=LINE('',#830,#19174);
#19172=VECTOR('',#19175,1.0);
#19173=VECTOR('',#19176,1.0);
#19174=VECTOR('',#19177,1.0);
#19175=DIRECTION('',(0.9984935828539624,-0.05252147281839945,0.015876394188968978));
#19176=DIRECTION('',(0.9501722983307318,0.29985115719204447,-0.08521670619946839));
#19177=DIRECTION('',(-0.9896453738475064,-0.13818436336241113,0.03882158863769557));
#19178=FACE_SURFACE('',(#19183),#19179,.T.);
#19179=PLANE('',#19180);
#19180=AXIS2_PLACEMENT_3D('',#858,#19181,#19182);
#19181=DIRECTION('',(-0.0046882620987140295,0.3191999214672458,0.9476758044467516));
#19182=DIRECTION('',(0.19489027997263345,-0.929222321982329,0.31394849116050416));
#19183=FACE_BOUND('',#19184,.T.);
#19184=EDGE_LOOP('',(#19185,#19186,#19187));
#19185=ORIENTED_EDGE('',*,*,#19188,.T.);
#19186=ORIENTED_EDGE('',*,*,#19189,.T.);
#19187=ORIENTED_EDGE('',*,*,#19190,.T.);
#19188=EDGE_CURVE('',#859,#861,#19191,.F.);
#19189=EDGE_CURVE('',#861,#833,#19192,.T.);
#19190=EDGE_CURVE('',#833,#859,#19193,.T.);
#19191=LINE('',#858,#19194);
#19192=LINE('',#860,#19195);
#19193=LINE('',#832,#19196);
#19194=VECTOR('',#19197,1.0);
#19195=VECTOR('',#19198,1.0);
#19196=VECTOR('',#19199,1.0);
#19197=DIRECTION('',(0.19489027997263345,-0.929222321982329,0.31394849116050416));
#19198=DIRECTION('',(0.9428701692190079,0.3171147447861098,-0.10214735746048433));
#19199=DIRECTION('',(-0.95368084254891,-0.2864789658237279,0.09177501128176888));
#19200=FACE_SURFACE('',(#19205),#19201,.T.);
#19201=PLANE('',#19202);
#19202=AXIS2_PLACEMENT_3D('',#810,#19203,#19204);
#19203=DIRECTION('',(0.08967239884177862,0.9937290166372078,0.06679447865811249));
#19204=DIRECTION('',(0.9952506085083698,-0.09195662695245545,0.031940648447498186));
#19205=FACE_BOUND('',#19206,.T.);
#19206=EDGE_LOOP('',(#19207,#19208,#19209));
#19207=ORIENTED_EDGE('',*,*,#19210,.T.);
#19208=ORIENTED_EDGE('',*,*,#19211,.T.);
#19209=ORIENTED_EDGE('',*,*,#19212,.T.);
#19210=EDGE_CURVE('',#811,#863,#19213,.F.);
#19211=EDGE_CURVE('',#863,#865,#19214,.T.);
#19212=EDGE_CURVE('',#865,#811,#19215,.T.);
#19213=LINE('',#810,#19216);
#19214=LINE('',#862,#19217);
#19215=LINE('',#864,#19218);
#19216=VECTOR('',#19219,1.0);
#19217=VECTOR('',#19220,1.0);
#19218=VECTOR('',#19221,1.0);
#19219=DIRECTION('',(0.9952506085083698,-0.09195662695245545,0.031940648447498186));
#19220=DIRECTION('',(-0.010139678227911814,0.06797205726353742,-0.9976356982169378));
#19221=DIRECTION('',(-0.9958952387470232,0.08863477854221681,0.018345284783337284));
#19222=FACE_SURFACE('',(#19227),#19223,.T.);
#19223=PLANE('',#19224);
#19224=AXIS2_PLACEMENT_3D('',#808,#19225,#19226);
#19225=DIRECTION('',(0.000737433309074888,0.364165766672124,0.9313338555943398));
#19226=DIRECTION('',(0,-0.9313341088277904,0.36416586569027215));
#19227=FACE_BOUND('',#19228,.T.);
#19228=EDGE_LOOP('',(#19229,#19230,#19231));
#19229=ORIENTED_EDGE('',*,*,#19232,.T.);
#19230=ORIENTED_EDGE('',*,*,#19233,.T.);
#19231=ORIENTED_EDGE('',*,*,#19234,.T.);
#19232=EDGE_CURVE('',#809,#799,#19235,.F.);
#19233=EDGE_CURVE('',#799,#867,#19236,.T.);
#19234=EDGE_CURVE('',#867,#809,#19237,.T.);
#19235=LINE('',#808,#19238);
#19236=LINE('',#798,#19239);
#19237=LINE('',#866,#19240);
#19238=VECTOR('',#19241,1.0);
#19239=VECTOR('',#19242,1.0);
#19240=VECTOR('',#19243,1.0);
#19241=DIRECTION('',(0,-0.9313341088277904,0.36416586569027215));
#19242=DIRECTION('',(0.9461398369276958,0.3012723235124227,-0.11855123813718448));
#19243=DIRECTION('',(-0.9987252995119671,0.04727275629367513,-0.017693575871778833));
#19244=FACE_SURFACE('',(#19249),#19245,.T.);
#19245=PLANE('',#19246);
#19246=AXIS2_PLACEMENT_3D('',#866,#19247,#19248);
#19247=DIRECTION('',(-1.451864467081048E-05,0.35026884343213915,0.9366492070727016));
#19248=DIRECTION('',(-0.4623332275510885,0.8305303616901248,-0.3105918624385768));
#19249=FACE_BOUND('',#19250,.T.);
#19250=EDGE_LOOP('',(#19251,#19252,#19253));
#19251=ORIENTED_EDGE('',*,*,#19254,.T.);
#19252=ORIENTED_EDGE('',*,*,#19255,.T.);
#19253=ORIENTED_EDGE('',*,*,#19256,.T.);
#19254=EDGE_CURVE('',#867,#869,#19257,.F.);
#19255=EDGE_CURVE('',#869,#809,#19258,.T.);
#19256=EDGE_CURVE('',#809,#867,#19259,.T.);
#19257=LINE('',#866,#19260);
#19258=LINE('',#868,#19261);
#19259=LINE('',#808,#19262);
#19260=VECTOR('',#19263,1.0);
#19261=VECTOR('',#19264,1.0);
#19262=VECTOR('',#19265,1.0);
#19263=DIRECTION('',(-0.4623332275510885,0.8305303616901248,-0.3105918624385768));
#19264=DIRECTION('',(-0.9999784497058292,-0.006154236454042599,0.0022859347309621674));
#19265=DIRECTION('',(0.9987252995119671,-0.04727275629367513,0.017693575871778833));
#19266=FACE_SURFACE('',(#19271),#19267,.T.);
#19267=PLANE('',#19268);
#19268=AXIS2_PLACEMENT_3D('',#796,#19269,#19270);
#19269=DIRECTION('',(-0,0.40125191284659223,0.9159677409368469));
#19270=DIRECTION('',(1,0,0));
#19271=FACE_BOUND('',#19272,.T.);
#19272=EDGE_LOOP('',(#19273,#19274,#19275));
#19273=ORIENTED_EDGE('',*,*,#19276,.T.);
#19274=ORIENTED_EDGE('',*,*,#19277,.T.);
#19275=ORIENTED_EDGE('',*,*,#19278,.T.);
#19276=EDGE_CURVE('',#797,#845,#19279,.F.);
#19277=EDGE_CURVE('',#845,#843,#19280,.T.);
#19278=EDGE_CURVE('',#843,#797,#19281,.T.);
#19279=LINE('',#796,#19282);
#19280=LINE('',#844,#19283);
#19281=LINE('',#842,#19284);
#19282=VECTOR('',#19285,1.0);
#19283=VECTOR('',#19286,1.0);
#19284=VECTOR('',#19287,1.0);
#19285=DIRECTION('',(1,0,0));
#19286=DIRECTION('',(0,0.915967740936847,-0.40125191284659223));
#19287=DIRECTION('',(-0.9869552121583335,-0.14746628098091258,0.06459957559580025));
#19288=FACE_SURFACE('',(#19293),#19289,.T.);
#19289=PLANE('',#19290);
#19290=AXIS2_PLACEMENT_3D('',#870,#19291,#19292);
#19291=DIRECTION('',(-4.796174121105527E-06,0.3753971306630096,0.9268640646108662));
#19292=DIRECTION('',(-0.9999982209290211,-0.0017501412281703784,0.0007036650298829356));
#19293=FACE_BOUND('',#19294,.T.);
#19294=EDGE_LOOP('',(#19295,#19296,#19297));
#19295=ORIENTED_EDGE('',*,*,#19298,.T.);
#19296=ORIENTED_EDGE('',*,*,#19299,.T.);
#19297=ORIENTED_EDGE('',*,*,#19300,.T.);
#19298=EDGE_CURVE('',#871,#873,#19301,.F.);
#19299=EDGE_CURVE('',#873,#843,#19302,.T.);
#19300=EDGE_CURVE('',#843,#871,#19303,.T.);
#19301=LINE('',#870,#19304);
#19302=LINE('',#872,#19305);
#19303=LINE('',#842,#19306);
#19304=VECTOR('',#19307,1.0);
#19305=VECTOR('',#19308,1.0);
#19306=VECTOR('',#19309,1.0);
#19307=DIRECTION('',(-0.9999982209290211,-0.0017501412281703784,0.0007036650298829356));
#19308=DIRECTION('',(0.98826144390133,-0.14159720217506744,0.057354606042161235));
#19309=DIRECTION('',(-0.9865553072685397,0.15147352162024547,-0.061354689700447544));
#19310=FACE_SURFACE('',(#19315),#19311,.T.);
#19311=PLANE('',#19312);
#19312=AXIS2_PLACEMENT_3D('',#874,#19313,#19314);
#19313=DIRECTION('',(-0.001691063421352061,0.34786248872779274,0.9375440412271902));
#19314=DIRECTION('',(0.981492040983053,-0.17895857547020075,0.0681703876518069));
#19315=FACE_BOUND('',#19316,.T.);
#19316=EDGE_LOOP('',(#19317,#19318,#19319));
#19317=ORIENTED_EDGE('',*,*,#19320,.T.);
#19318=ORIENTED_EDGE('',*,*,#19321,.T.);
#19319=ORIENTED_EDGE('',*,*,#19322,.T.);
#19320=EDGE_CURVE('',#875,#837,#19323,.F.);
#19321=EDGE_CURVE('',#837,#877,#19324,.T.);
#19322=EDGE_CURVE('',#877,#875,#19325,.T.);
#19323=LINE('',#874,#19326);
#19324=LINE('',#836,#19327);
#19325=LINE('',#876,#19328);
#19326=VECTOR('',#19329,1.0);
#19327=VECTOR('',#19330,1.0);
#19328=VECTOR('',#19331,1.0);
#19329=DIRECTION('',(0.981492040983053,-0.17895857547020075,0.0681703876518069));
#19330=DIRECTION('',(-0.978065506199806,0.19470688493098182,-0.07400739518852559));
#19331=DIRECTION('',(-0.3659221783354416,-0.872737410854664,0.3231568831031491));
#19332=FACE_SURFACE('',(#19337),#19333,.T.);
#19333=PLANE('',#19334);
#19334=AXIS2_PLACEMENT_3D('',#878,#19335,#19336);
#19335=DIRECTION('',(0.0002143386421066861,0.34195848698323217,0.9397150351245238));
#19336=DIRECTION('',(-0.23260264551591123,0.9139574614131651,-0.3325323563598014));
#19337=FACE_BOUND('',#19338,.T.);
#19338=EDGE_LOOP('',(#19339,#19340,#19341));
#19339=ORIENTED_EDGE('',*,*,#19342,.T.);
#19340=ORIENTED_EDGE('',*,*,#19343,.T.);
#19341=ORIENTED_EDGE('',*,*,#19344,.T.);
#19342=EDGE_CURVE('',#879,#881,#19345,.F.);
#19343=EDGE_CURVE('',#881,#809,#19346,.T.);
#19344=EDGE_CURVE('',#809,#879,#19347,.T.);
#19345=LINE('',#878,#19348);
#19346=LINE('',#880,#19349);
#19347=LINE('',#808,#19350);
#19348=VECTOR('',#19351,1.0);
#19349=VECTOR('',#19352,1.0);
#19350=VECTOR('',#19353,1.0);
#19351=DIRECTION('',(-0.23260264551591123,0.9139574614131651,-0.3325323563598014));
#19352=DIRECTION('',(-0.9929599116956667,-0.11123712789833413,0.040705222542858514));
#19353=DIRECTION('',(0.9990921191973043,0.03996008339512763,-0.014769194050248166));
#19354=FACE_SURFACE('',(#19359),#19355,.T.);
#19355=PLANE('',#19356);
#19356=AXIS2_PLACEMENT_3D('',#876,#19357,#19358);
#19357=DIRECTION('',(0.04557565527161726,0.5467261843095826,0.8360701759044195));
#19358=DIRECTION('',(0.978065506199806,-0.19470688493098182,0.07400739518852559));
#19359=FACE_BOUND('',#19360,.T.);
#19360=EDGE_LOOP('',(#19361,#19362,#19363));
#19361=ORIENTED_EDGE('',*,*,#19364,.T.);
#19362=ORIENTED_EDGE('',*,*,#19365,.T.);
#19363=ORIENTED_EDGE('',*,*,#19366,.T.);
#19364=EDGE_CURVE('',#877,#837,#19367,.F.);
#19365=EDGE_CURVE('',#837,#883,#19368,.T.);
#19366=EDGE_CURVE('',#883,#877,#19369,.T.);
#19367=LINE('',#876,#19370);
#19368=LINE('',#836,#19371);
#19369=LINE('',#882,#19372);
#19370=VECTOR('',#19373,1.0);
#19371=VECTOR('',#19374,1.0);
#19372=VECTOR('',#19375,1.0);
#19373=DIRECTION('',(0.978065506199806,-0.19470688493098182,0.07400739518852559));
#19374=DIRECTION('',(-0.9358748810476253,0.31607594199160033,-0.15567339502373495));
#19375=DIRECTION('',(0.39578730146643526,-0.7783311168102051,0.4873941778508398));
#19376=FACE_SURFACE('',(#19381),#19377,.T.);
#19377=PLANE('',#19378);
#19378=AXIS2_PLACEMENT_3D('',#884,#19379,#19380);
#19379=DIRECTION('',(-0.0051276927120374625,0.3550155718258417,0.9348463245521275));
#19380=DIRECTION('',(0.9542422942107859,-0.27778041023292505,0.11072347370889149));
#19381=FACE_BOUND('',#19382,.T.);
#19382=EDGE_LOOP('',(#19383,#19384,#19385));
#19383=ORIENTED_EDGE('',*,*,#19386,.T.);
#19384=ORIENTED_EDGE('',*,*,#19387,.T.);
#19385=ORIENTED_EDGE('',*,*,#19388,.T.);
#19386=EDGE_CURVE('',#885,#843,#19389,.F.);
#19387=EDGE_CURVE('',#843,#875,#19390,.T.);
#19388=EDGE_CURVE('',#875,#885,#19391,.T.);
#19389=LINE('',#884,#19392);
#19390=LINE('',#842,#19393);
#19391=LINE('',#874,#19394);
#19392=VECTOR('',#19395,1.0);
#19393=VECTOR('',#19396,1.0);
#19394=VECTOR('',#19397,1.0);
#19395=DIRECTION('',(0.9542422942107859,-0.27778041023292505,0.11072347370889149));
#19396=DIRECTION('',(-0.9181499617790886,0.3687242977452507,-0.14506219334247641));
#19397=DIRECTION('',(-0.5248245978691137,-0.796712817914275,0.2996795409143217));
#19398=FACE_SURFACE('',(#19403),#19399,.T.);
#19399=PLANE('',#19400);
#19400=AXIS2_PLACEMENT_3D('',#886,#19401,#19402);
#19401=DIRECTION('',(0.003347768552945947,0.35704859815565443,0.9340798097597431));
#19402=DIRECTION('',(-0.6023417451786317,0.7463400978672118,-0.2831269685683812));
#19403=FACE_BOUND('',#19404,.T.);
#19404=EDGE_LOOP('',(#19405,#19406,#19407));
#19405=ORIENTED_EDGE('',*,*,#19408,.T.);
#19406=ORIENTED_EDGE('',*,*,#19409,.T.);
#19407=ORIENTED_EDGE('',*,*,#19410,.T.);
#19408=EDGE_CURVE('',#887,#867,#19411,.F.);
#19409=EDGE_CURVE('',#867,#799,#19412,.T.);
#19410=EDGE_CURVE('',#799,#887,#19413,.T.);
#19411=LINE('',#886,#19414);
#19412=LINE('',#866,#19415);
#19413=LINE('',#798,#19416);
#19414=VECTOR('',#19417,1.0);
#19415=VECTOR('',#19418,1.0);
#19416=VECTOR('',#19419,1.0);
#19417=DIRECTION('',(-0.6023417451786317,0.7463400978672118,-0.2831269685683812));
#19418=DIRECTION('',(-0.9461398369276958,-0.3012723235124227,0.11855123813718448));
#19419=DIRECTION('',(0.9648696326994401,0.2442394581692181,-0.0968177616331529));
#19420=FACE_SURFACE('',(#19425),#19421,.T.);
#19421=PLANE('',#19422);
#19422=AXIS2_PLACEMENT_3D('',#888,#19423,#19424);
#19423=DIRECTION('',(0.0016472713986450556,0.3628768303070341,0.9318356574650164));
#19424=DIRECTION('',(-0.8268462359108573,0.5245839324638562,-0.20282258247247378));
#19425=FACE_BOUND('',#19426,.T.);
#19426=EDGE_LOOP('',(#19427,#19428,#19429));
#19427=ORIENTED_EDGE('',*,*,#19430,.T.);
#19428=ORIENTED_EDGE('',*,*,#19431,.T.);
#19429=ORIENTED_EDGE('',*,*,#19432,.T.);
#19430=EDGE_CURVE('',#889,#887,#19433,.F.);
#19431=EDGE_CURVE('',#887,#799,#19434,.T.);
#19432=EDGE_CURVE('',#799,#889,#19435,.T.);
#19433=LINE('',#888,#19436);
#19434=LINE('',#886,#19437);
#19435=LINE('',#798,#19438);
#19436=VECTOR('',#19439,1.0);
#19437=VECTOR('',#19440,1.0);
#19438=VECTOR('',#19441,1.0);
#19439=DIRECTION('',(-0.8268462359108573,0.5245839324638562,-0.20282258247247378));
#19440=DIRECTION('',(-0.9648696326994401,-0.2442394581692181,0.0968177616331529));
#19441=DIRECTION('',(0.9864223998579832,0.15243661811097076,-0.06110586319910115));
#19442=FACE_SURFACE('',(#19447),#19443,.T.);
#19443=PLANE('',#19444);
#19444=AXIS2_PLACEMENT_3D('',#872,#19445,#19446);
#19445=DIRECTION('',(0.0007300590979507862,0.3680054801299885,0.9298233346222335));
#19446=DIRECTION('',(-0.9757716644325771,0.2036984437044601,-0.07985363437476617));
#19447=FACE_BOUND('',#19448,.T.);
#19448=EDGE_LOOP('',(#19449,#19450,#19451));
#19449=ORIENTED_EDGE('',*,*,#19452,.T.);
#19450=ORIENTED_EDGE('',*,*,#19453,.T.);
#19451=ORIENTED_EDGE('',*,*,#19454,.T.);
#19452=EDGE_CURVE('',#873,#889,#19455,.F.);
#19453=EDGE_CURVE('',#889,#799,#19456,.T.);
#19454=EDGE_CURVE('',#799,#873,#19457,.T.);
#19455=LINE('',#872,#19458);
#19456=LINE('',#888,#19459);
#19457=LINE('',#798,#19460);
#19458=VECTOR('',#19461,1.0);
#19459=VECTOR('',#19462,1.0);
#19460=VECTOR('',#19463,1.0);
#19461=DIRECTION('',(-0.9757716644325771,0.2036984437044601,-0.07985363437476617));
#19462=DIRECTION('',(-0.9864223998579832,-0.15243661811097076,0.06110586319910115));
#19463=DIRECTION('',(0.9909892793710111,0.12427363538031684,-0.04996310359739843));
#19464=FACE_SURFACE('',(#19469),#19465,.T.);
#19465=PLANE('',#19466);
#19466=AXIS2_PLACEMENT_3D('',#798,#19467,#19468);
#19467=DIRECTION('',(-0.0038822315491927033,0.3995161410792654,0.9167179398786364));
#19468=DIRECTION('',(0,-0.916724848215607,0.39951915181136494));
#19469=FACE_BOUND('',#19470,.T.);
#19470=EDGE_LOOP('',(#19471,#19472,#19473));
#19471=ORIENTED_EDGE('',*,*,#19474,.T.);
#19472=ORIENTED_EDGE('',*,*,#19475,.T.);
#19473=ORIENTED_EDGE('',*,*,#19476,.T.);
#19474=EDGE_CURVE('',#799,#797,#19477,.F.);
#19475=EDGE_CURVE('',#797,#873,#19478,.T.);
#19476=EDGE_CURVE('',#873,#799,#19479,.T.);
#19477=LINE('',#798,#19480);
#19478=LINE('',#796,#19481);
#19479=LINE('',#872,#19482);
#19480=VECTOR('',#19483,1.0);
#19481=VECTOR('',#19484,1.0);
#19482=VECTOR('',#19485,1.0);
#19483=DIRECTION('',(0,-0.916724848215607,0.39951915181136494));
#19484=DIRECTION('',(0.8872535037033745,0.42423318072158794,-0.18112821022946798));
#19485=DIRECTION('',(-0.9909892793710111,-0.12427363538031684,0.04996310359739843));
#19486=FACE_SURFACE('',(#19491),#19487,.T.);
#19487=PLANE('',#19488);
#19488=AXIS2_PLACEMENT_3D('',#796,#19489,#19490);
#19489=DIRECTION('',(0.0022244248105559596,0.3887230253878212,0.9213519747998598));
#19490=DIRECTION('',(0.9869552121583335,0.14746628098091258,-0.06459957559580025));
#19491=FACE_BOUND('',#19492,.T.);
#19492=EDGE_LOOP('',(#19493,#19494,#19495));
#19493=ORIENTED_EDGE('',*,*,#19496,.T.);
#19494=ORIENTED_EDGE('',*,*,#19497,.T.);
#19495=ORIENTED_EDGE('',*,*,#19498,.T.);
#19496=EDGE_CURVE('',#797,#843,#19499,.F.);
#19497=EDGE_CURVE('',#843,#873,#19500,.T.);
#19498=EDGE_CURVE('',#873,#797,#19501,.T.);
#19499=LINE('',#796,#19502);
#19500=LINE('',#842,#19503);
#19501=LINE('',#872,#19504);
#19502=VECTOR('',#19505,1.0);
#19503=VECTOR('',#19506,1.0);
#19504=VECTOR('',#19507,1.0);
#19505=DIRECTION('',(0.9869552121583335,0.14746628098091258,-0.06459957559580025));
#19506=DIRECTION('',(-0.98826144390133,0.14159720217506744,-0.057354606042161235));
#19507=DIRECTION('',(-0.8872535037033745,-0.42423318072158794,0.18112821022946798));
#19508=FACE_SURFACE('',(#19513),#19509,.T.);
#19509=PLANE('',#19510);
#19510=AXIS2_PLACEMENT_3D('',#836,#19511,#19512);
#19511=DIRECTION('',(0.003867091534975862,0.3744244584084834,0.9272493572651177));
#19512=DIRECTION('',(-0.981492040983053,0.17895857547020075,-0.0681703876518069));
#19513=FACE_BOUND('',#19514,.T.);
#19514=EDGE_LOOP('',(#19515,#19516,#19517));
#19515=ORIENTED_EDGE('',*,*,#19518,.T.);
#19516=ORIENTED_EDGE('',*,*,#19519,.T.);
#19517=ORIENTED_EDGE('',*,*,#19520,.T.);
#19518=EDGE_CURVE('',#837,#875,#19521,.F.);
#19519=EDGE_CURVE('',#875,#843,#19522,.T.);
#19520=EDGE_CURVE('',#843,#837,#19523,.T.);
#19521=LINE('',#836,#19524);
#19522=LINE('',#874,#19525);
#19523=LINE('',#842,#19526);
#19524=VECTOR('',#19527,1.0);
#19525=VECTOR('',#19528,1.0);
#19526=VECTOR('',#19529,1.0);
#19527=DIRECTION('',(-0.981492040983053,0.17895857547020075,-0.0681703876518069));
#19528=DIRECTION('',(0.9181499617790886,-0.3687242977452507,0.14506219334247641));
#19529=DIRECTION('',(0,0.9272562905703557,-0.3744272580858715));
#19530=FACE_SURFACE('',(#19535),#19531,.T.);
#19531=PLANE('',#19532);
#19532=AXIS2_PLACEMENT_3D('',#870,#19533,#19534);
#19533=DIRECTION('',(-0.001025658729126017,0.3696779254801654,0.9291593939883794));
#19534=DIRECTION('',(0.9865553072685397,-0.15147352162024547,0.061354689700447544));
#19535=FACE_BOUND('',#19536,.T.);
#19536=EDGE_LOOP('',(#19537,#19538,#19539));
#19537=ORIENTED_EDGE('',*,*,#19540,.T.);
#19538=ORIENTED_EDGE('',*,*,#19541,.T.);
#19539=ORIENTED_EDGE('',*,*,#19542,.T.);
#19540=EDGE_CURVE('',#871,#843,#19543,.F.);
#19541=EDGE_CURVE('',#843,#891,#19544,.T.);
#19542=EDGE_CURVE('',#891,#871,#19545,.T.);
#19543=LINE('',#870,#19546);
#19544=LINE('',#842,#19547);
#19545=LINE('',#890,#19548);
#19546=VECTOR('',#19549,1.0);
#19547=VECTOR('',#19550,1.0);
#19548=VECTOR('',#19551,1.0);
#19549=DIRECTION('',(0.9865553072685397,-0.15147352162024547,0.061354689700447544));
#19550=DIRECTION('',(-0.9819080528735502,0.1755693677473924,-0.07093639975960195));
#19551=DIRECTION('',(-0.9771860859620713,-0.19770786174377,0.07758192319628027));
#19552=FACE_SURFACE('',(#19557),#19553,.T.);
#19553=PLANE('',#19554);
#19554=AXIS2_PLACEMENT_3D('',#890,#19555,#19556);
#19555=DIRECTION('',(-0.0018130868928187636,0.36588041319296694,0.9306601076427757));
#19556=DIRECTION('',(0.9819080528735502,-0.1755693677473924,0.07093639975960195));
#19557=FACE_BOUND('',#19558,.T.);
#19558=EDGE_LOOP('',(#19559,#19560,#19561));
#19559=ORIENTED_EDGE('',*,*,#19562,.T.);
#19560=ORIENTED_EDGE('',*,*,#19563,.T.);
#19561=ORIENTED_EDGE('',*,*,#19564,.T.);
#19562=EDGE_CURVE('',#891,#843,#19565,.F.);
#19563=EDGE_CURVE('',#843,#893,#19566,.T.);
#19564=EDGE_CURVE('',#893,#891,#19567,.T.);
#19565=LINE('',#890,#19568);
#19566=LINE('',#842,#19569);
#19567=LINE('',#892,#19570);
#19568=VECTOR('',#19571,1.0);
#19569=VECTOR('',#19572,1.0);
#19570=VECTOR('',#19573,1.0);
#19571=DIRECTION('',(0.9819080528735502,-0.1755693677473924,0.07093639975960195));
#19572=DIRECTION('',(-0.9719586847619363,0.2181957337861613,-0.0876751782054961));
#19573=DIRECTION('',(-0.8856073908848743,-0.4328164236328892,0.16843245721570682));
#19574=FACE_SURFACE('',(#19579),#19575,.T.);
#19575=PLANE('',#19576);
#19576=AXIS2_PLACEMENT_3D('',#892,#19577,#19578);
#19577=DIRECTION('',(-0.002943747345393094,0.36152587259206426,0.9323574302798863));
#19578=DIRECTION('',(0.9719586847619363,-0.2181957337861613,0.0876751782054961));
#19579=FACE_BOUND('',#19580,.T.);
#19580=EDGE_LOOP('',(#19581,#19582,#19583));
#19581=ORIENTED_EDGE('',*,*,#19584,.T.);
#19582=ORIENTED_EDGE('',*,*,#19585,.T.);
#19583=ORIENTED_EDGE('',*,*,#19586,.T.);
#19584=EDGE_CURVE('',#893,#843,#19587,.F.);
#19585=EDGE_CURVE('',#843,#885,#19588,.T.);
#19586=EDGE_CURVE('',#885,#893,#19589,.T.);
#19587=LINE('',#892,#19590);
#19588=LINE('',#842,#19591);
#19589=LINE('',#884,#19592);
#19590=VECTOR('',#19593,1.0);
#19591=VECTOR('',#19594,1.0);
#19592=VECTOR('',#19595,1.0);
#19593=DIRECTION('',(0.9719586847619363,-0.2181957337861613,0.0876751782054961));
#19594=DIRECTION('',(-0.9542422942107859,0.27778041023292505,-0.11072347370889149));
#19595=DIRECTION('',(-0.7402438174346518,-0.6276470465827273,0.24103583896539868));
#19596=FACE_SURFACE('',(#19601),#19597,.T.);
#19597=PLANE('',#19598);
#19598=AXIS2_PLACEMENT_3D('',#832,#19599,#19600);
#19599=DIRECTION('',(-0.00844075440514249,0.3282422033899038,0.9445558795427685));
#19600=DIRECTION('',(-0.9189974753138275,-0.37489136766370545,0.12206597731574291));
#19601=FACE_BOUND('',#19602,.T.);
#19602=EDGE_LOOP('',(#19603,#19604,#19605));
#19603=ORIENTED_EDGE('',*,*,#19606,.T.);
#19604=ORIENTED_EDGE('',*,*,#19607,.T.);
#19605=ORIENTED_EDGE('',*,*,#19608,.T.);
#19606=EDGE_CURVE('',#833,#895,#19609,.F.);
#19607=EDGE_CURVE('',#895,#837,#19610,.T.);
#19608=EDGE_CURVE('',#837,#833,#19611,.T.);
#19609=LINE('',#832,#19612);
#19610=LINE('',#894,#19613);
#19611=LINE('',#836,#19614);
#19612=VECTOR('',#19615,1.0);
#19613=VECTOR('',#19616,1.0);
#19614=VECTOR('',#19617,1.0);
#19615=DIRECTION('',(-0.9189974753138275,-0.37489136766370545,0.12206597731574291));
#19616=DIRECTION('',(0.9103399024605704,-0.3883393808174981,0.14308664261335313));
#19617=DIRECTION('',(0,0.9445895294131277,-0.32825389704173497));
#19618=FACE_SURFACE('',(#19623),#19619,.T.);
#19619=PLANE('',#19620);
#19620=AXIS2_PLACEMENT_3D('',#896,#19621,#19622);
#19621=DIRECTION('',(-0.007509645461092393,0.33017898410938445,0.943888469935693));
#19622=DIRECTION('',(0.9343932090094355,-0.33388125608664054,0.12422816826733164));
#19623=FACE_BOUND('',#19624,.T.);
#19624=EDGE_LOOP('',(#19625,#19626,#19627));
#19625=ORIENTED_EDGE('',*,*,#19628,.T.);
#19626=ORIENTED_EDGE('',*,*,#19629,.T.);
#19627=ORIENTED_EDGE('',*,*,#19630,.T.);
#19628=EDGE_CURVE('',#897,#837,#19631,.F.);
#19629=EDGE_CURVE('',#837,#895,#19632,.T.);
#19630=EDGE_CURVE('',#895,#897,#19633,.T.);
#19631=LINE('',#896,#19634);
#19632=LINE('',#836,#19635);
#19633=LINE('',#894,#19636);
#19634=VECTOR('',#19637,1.0);
#19635=VECTOR('',#19638,1.0);
#19636=VECTOR('',#19639,1.0);
#19637=DIRECTION('',(0.9343932090094355,-0.33388125608664054,0.12422816826733164));
#19638=DIRECTION('',(-0.9103399024605704,0.3883393808174981,-0.14308664261335313));
#19639=DIRECTION('',(-9.310895544256097E-05,-0.9439153130378225,0.33018763323818184));
#19640=FACE_SURFACE('',(#19645),#19641,.T.);
#19641=PLANE('',#19642);
#19642=AXIS2_PLACEMENT_3D('',#898,#19643,#19644);
#19643=DIRECTION('',(0.0003707800696398657,0.32362594369239256,0.9461850300503323));
#19644=DIRECTION('',(-0.996402644739413,0.08030356074632322,-0.027075961437499813));
#19645=FACE_BOUND('',#19646,.T.);
#19646=EDGE_LOOP('',(#19647,#19648,#19649));
#19647=ORIENTED_EDGE('',*,*,#19650,.T.);
#19648=ORIENTED_EDGE('',*,*,#19651,.T.);
#19649=ORIENTED_EDGE('',*,*,#19652,.T.);
#19650=EDGE_CURVE('',#899,#813,#19653,.F.);
#19651=EDGE_CURVE('',#813,#901,#19654,.T.);
#19652=EDGE_CURVE('',#901,#899,#19655,.T.);
#19653=LINE('',#898,#19656);
#19654=LINE('',#812,#19657);
#19655=LINE('',#900,#19658);
#19656=VECTOR('',#19659,1.0);
#19657=VECTOR('',#19660,1.0);
#19658=VECTOR('',#19661,1.0);
#19659=DIRECTION('',(-0.996402644739413,0.08030356074632322,-0.027075961437499813));
#19660=DIRECTION('',(0.9945633907615322,-0.09864772584471918,0.03335098113382666));
#19661=DIRECTION('',(0.11525122045589543,0.9398662431919078,-0.32150987712939116));
#19662=FACE_SURFACE('',(#19667),#19663,.T.);
#19663=PLANE('',#19664);
#19664=AXIS2_PLACEMENT_3D('',#902,#19665,#19666);
#19665=DIRECTION('',(-0.0029286520245284165,0.3136516955945185,0.9495335891099391));
#19666=DIRECTION('',(0.32735411397716646,-0.8969186168939229,0.29728148063967363));
#19667=FACE_BOUND('',#19668,.T.);
#19668=EDGE_LOOP('',(#19669,#19670,#19671));
#19669=ORIENTED_EDGE('',*,*,#19672,.T.);
#19670=ORIENTED_EDGE('',*,*,#19673,.T.);
#19671=ORIENTED_EDGE('',*,*,#19674,.T.);
#19672=EDGE_CURVE('',#903,#905,#19675,.F.);
#19673=EDGE_CURVE('',#905,#833,#19676,.T.);
#19674=EDGE_CURVE('',#833,#903,#19677,.T.);
#19675=LINE('',#902,#19678);
#19676=LINE('',#904,#19679);
#19677=LINE('',#832,#19680);
#19678=VECTOR('',#19681,1.0);
#19679=VECTOR('',#19682,1.0);
#19680=VECTOR('',#19683,1.0);
#19681=DIRECTION('',(0.32735411397716646,-0.8969186168939229,0.29728148063967363));
#19682=DIRECTION('',(0.9634820758003947,0.2551313110941125,-0.08130377427132052));
#19683=DIRECTION('',(-0.9679423061721628,-0.2393718218728764,0.07608431385886895));
#19684=FACE_SURFACE('',(#19689),#19685,.T.);
#19685=PLANE('',#19686);
#19686=AXIS2_PLACEMENT_3D('',#906,#19687,#19688);
#19687=DIRECTION('',(0.001493522087147969,0.30409782008348957,0.9526396407940647));
#19688=DIRECTION('',(-0.9920078654994647,0.12064269904625638,-0.036955837888355936));
#19689=FACE_BOUND('',#19690,.T.);
#19690=EDGE_LOOP('',(#19691,#19692,#19693));
#19691=ORIENTED_EDGE('',*,*,#19694,.T.);
#19692=ORIENTED_EDGE('',*,*,#19695,.T.);
#19693=ORIENTED_EDGE('',*,*,#19696,.T.);
#19694=EDGE_CURVE('',#907,#815,#19697,.F.);
#19695=EDGE_CURVE('',#815,#909,#19698,.T.);
#19696=EDGE_CURVE('',#909,#907,#19699,.T.);
#19697=LINE('',#906,#19700);
#19698=LINE('',#814,#19701);
#19699=LINE('',#908,#19702);
#19700=VECTOR('',#19703,1.0);
#19701=VECTOR('',#19704,1.0);
#19702=VECTOR('',#19705,1.0);
#19703=DIRECTION('',(-0.9920078654994647,0.12064269904625638,-0.036955837888355936));
#19704=DIRECTION('',(0.9605736623619455,-0.2652912566336711,0.08317925420612256));
#19705=DIRECTION('',(0.6305801786910611,0.7390804806327694,-0.23691492437072004));
#19706=FACE_SURFACE('',(#19711),#19707,.T.);
#19707=PLANE('',#19708);
#19708=AXIS2_PLACEMENT_3D('',#910,#19709,#19710);
#19709=DIRECTION('',(-0.17935127837863332,0.8707603022051074,0.4578314264525972));
#19710=DIRECTION('',(0.2930659339223086,-0.3969586675592019,0.8697908798233448));
#19711=FACE_BOUND('',#19712,.T.);
#19712=EDGE_LOOP('',(#19713,#19714,#19715));
#19713=ORIENTED_EDGE('',*,*,#19716,.T.);
#19714=ORIENTED_EDGE('',*,*,#19717,.T.);
#19715=ORIENTED_EDGE('',*,*,#19718,.T.);
#19716=EDGE_CURVE('',#911,#903,#19719,.F.);
#19717=EDGE_CURVE('',#903,#833,#19720,.T.);
#19718=EDGE_CURVE('',#833,#911,#19721,.T.);
#19719=LINE('',#910,#19722);
#19720=LINE('',#902,#19723);
#19721=LINE('',#832,#19724);
#19722=VECTOR('',#19725,1.0);
#19723=VECTOR('',#19726,1.0);
#19724=VECTOR('',#19727,1.0);
#19725=DIRECTION('',(0.2930659339223086,-0.3969586675592019,0.8697908798233448));
#19726=DIRECTION('',(0.9679423061721628,0.2393718218728764,-0.07608431385886895));
#19727=DIRECTION('',(-0.9765931063530965,-0.21375488799011852,0.023973995994445912));
#19728=FACE_SURFACE('',(#19733),#19729,.T.);
#19729=PLANE('',#19730);
#19730=AXIS2_PLACEMENT_3D('',#912,#19731,#19732);
#19731=DIRECTION('',(0.06286804742569904,-0.17706974092637295,0.9821883299353272));
#19732=DIRECTION('',(0.49180886877390195,-0.8508504291083813,-0.18487180391130034));
#19733=FACE_BOUND('',#19734,.T.);
#19734=EDGE_LOOP('',(#19735,#19736,#19737));
#19735=ORIENTED_EDGE('',*,*,#19738,.T.);
#19736=ORIENTED_EDGE('',*,*,#19739,.T.);
#19737=ORIENTED_EDGE('',*,*,#19740,.T.);
#19738=EDGE_CURVE('',#913,#911,#19741,.F.);
#19739=EDGE_CURVE('',#911,#833,#19742,.T.);
#19740=EDGE_CURVE('',#833,#913,#19743,.T.);
#19741=LINE('',#912,#19744);
#19742=LINE('',#910,#19745);
#19743=LINE('',#832,#19746);
#19744=VECTOR('',#19747,1.0);
#19745=VECTOR('',#19748,1.0);
#19746=VECTOR('',#19749,1.0);
#19747=DIRECTION('',(0.49180886877390195,-0.8508504291083813,-0.18487180391130034));
#19748=DIRECTION('',(0.9765931063530965,0.21375488799011852,-0.023973995994445912));
#19749=DIRECTION('',(-0.9908621687013185,-0.12874419062896322,0.04021313238001931));
#19750=FACE_SURFACE('',(#19755),#19751,.T.);
#19751=PLANE('',#19752);
#19752=AXIS2_PLACEMENT_3D('',#914,#19753,#19754);
#19753=DIRECTION('',(-0.0002907376421441563,0.3001817983458425,0.9538819651369237));
#19754=DIRECTION('',(0.7882511947249176,-0.5869058921263333,0.18493655074682455));
#19755=FACE_BOUND('',#19756,.T.);
#19756=EDGE_LOOP('',(#19757,#19758,#19759));
#19757=ORIENTED_EDGE('',*,*,#19760,.T.);
#19758=ORIENTED_EDGE('',*,*,#19761,.T.);
#19759=ORIENTED_EDGE('',*,*,#19762,.T.);
#19760=EDGE_CURVE('',#915,#913,#19763,.F.);
#19761=EDGE_CURVE('',#913,#833,#19764,.T.);
#19762=EDGE_CURVE('',#833,#915,#19765,.T.);
#19763=LINE('',#914,#19766);
#19764=LINE('',#912,#19767);
#19765=LINE('',#832,#19768);
#19766=VECTOR('',#19769,1.0);
#19767=VECTOR('',#19770,1.0);
#19768=VECTOR('',#19771,1.0);
#19769=DIRECTION('',(0.7882511947249176,-0.5869058921263333,0.18493655074682455));
#19770=DIRECTION('',(0.9908621687013185,0.12874419062896322,-0.04021313238001931));
#19771=DIRECTION('',(-0.9989299750338919,-0.04420172924318022,0.013605591155864292));
#19772=FACE_SURFACE('',(#19777),#19773,.T.);
#19773=PLANE('',#19774);
#19774=AXIS2_PLACEMENT_3D('',#856,#19775,#19776);
#19775=DIRECTION('',(0.00035781482721816053,0.2955797006547198,0.9553180164371524));
#19776=DIRECTION('',(-0.9984935828539624,0.05252147281839945,-0.015876394188968978));
#19777=FACE_BOUND('',#19778,.T.);
#19778=EDGE_LOOP('',(#19779,#19780,#19781));
#19779=ORIENTED_EDGE('',*,*,#19782,.T.);
#19780=ORIENTED_EDGE('',*,*,#19783,.T.);
#19781=ORIENTED_EDGE('',*,*,#19784,.T.);
#19782=EDGE_CURVE('',#857,#815,#19785,.F.);
#19783=EDGE_CURVE('',#815,#907,#19786,.T.);
#19784=EDGE_CURVE('',#907,#857,#19787,.T.);
#19785=LINE('',#856,#19788);
#19786=LINE('',#814,#19789);
#19787=LINE('',#906,#19790);
#19788=VECTOR('',#19791,1.0);
#19789=VECTOR('',#19792,1.0);
#19790=VECTOR('',#19793,1.0);
#19791=DIRECTION('',(-0.9984935828539624,0.05252147281839945,-0.015876394188968978));
#19792=DIRECTION('',(0.9920078654994647,-0.12064269904625638,0.036955837888355936));
#19793=DIRECTION('',(0.9469526770315151,0.30691314672570696,-0.09531499268096204));
#19794=FACE_SURFACE('',(#19799),#19795,.T.);
#19795=PLANE('',#19796);
#19796=AXIS2_PLACEMENT_3D('',#916,#19797,#19798);
#19797=DIRECTION('',(-5.246117973494653E-05,0.295268567880023,0.955414292372636));
#19798=DIRECTION('',(0.960271567684862,-0.2666099369701542,0.08244790964498598));
#19799=FACE_BOUND('',#19800,.T.);
#19800=EDGE_LOOP('',(#19801,#19802,#19803));
#19801=ORIENTED_EDGE('',*,*,#19804,.T.);
#19802=ORIENTED_EDGE('',*,*,#19805,.T.);
#19803=ORIENTED_EDGE('',*,*,#19806,.T.);
#19804=EDGE_CURVE('',#917,#915,#19807,.F.);
#19805=EDGE_CURVE('',#915,#833,#19808,.T.);
#19806=EDGE_CURVE('',#833,#917,#19809,.T.);
#19807=LINE('',#916,#19810);
#19808=LINE('',#914,#19811);
#19809=LINE('',#832,#19812);
#19810=VECTOR('',#19813,1.0);
#19811=VECTOR('',#19814,1.0);
#19812=VECTOR('',#19815,1.0);
#19813=DIRECTION('',(0.960271567684862,-0.2666099369701542,0.08244790964498598));
#19814=DIRECTION('',(0.9989299750338919,0.04420172924318022,-0.013605591155864292));
#19815=DIRECTION('',(-0.9997564276313555,-0.021101431318491203,0.006466452358218223));
#19816=FACE_SURFACE('',(#19821),#19817,.T.);
#19817=PLANE('',#19818);
#19818=AXIS2_PLACEMENT_3D('',#916,#19819,#19820);
#19819=DIRECTION('',(-0.0012195877468649246,0.27694498254930855,0.9608850031333046));
#19820=DIRECTION('',(0.9413982138161198,0.3244201531285719,-0.09230908551087093));
#19821=FACE_BOUND('',#19822,.T.);
#19822=EDGE_LOOP('',(#19823,#19824,#19825));
#19823=ORIENTED_EDGE('',*,*,#19826,.T.);
#19824=ORIENTED_EDGE('',*,*,#19827,.T.);
#19825=ORIENTED_EDGE('',*,*,#19828,.T.);
#19826=EDGE_CURVE('',#917,#831,#19829,.F.);
#19827=EDGE_CURVE('',#831,#857,#19830,.T.);
#19828=EDGE_CURVE('',#857,#917,#19831,.T.);
#19829=LINE('',#916,#19832);
#19830=LINE('',#830,#19833);
#19831=LINE('',#856,#19834);
#19832=VECTOR('',#19835,1.0);
#19833=VECTOR('',#19836,1.0);
#19834=VECTOR('',#19837,1.0);
#19835=DIRECTION('',(0.9413982138161198,0.3244201531285719,-0.09230908551087093));
#19836=DIRECTION('',(-0.9501722983307318,-0.29985115719204447,0.08521670619946839));
#19837=DIRECTION('',(0.9977857929437001,-0.06356030364443882,0.01958568866132781));
#19838=FACE_SURFACE('',(#19843),#19839,.T.);
#19839=PLANE('',#19840);
#19840=AXIS2_PLACEMENT_3D('',#832,#19841,#19842);
#19841=DIRECTION('',(0.00047399904596967426,0.27240014807825347,0.9621839401340319));
#19842=DIRECTION('',(0,0.9621840482234343,-0.2724001786790232));
#19843=FACE_BOUND('',#19844,.T.);
#19844=EDGE_LOOP('',(#19845,#19846,#19847));
#19845=ORIENTED_EDGE('',*,*,#19848,.T.);
#19846=ORIENTED_EDGE('',*,*,#19849,.T.);
#19847=ORIENTED_EDGE('',*,*,#19850,.T.);
#19848=EDGE_CURVE('',#833,#831,#19851,.F.);
#19849=EDGE_CURVE('',#831,#917,#19852,.T.);
#19850=EDGE_CURVE('',#917,#833,#19853,.T.);
#19851=LINE('',#832,#19854);
#19852=LINE('',#830,#19855);
#19853=LINE('',#916,#19856);
#19854=VECTOR('',#19857,1.0);
#19855=VECTOR('',#19858,1.0);
#19856=VECTOR('',#19859,1.0);
#19857=DIRECTION('',(0,0.9621840482234343,-0.2724001786790232));
#19858=DIRECTION('',(-0.9413982138161198,-0.3244201531285719,0.09230908551087093));
#19859=DIRECTION('',(0.9997564276313555,0.021101431318491203,-0.006466452358218223));
#19860=FACE_SURFACE('',(#19865),#19861,.T.);
#19861=PLANE('',#19862);
#19862=AXIS2_PLACEMENT_3D('',#812,#19863,#19864);
#19863=DIRECTION('',(0.04595888125769106,0.3014342624398245,0.9523786886847587));
#19864=DIRECTION('',(0.9987878971560956,0.0029517989861965396,-0.04913271188576479));
#19865=FACE_BOUND('',#19866,.T.);
#19866=EDGE_LOOP('',(#19867,#19868,#19869));
#19867=ORIENTED_EDGE('',*,*,#19870,.T.);
#19868=ORIENTED_EDGE('',*,*,#19871,.T.);
#19869=ORIENTED_EDGE('',*,*,#19872,.T.);
#19870=EDGE_CURVE('',#813,#919,#19873,.F.);
#19871=EDGE_CURVE('',#919,#815,#19874,.T.);
#19872=EDGE_CURVE('',#815,#813,#19875,.T.);
#19873=LINE('',#812,#19876);
#19874=LINE('',#918,#19877);
#19875=LINE('',#814,#19878);
#19876=VECTOR('',#19879,1.0);
#19877=VECTOR('',#19880,1.0);
#19878=VECTOR('',#19881,1.0);
#19879=DIRECTION('',(0.9987878971560956,0.0029517989861965396,-0.04913271188576479));
#19880=DIRECTION('',(-0.9458867073755254,0.3197079712864357,-0.055544125757804506));
#19881=DIRECTION('',(0,-0.953386100941778,0.3017531151969004));
#19882=FACE_SURFACE('',(#19887),#19883,.T.);
#19883=PLANE('',#19884);
#19884=AXIS2_PLACEMENT_3D('',#908,#19885,#19886);
#19885=DIRECTION('',(-0.18898793527441765,-0.40361256575296517,0.8951985573530717));
#19886=DIRECTION('',(-0.9605736623619455,0.2652912566336711,-0.08317925420612256));
#19887=FACE_BOUND('',#19888,.T.);
#19888=EDGE_LOOP('',(#19889,#19890,#19891));
#19889=ORIENTED_EDGE('',*,*,#19892,.T.);
#19890=ORIENTED_EDGE('',*,*,#19893,.T.);
#19891=ORIENTED_EDGE('',*,*,#19894,.T.);
#19892=EDGE_CURVE('',#909,#815,#19895,.F.);
#19893=EDGE_CURVE('',#815,#919,#19896,.T.);
#19894=EDGE_CURVE('',#919,#909,#19897,.T.);
#19895=LINE('',#908,#19898);
#19896=LINE('',#814,#19899);
#19897=LINE('',#918,#19900);
#19898=VECTOR('',#19901,1.0);
#19899=VECTOR('',#19902,1.0);
#19900=VECTOR('',#19903,1.0);
#19901=DIRECTION('',(-0.9605736623619455,0.2652912566336711,-0.08317925420612256));
#19902=DIRECTION('',(0.9458867073755254,-0.3197079712864357,0.055544125757804506));
#19903=DIRECTION('',(0.2629586786674134,0.8575321175509361,0.44214409493070883));
#19904=FACE_SURFACE('',(#19909),#19905,.T.);
#19905=PLANE('',#19906);
#19906=AXIS2_PLACEMENT_3D('',#920,#19907,#19908);
#19907=DIRECTION('',(-0.05377833390878672,-0.7424551779417196,0.6677336291887092));
#19908=DIRECTION('',(-0.9982953535578329,0.05516213408396821,-0.019066358544400676));
#19909=FACE_BOUND('',#19910,.T.);
#19910=EDGE_LOOP('',(#19911,#19912,#19913));
#19911=ORIENTED_EDGE('',*,*,#19914,.T.);
#19912=ORIENTED_EDGE('',*,*,#19915,.T.);
#19913=ORIENTED_EDGE('',*,*,#19916,.T.);
#19914=EDGE_CURVE('',#921,#811,#19917,.F.);
#19915=EDGE_CURVE('',#811,#865,#19918,.T.);
#19916=EDGE_CURVE('',#865,#921,#19919,.T.);
#19917=LINE('',#920,#19920);
#19918=LINE('',#810,#19921);
#19919=LINE('',#864,#19922);
#19920=VECTOR('',#19923,1.0);
#19921=VECTOR('',#19924,1.0);
#19922=VECTOR('',#19925,1.0);
#19923=DIRECTION('',(-0.9982953535578329,0.05516213408396821,-0.019066358544400676));
#19924=DIRECTION('',(0.9958952387470232,-0.08863477854221681,-0.018345284783337284));
#19925=DIRECTION('',(0.010179392489411333,0.6682589394432659,0.7438591061637332));
#19926=FACE_SURFACE('',(#19931),#19927,.T.);
#19927=PLANE('',#19928);
#19928=AXIS2_PLACEMENT_3D('',#818,#19929,#19930);
#19929=DIRECTION('',(0.0005146361298818659,0.20199739429987829,0.979385923855205));
#19930=DIRECTION('',(0,-0.9793860535505813,0.2019974210494235));
#19931=FACE_BOUND('',#19932,.T.);
#19932=EDGE_LOOP('',(#19933,#19934,#19935));
#19933=ORIENTED_EDGE('',*,*,#19936,.T.);
#19934=ORIENTED_EDGE('',*,*,#19937,.T.);
#19935=ORIENTED_EDGE('',*,*,#19938,.T.);
#19936=EDGE_CURVE('',#819,#817,#19939,.F.);
#19937=EDGE_CURVE('',#817,#923,#19940,.T.);
#19938=EDGE_CURVE('',#923,#819,#19941,.T.);
#19939=LINE('',#818,#19942);
#19940=LINE('',#816,#19943);
#19941=LINE('',#922,#19944);
#19942=VECTOR('',#19945,1.0);
#19943=VECTOR('',#19946,1.0);
#19944=VECTOR('',#19947,1.0);
#19945=DIRECTION('',(0,-0.9793860535505813,0.2019974210494235));
#19946=DIRECTION('',(0.8728241233568793,0.47788362367944776,-0.099021673916851));
#19947=DIRECTION('',(-0.9999947151260684,0.0032479016837498563,-0.00014441116981559718));
#19948=FACE_SURFACE('',(#19953),#19949,.T.);
#19949=PLANE('',#19950);
#19950=AXIS2_PLACEMENT_3D('',#922,#19951,#19952);
#19951=DIRECTION('',(-9.13591491034495E-06,0.20291476076870155,0.9791964051091668));
#19952=DIRECTION('',(-0.8728241233568793,-0.47788362367944776,0.099021673916851));
#19953=FACE_BOUND('',#19954,.T.);
#19954=EDGE_LOOP('',(#19955,#19956,#19957));
#19955=ORIENTED_EDGE('',*,*,#19958,.T.);
#19956=ORIENTED_EDGE('',*,*,#19959,.T.);
#19957=ORIENTED_EDGE('',*,*,#19960,.T.);
#19958=EDGE_CURVE('',#923,#817,#19961,.F.);
#19959=EDGE_CURVE('',#817,#851,#19962,.T.);
#19960=EDGE_CURVE('',#851,#923,#19963,.T.);
#19961=LINE('',#922,#19964);
#19962=LINE('',#816,#19965);
#19963=LINE('',#850,#19966);
#19964=VECTOR('',#19967,1.0);
#19965=VECTOR('',#19968,1.0);
#19966=VECTOR('',#19969,1.0);
#19967=DIRECTION('',(-0.8728241233568793,-0.47788362367944776,0.099021673916851));
#19968=DIRECTION('',(0.8897477286239203,0.4469583980014531,-0.0926130113134722));
#19969=DIRECTION('',(-0.9999999989864462,-4.5023412128697E-05,0));
#19970=FACE_SURFACE('',(#19975),#19971,.T.);
#19971=PLANE('',#19972);
#19972=AXIS2_PLACEMENT_3D('',#922,#19973,#19974);
#19973=DIRECTION('',(-0.005787535468478482,0.13638376700461968,0.990639173731198));
#19974=DIRECTION('',(0,0.9906557651583122,-0.13638605118779135));
#19975=FACE_BOUND('',#19976,.T.);
#19976=EDGE_LOOP('',(#19977,#19978,#19979));
#19977=ORIENTED_EDGE('',*,*,#19980,.T.);
#19978=ORIENTED_EDGE('',*,*,#19981,.T.);
#19979=ORIENTED_EDGE('',*,*,#19982,.T.);
#19980=EDGE_CURVE('',#923,#855,#19983,.F.);
#19981=EDGE_CURVE('',#855,#821,#19984,.T.);
#19982=EDGE_CURVE('',#821,#923,#19985,.T.);
#19983=LINE('',#922,#19986);
#19984=LINE('',#854,#19987);
#19985=LINE('',#820,#19988);
#19986=VECTOR('',#19989,1.0);
#19987=VECTOR('',#19990,1.0);
#19988=VECTOR('',#19991,1.0);
#19989=DIRECTION('',(0,0.9906557651583122,-0.13638605118779135));
#19990=DIRECTION('',(-0.9644813177441501,-0.2623856601087641,0.030488573134796373));
#19991=DIRECTION('',(0.931309928886881,-0.3600496252438093,0.05500985110419031));
#19992=FACE_SURFACE('',(#19997),#19993,.T.);
#19993=PLANE('',#19994);
#19994=AXIS2_PLACEMENT_3D('',#852,#19995,#19996);
#19995=DIRECTION('',(0,0.07067621127280621,0.9974993098544588));
#19996=DIRECTION('',(0.889143808363024,0.4564835069996127,-0.03234340561896072));
#19997=FACE_BOUND('',#19998,.T.);
#19998=EDGE_LOOP('',(#19999,#20000,#20001));
#19999=ORIENTED_EDGE('',*,*,#20002,.T.);
#20000=ORIENTED_EDGE('',*,*,#20003,.T.);
#20001=ORIENTED_EDGE('',*,*,#20004,.T.);
#20002=EDGE_CURVE('',#853,#825,#20005,.F.);
#20003=EDGE_CURVE('',#825,#855,#20006,.T.);
#20004=EDGE_CURVE('',#855,#853,#20007,.T.);
#20005=LINE('',#852,#20008);
#20006=LINE('',#824,#20009);
#20007=LINE('',#854,#20010);
#20008=VECTOR('',#20011,1.0);
#20009=VECTOR('',#20012,1.0);
#20010=VECTOR('',#20013,1.0);
#20011=DIRECTION('',(0.889143808363024,0.4564835069996127,-0.03234340561896072));
#20012=DIRECTION('',(-0.9035923606930447,-0.42732205161347747,0.030277217540902075));
#20013=DIRECTION('',(1,0,0));
#20014=FACE_SURFACE('',(#20019),#20015,.T.);
#20015=PLANE('',#20016);
#20016=AXIS2_PLACEMENT_3D('',#818,#20017,#20018);
#20017=DIRECTION('',(0.0003506809434682627,0.15191780339439817,0.9883930685889581));
#20018=DIRECTION('',(0.9999947151260684,-0.0032479016837498563,0.00014441116981559718));
#20019=FACE_BOUND('',#20020,.T.);
#20020=EDGE_LOOP('',(#20021,#20022,#20023));
#20021=ORIENTED_EDGE('',*,*,#20024,.T.);
#20022=ORIENTED_EDGE('',*,*,#20025,.T.);
#20023=ORIENTED_EDGE('',*,*,#20026,.T.);
#20024=EDGE_CURVE('',#819,#923,#20027,.F.);
#20025=EDGE_CURVE('',#923,#821,#20028,.T.);
#20026=EDGE_CURVE('',#821,#819,#20029,.T.);
#20027=LINE('',#818,#20030);
#20028=LINE('',#922,#20031);
#20029=LINE('',#820,#20032);
#20030=VECTOR('',#20033,1.0);
#20031=VECTOR('',#20034,1.0);
#20032=VECTOR('',#20035,1.0);
#20033=DIRECTION('',(0.9999947151260684,-0.0032479016837498563,0.00014441116981559718));
#20034=DIRECTION('',(-0.931309928886881,0.3600496252438093,-0.05500985110419031));
#20035=DIRECTION('',(0,-0.9883931293638322,0.15191781273560628));
#20036=FACE_SURFACE('',(#20041),#20037,.T.);
#20037=PLANE('',#20038);
#20038=AXIS2_PLACEMENT_3D('',#924,#20039,#20040);
#20039=DIRECTION('',(1,-0,0));
#20040=DIRECTION('',(0,0.9902685005563275,-0.13917002840382944));
#20041=FACE_BOUND('',#20042,.T.);
#20042=EDGE_LOOP('',(#20043,#20044,#20045));
#20043=ORIENTED_EDGE('',*,*,#20046,.T.);
#20044=ORIENTED_EDGE('',*,*,#20047,.T.);
#20045=ORIENTED_EDGE('',*,*,#20048,.T.);
#20046=EDGE_CURVE('',#925,#927,#20049,.F.);
#20047=EDGE_CURVE('',#927,#923,#20050,.T.);
#20048=EDGE_CURVE('',#923,#925,#20051,.T.);
#20049=LINE('',#924,#20052);
#20050=LINE('',#926,#20053);
#20051=LINE('',#922,#20054);
#20052=VECTOR('',#20055,1.0);
#20053=VECTOR('',#20056,1.0);
#20054=VECTOR('',#20057,1.0);
#20055=DIRECTION('',(0,0.9902685005563275,-0.13917002840382944));
#20056=DIRECTION('',(0,-0.9820139079264567,0.18880859259845284));
#20057=DIRECTION('',(0,-0.1391442954213909,-0.9902721166687896));
#20058=FACE_SURFACE('',(#20063),#20059,.T.);
#20059=PLANE('',#20060);
#20060=AXIS2_PLACEMENT_3D('',#926,#20061,#20062);
#20061=DIRECTION('',(1,0,-0));
#20062=DIRECTION('',(0,0.13919517384140043,0.9902649663495434));
#20063=FACE_BOUND('',#20064,.T.);
#20064=EDGE_LOOP('',(#20065,#20066,#20067));
#20065=ORIENTED_EDGE('',*,*,#20068,.T.);
#20066=ORIENTED_EDGE('',*,*,#20069,.T.);
#20067=ORIENTED_EDGE('',*,*,#20070,.T.);
#20068=EDGE_CURVE('',#927,#855,#20071,.F.);
#20069=EDGE_CURVE('',#855,#923,#20072,.T.);
#20070=EDGE_CURVE('',#923,#927,#20073,.T.);
#20071=LINE('',#926,#20074);
#20072=LINE('',#854,#20075);
#20073=LINE('',#922,#20076);
#20074=VECTOR('',#20077,1.0);
#20075=VECTOR('',#20078,1.0);
#20076=VECTOR('',#20079,1.0);
#20077=DIRECTION('',(0,0.13919517384140043,0.9902649663495434));
#20078=DIRECTION('',(0,-0.9906557651583122,0.13638605118779135));
#20079=DIRECTION('',(0,0.9820139079264567,-0.18880859259845284));
#20080=FACE_SURFACE('',(#20085),#20081,.T.);
#20081=PLANE('',#20082);
#20082=AXIS2_PLACEMENT_3D('',#926,#20083,#20084);
#20083=DIRECTION('',(0,-0.9902649663495434,0.13919517384140043));
#20084=DIRECTION('',(0.9306555758670841,0.050931017490084676,0.36233441813458844));
#20085=FACE_BOUND('',#20086,.T.);
#20086=EDGE_LOOP('',(#20087,#20088,#20089));
#20087=ORIENTED_EDGE('',*,*,#20090,.T.);
#20088=ORIENTED_EDGE('',*,*,#20091,.T.);
#20089=ORIENTED_EDGE('',*,*,#20092,.T.);
#20090=EDGE_CURVE('',#927,#853,#20093,.F.);
#20091=EDGE_CURVE('',#853,#855,#20094,.T.);
#20092=EDGE_CURVE('',#855,#927,#20095,.T.);
#20093=LINE('',#926,#20096);
#20094=LINE('',#852,#20097);
#20095=LINE('',#854,#20098);
#20096=VECTOR('',#20099,1.0);
#20097=VECTOR('',#20100,1.0);
#20098=VECTOR('',#20101,1.0);
#20099=DIRECTION('',(0.9306555758670841,0.050931017490084676,0.36233441813458844));
#20100=DIRECTION('',(-1,0,0));
#20101=DIRECTION('',(0,-0.13919517384140043,-0.9902649663495434));
#20102=FACE_SURFACE('',(#20107),#20103,.T.);
#20103=PLANE('',#20104);
#20104=AXIS2_PLACEMENT_3D('',#926,#20105,#20106);
#20105=DIRECTION('',(0,-0.9902649663495434,0.13919517384140043));
#20106=DIRECTION('',(1,0,0));
#20107=FACE_BOUND('',#20108,.T.);
#20108=EDGE_LOOP('',(#20109,#20110,#20111));
#20109=ORIENTED_EDGE('',*,*,#20112,.T.);
#20110=ORIENTED_EDGE('',*,*,#20113,.T.);
#20111=ORIENTED_EDGE('',*,*,#20114,.T.);
#20112=EDGE_CURVE('',#927,#929,#20115,.F.);
#20113=EDGE_CURVE('',#929,#853,#20116,.T.);
#20114=EDGE_CURVE('',#853,#927,#20117,.T.);
#20115=LINE('',#926,#20118);
#20116=LINE('',#928,#20119);
#20117=LINE('',#852,#20120);
#20118=VECTOR('',#20121,1.0);
#20119=VECTOR('',#20122,1.0);
#20120=VECTOR('',#20123,1.0);
#20121=DIRECTION('',(1,0,0));
#20122=DIRECTION('',(0,0.13919517384140043,0.9902649663495434));
#20123=DIRECTION('',(-0.9306555758670841,-0.050931017490084676,-0.36233441813458844));
#20124=FACE_SURFACE('',(#20129),#20125,.T.);
#20125=PLANE('',#20126);
#20126=AXIS2_PLACEMENT_3D('',#852,#20127,#20128);
#20127=DIRECTION('',(-1,-0,0));
#20128=DIRECTION('',(0,-0.13919517384140043,-0.9902649663495434));
#20129=FACE_BOUND('',#20130,.T.);
#20130=EDGE_LOOP('',(#20131,#20132,#20133));
#20131=ORIENTED_EDGE('',*,*,#20134,.T.);
#20132=ORIENTED_EDGE('',*,*,#20135,.T.);
#20133=ORIENTED_EDGE('',*,*,#20136,.T.);
#20134=EDGE_CURVE('',#853,#929,#20137,.F.);
#20135=EDGE_CURVE('',#929,#851,#20138,.T.);
#20136=EDGE_CURVE('',#851,#853,#20139,.T.);
#20137=LINE('',#852,#20140);
#20138=LINE('',#928,#20141);
#20139=LINE('',#850,#20142);
#20140=VECTOR('',#20143,1.0);
#20141=VECTOR('',#20144,1.0);
#20142=VECTOR('',#20145,1.0);
#20143=DIRECTION('',(0,-0.13919517384140043,-0.9902649663495434));
#20144=DIRECTION('',(0,-0.982013691103396,0.1888097203151472));
#20145=DIRECTION('',(0,0.9906556518792092,-0.13638687400105207));
#20146=FACE_SURFACE('',(#20151),#20147,.T.);
#20147=PLANE('',#20148);
#20148=AXIS2_PLACEMENT_3D('',#928,#20149,#20150);
#20149=DIRECTION('',(-1,0,0));
#20150=DIRECTION('',(0,-0.9902685005563275,0.13917002840382944));
#20151=FACE_BOUND('',#20152,.T.);
#20152=EDGE_LOOP('',(#20153,#20154,#20155));
#20153=ORIENTED_EDGE('',*,*,#20156,.T.);
#20154=ORIENTED_EDGE('',*,*,#20157,.T.);
#20155=ORIENTED_EDGE('',*,*,#20158,.T.);
#20156=EDGE_CURVE('',#929,#931,#20159,.F.);
#20157=EDGE_CURVE('',#931,#851,#20160,.T.);
#20158=EDGE_CURVE('',#851,#929,#20161,.T.);
#20159=LINE('',#928,#20162);
#20160=LINE('',#930,#20163);
#20161=LINE('',#850,#20164);
#20162=VECTOR('',#20165,1.0);
#20163=VECTOR('',#20166,1.0);
#20164=VECTOR('',#20167,1.0);
#20165=DIRECTION('',(0,-0.9902685005563275,0.13917002840382944));
#20166=DIRECTION('',(0,0.1392628589489791,0.9902554499306513));
#20167=DIRECTION('',(0,0.982013691103396,-0.1888097203151472));
#20168=FACE_SURFACE('',(#20173),#20169,.T.);
#20169=PLANE('',#20170);
#20170=AXIS2_PLACEMENT_3D('',#930,#20171,#20172);
#20171=DIRECTION('',(-4.45846792357924E-05,0.9902554489464397,-0.13926285881056621));
#20172=DIRECTION('',(-0.9371341626902646,0.048557085134592066,0.3455745514386855));
#20173=FACE_BOUND('',#20174,.T.);
#20174=EDGE_LOOP('',(#20175,#20176,#20177));
#20175=ORIENTED_EDGE('',*,*,#20178,.T.);
#20176=ORIENTED_EDGE('',*,*,#20179,.T.);
#20177=ORIENTED_EDGE('',*,*,#20180,.T.);
#20178=EDGE_CURVE('',#931,#923,#20181,.F.);
#20179=EDGE_CURVE('',#923,#851,#20182,.T.);
#20180=EDGE_CURVE('',#851,#931,#20183,.T.);
#20181=LINE('',#930,#20184);
#20182=LINE('',#922,#20185);
#20183=LINE('',#850,#20186);
#20184=VECTOR('',#20187,1.0);
#20185=VECTOR('',#20188,1.0);
#20186=VECTOR('',#20189,1.0);
#20187=DIRECTION('',(-0.9371341626902646,0.048557085134592066,0.3455745514386855));
#20188=DIRECTION('',(0.9999999989864462,4.5023412128697E-05,0));
#20189=DIRECTION('',(0,-0.1392628589489791,-0.9902554499306513));
#20190=FACE_SURFACE('',(#20195),#20191,.T.);
#20191=PLANE('',#20192);
#20192=AXIS2_PLACEMENT_3D('',#930,#20193,#20194);
#20193=DIRECTION('',(0,0.9902721166687896,-0.1391442954213909));
#20194=DIRECTION('',(-1,0,0));
#20195=FACE_BOUND('',#20196,.T.);
#20196=EDGE_LOOP('',(#20197,#20198,#20199));
#20197=ORIENTED_EDGE('',*,*,#20200,.T.);
#20198=ORIENTED_EDGE('',*,*,#20201,.T.);
#20199=ORIENTED_EDGE('',*,*,#20202,.T.);
#20200=EDGE_CURVE('',#931,#925,#20203,.F.);
#20201=EDGE_CURVE('',#925,#923,#20204,.T.);
#20202=EDGE_CURVE('',#923,#931,#20205,.T.);
#20203=LINE('',#930,#20206);
#20204=LINE('',#924,#20207);
#20205=LINE('',#922,#20208);
#20206=VECTOR('',#20209,1.0);
#20207=VECTOR('',#20210,1.0);
#20208=VECTOR('',#20211,1.0);
#20209=DIRECTION('',(-1,0,0));
#20210=DIRECTION('',(0,0.1391442954213909,0.9902721166687896));
#20211=DIRECTION('',(0.9371341626902646,-0.048557085134592066,-0.3455745514386855));
#20212=FACE_SURFACE('',(#20217),#20213,.T.);
#20213=PLANE('',#20214);
#20214=AXIS2_PLACEMENT_3D('',#898,#20215,#20216);
#20215=DIRECTION('',(0.9922753889268859,-0.09397530677151995,0.08098267868622261));
#20216=DIRECTION('',(-0.11525122045589543,-0.9398662431919078,0.32150987712939116));
#20217=FACE_BOUND('',#20218,.T.);
#20218=EDGE_LOOP('',(#20219,#20220,#20221));
#20219=ORIENTED_EDGE('',*,*,#20222,.T.);
#20220=ORIENTED_EDGE('',*,*,#20223,.T.);
#20221=ORIENTED_EDGE('',*,*,#20224,.T.);
#20222=EDGE_CURVE('',#899,#901,#20225,.F.);
#20223=EDGE_CURVE('',#901,#933,#20226,.T.);
#20224=EDGE_CURVE('',#933,#899,#20227,.T.);
#20225=LINE('',#898,#20228);
#20226=LINE('',#900,#20229);
#20227=LINE('',#932,#20230);
#20228=VECTOR('',#20231,1.0);
#20229=VECTOR('',#20232,1.0);
#20230=VECTOR('',#20233,1.0);
#20231=DIRECTION('',(-0.11525122045589543,-0.9398662431919078,0.32150987712939116));
#20232=DIRECTION('',(-0.05242621561371711,-0.9093044886686612,-0.4128157443744712));
#20233=DIRECTION('',(0.06999584129098364,0.9630835625103175,0.259943520450891));
#20234=FACE_SURFACE('',(#20239),#20235,.T.);
#20235=PLANE('',#20236);
#20236=AXIS2_PLACEMENT_3D('',#934,#20237,#20238);
#20237=DIRECTION('',(0.9948927770075172,-0.08326402908926474,0.0570566711094586));
#20238=DIRECTION('',(-0.02963854003976684,-0.7813326611046417,-0.6234106428634741));
#20239=FACE_BOUND('',#20240,.T.);
#20240=EDGE_LOOP('',(#20241,#20242,#20243));
#20241=ORIENTED_EDGE('',*,*,#20244,.T.);
#20242=ORIENTED_EDGE('',*,*,#20245,.T.);
#20243=ORIENTED_EDGE('',*,*,#20246,.T.);
#20244=EDGE_CURVE('',#935,#933,#20247,.F.);
#20245=EDGE_CURVE('',#933,#901,#20248,.T.);
#20246=EDGE_CURVE('',#901,#935,#20249,.T.);
#20247=LINE('',#934,#20250);
#20248=LINE('',#932,#20251);
#20249=LINE('',#900,#20252);
#20250=VECTOR('',#20253,1.0);
#20251=VECTOR('',#20254,1.0);
#20252=VECTOR('',#20255,1.0);
#20253=DIRECTION('',(-0.02963854003976684,-0.7813326611046417,-0.6234106428634741));
#20254=DIRECTION('',(0.05242621561371711,0.9093044886686612,0.4128157443744712));
#20255=DIRECTION('',(-0.09730859765402228,-0.9413954370743535,0.3229638801448153));
#20256=FACE_SURFACE('',(#20261),#20257,.T.);
#20257=PLANE('',#20258);
#20258=AXIS2_PLACEMENT_3D('',#810,#20259,#20260);
#20259=DIRECTION('',(-0.016163752662680376,-0.6232284455644369,0.7818727759291759));
#20260=DIRECTION('',(0.9977506299349629,-0.06093326986823358,-0.02794310447229886));
#20261=FACE_BOUND('',#20262,.T.);
#20262=EDGE_LOOP('',(#20263,#20264,#20265));
#20263=ORIENTED_EDGE('',*,*,#20266,.T.);
#20264=ORIENTED_EDGE('',*,*,#20267,.T.);
#20265=ORIENTED_EDGE('',*,*,#20268,.T.);
#20266=EDGE_CURVE('',#811,#933,#20269,.F.);
#20267=EDGE_CURVE('',#933,#935,#20270,.T.);
#20268=EDGE_CURVE('',#935,#811,#20271,.T.);
#20269=LINE('',#810,#20272);
#20270=LINE('',#932,#20273);
#20271=LINE('',#934,#20274);
#20272=VECTOR('',#20275,1.0);
#20273=VECTOR('',#20276,1.0);
#20274=VECTOR('',#20277,1.0);
#20275=DIRECTION('',(0.9977506299349629,-0.06093326986823358,-0.02794310447229886));
#20276=DIRECTION('',(0.02963854003976684,0.7813326611046417,0.6234106428634741));
#20277=DIRECTION('',(-0.9998163578662641,0.018125847970072422,-0.006221268231197883));
#20278=FACE_SURFACE('',(#20283),#20279,.T.);
#20279=PLANE('',#20280);
#20280=AXIS2_PLACEMENT_3D('',#936,#20281,#20282);
#20281=DIRECTION('',(0.057093481826403655,0.9908732733496072,-0.12210851933576468));
#20282=DIRECTION('',(0.007882065413639212,-0.12275157754476361,-0.9924061281829566));
#20283=FACE_BOUND('',#20284,.T.);
#20284=EDGE_LOOP('',(#20285,#20286,#20287));
#20285=ORIENTED_EDGE('',*,*,#20288,.T.);
#20286=ORIENTED_EDGE('',*,*,#20289,.T.);
#20287=ORIENTED_EDGE('',*,*,#20290,.T.);
#20288=EDGE_CURVE('',#937,#933,#20291,.F.);
#20289=EDGE_CURVE('',#933,#811,#20292,.T.);
#20290=EDGE_CURVE('',#811,#937,#20293,.T.);
#20291=LINE('',#936,#20294);
#20292=LINE('',#932,#20295);
#20293=LINE('',#810,#20296);
#20294=VECTOR('',#20297,1.0);
#20295=VECTOR('',#20298,1.0);
#20296=VECTOR('',#20299,1.0);
#20297=DIRECTION('',(0.007882065413639212,-0.12275157754476361,-0.9924061281829566));
#20298=DIRECTION('',(-0.9977506299349629,0.06093326986823358,0.02794310447229886));
#20299=DIRECTION('',(0.9982950158988524,-0.05517331903591939,0.019051669167570156));
#20300=FACE_SURFACE('',(#20305),#20301,.T.);
#20301=PLANE('',#20302);
#20302=AXIS2_PLACEMENT_3D('',#932,#20303,#20304);
#20303=DIRECTION('',(0.9997851011593026,-0.018061730307541244,0.010174743150615388));
#20304=DIRECTION('',(-0.007882065413639212,0.12275157754476361,0.9924061281829566));
#20305=FACE_BOUND('',#20306,.T.);
#20306=EDGE_LOOP('',(#20307,#20308,#20309));
#20307=ORIENTED_EDGE('',*,*,#20310,.T.);
#20308=ORIENTED_EDGE('',*,*,#20311,.T.);
#20309=ORIENTED_EDGE('',*,*,#20312,.T.);
#20310=EDGE_CURVE('',#933,#937,#20313,.F.);
#20311=EDGE_CURVE('',#937,#865,#20314,.T.);
#20312=EDGE_CURVE('',#865,#933,#20315,.T.);
#20313=LINE('',#932,#20316);
#20314=LINE('',#936,#20317);
#20315=LINE('',#864,#20318);
#20316=VECTOR('',#20319,1.0);
#20317=VECTOR('',#20320,1.0);
#20318=VECTOR('',#20321,1.0);
#20319=DIRECTION('',(-0.007882065413639212,0.12275157754476361,0.9924061281829566));
#20320=DIRECTION('',(-0.004509271784454481,-0.6685359071404128,-0.7436661934846301));
#20321=DIRECTION('',(0.020390154871173592,0.9453447717254172,-0.32543433155668827));
#20322=FACE_SURFACE('',(#20327),#20323,.T.);
#20323=PLANE('',#20324);
#20324=AXIS2_PLACEMENT_3D('',#938,#20325,#20326);
#20325=DIRECTION('',(0.4849810350326864,-0.8150470499517376,0.31700426183821895));
#20326=DIRECTION('',(0.8743657520279743,0.45882481219938986,-0.15800102338513358));
#20327=FACE_BOUND('',#20328,.T.);
#20328=EDGE_LOOP('',(#20329,#20330,#20331));
#20329=ORIENTED_EDGE('',*,*,#20332,.T.);
#20330=ORIENTED_EDGE('',*,*,#20333,.T.);
#20331=ORIENTED_EDGE('',*,*,#20334,.T.);
#20332=EDGE_CURVE('',#939,#941,#20335,.F.);
#20333=EDGE_CURVE('',#941,#907,#20336,.T.);
#20334=EDGE_CURVE('',#907,#939,#20337,.T.);
#20335=LINE('',#938,#20338);
#20336=LINE('',#940,#20339);
#20337=LINE('',#906,#20340);
#20338=VECTOR('',#20341,1.0);
#20339=VECTOR('',#20342,1.0);
#20340=VECTOR('',#20343,1.0);
#20341=DIRECTION('',(0.8743657520279743,0.45882481219938986,-0.15800102338513358));
#20342=DIRECTION('',(-0.7943868755325065,-0.2589926771623156,0.5494290537985761));
#20343=DIRECTION('',(0.033715259917902016,-0.3447923336072256,-0.9380733062689461));
#20344=FACE_SURFACE('',(#20349),#20345,.T.);
#20345=PLANE('',#20346);
#20346=AXIS2_PLACEMENT_3D('',#942,#20347,#20348);
#20347=DIRECTION('',(0.7215604867047712,-0.6410465563397182,0.26155262688675524));
#20348=DIRECTION('',(0.6917894703173558,0.6827662484636005,-0.2350693061991997));
#20349=FACE_BOUND('',#20350,.T.);
#20350=EDGE_LOOP('',(#20351,#20352,#20353));
#20351=ORIENTED_EDGE('',*,*,#20354,.T.);
#20352=ORIENTED_EDGE('',*,*,#20355,.T.);
#20353=ORIENTED_EDGE('',*,*,#20356,.T.);
#20354=EDGE_CURVE('',#943,#939,#20357,.F.);
#20355=EDGE_CURVE('',#939,#907,#20358,.T.);
#20356=EDGE_CURVE('',#907,#943,#20359,.T.);
#20357=LINE('',#942,#20360);
#20358=LINE('',#938,#20361);
#20359=LINE('',#906,#20362);
#20360=VECTOR('',#20363,1.0);
#20361=VECTOR('',#20364,1.0);
#20362=VECTOR('',#20365,1.0);
#20363=DIRECTION('',(0.6917894703173558,0.6827662484636005,-0.2350693061991997));
#20364=DIRECTION('',(-0.033715259917902016,0.3447923336072256,0.9380733062689461));
#20365=DIRECTION('',(-0.6360607454276096,-0.7629804174036657,-0.11527189937101685));
#20366=FACE_SURFACE('',(#20371),#20367,.T.);
#20367=PLANE('',#20368);
#20368=AXIS2_PLACEMENT_3D('',#944,#20369,#20370);
#20369=DIRECTION('',(0.2315130998801673,-0.9653617527190835,-0.12032610261707444));
#20370=DIRECTION('',(-0.878366559536776,-0.26059488514758405,0.40070249927152307));
#20371=FACE_BOUND('',#20372,.T.);
#20372=EDGE_LOOP('',(#20373,#20374,#20375));
#20373=ORIENTED_EDGE('',*,*,#20376,.T.);
#20374=ORIENTED_EDGE('',*,*,#20377,.T.);
#20375=ORIENTED_EDGE('',*,*,#20378,.T.);
#20376=EDGE_CURVE('',#945,#907,#20379,.F.);
#20377=EDGE_CURVE('',#907,#941,#20380,.T.);
#20378=EDGE_CURVE('',#941,#945,#20381,.T.);
#20379=LINE('',#944,#20382);
#20380=LINE('',#906,#20383);
#20381=LINE('',#940,#20384);
#20382=VECTOR('',#20385,1.0);
#20383=VECTOR('',#20386,1.0);
#20384=VECTOR('',#20387,1.0);
#20385=DIRECTION('',(-0.878366559536776,-0.26059488514758405,0.40070249927152307));
#20386=DIRECTION('',(0.7943868755325065,0.2589926771623156,-0.5494290537985761));
#20387=DIRECTION('',(0.9666341618088575,0.24221102228592248,-0.08337996106556878));
#20388=FACE_SURFACE('',(#20393),#20389,.T.);
#20389=PLANE('',#20390);
#20390=AXIS2_PLACEMENT_3D('',#856,#20391,#20392);
#20391=DIRECTION('',(0.3194355248631279,-0.8663748904131979,0.3838691114389609));
#20392=DIRECTION('',(-0.9469526770315151,-0.30691314672570696,0.09531499268096204));
#20393=FACE_BOUND('',#20394,.T.);
#20394=EDGE_LOOP('',(#20395,#20396,#20397));
#20395=ORIENTED_EDGE('',*,*,#20398,.T.);
#20396=ORIENTED_EDGE('',*,*,#20399,.T.);
#20397=ORIENTED_EDGE('',*,*,#20400,.T.);
#20398=EDGE_CURVE('',#857,#907,#20401,.F.);
#20399=EDGE_CURVE('',#907,#947,#20402,.T.);
#20400=EDGE_CURVE('',#947,#857,#20403,.T.);
#20401=LINE('',#856,#20404);
#20402=LINE('',#906,#20405);
#20403=LINE('',#946,#20406);
#20404=VECTOR('',#20407,1.0);
#20405=VECTOR('',#20408,1.0);
#20406=VECTOR('',#20409,1.0);
#20407=DIRECTION('',(-0.9469526770315151,-0.30691314672570696,0.09531499268096204));
#20408=DIRECTION('',(0.9317231626194663,0.21329477065042124,-0.29393415768087205));
#20409=DIRECTION('',(-0.23899931614660255,0.31833733675955034,0.9173552566515837));
#20410=FACE_SURFACE('',(#20415),#20411,.T.);
#20411=PLANE('',#20412);
#20412=AXIS2_PLACEMENT_3D('',#944,#20413,#20414);
#20413=DIRECTION('',(0.06922984328431976,-0.8988308033273258,-0.4327937335368692));
#20414=DIRECTION('',(0.995265122398702,0.0918988142278813,-0.031653500283632785));
#20415=FACE_BOUND('',#20416,.T.);
#20416=EDGE_LOOP('',(#20417,#20418,#20419));
#20417=ORIENTED_EDGE('',*,*,#20420,.T.);
#20418=ORIENTED_EDGE('',*,*,#20421,.T.);
#20419=ORIENTED_EDGE('',*,*,#20422,.T.);
#20420=EDGE_CURVE('',#945,#947,#20423,.F.);
#20421=EDGE_CURVE('',#947,#907,#20424,.T.);
#20422=EDGE_CURVE('',#907,#945,#20425,.T.);
#20423=LINE('',#944,#20426);
#20424=LINE('',#946,#20427);
#20425=LINE('',#906,#20428);
#20426=VECTOR('',#20429,1.0);
#20427=VECTOR('',#20430,1.0);
#20428=VECTOR('',#20431,1.0);
#20429=DIRECTION('',(0.995265122398702,0.0918988142278813,-0.031653500283632785));
#20430=DIRECTION('',(-0.9317231626194663,-0.21329477065042124,0.29393415768087205));
#20431=DIRECTION('',(0.878366559536776,0.26059488514758405,-0.40070249927152307));
#20432=FACE_SURFACE('',(#20437),#20433,.T.);
#20433=PLANE('',#20434);
#20434=AXIS2_PLACEMENT_3D('',#914,#20435,#20436);
#20435=DIRECTION('',(-0.27899439112160024,-0.9104170566249862,0.30545525487210745));
#20436=DIRECTION('',(-0.960271567684862,0.2666099369701542,-0.08244790964498598));
#20437=FACE_BOUND('',#20438,.T.);
#20438=EDGE_LOOP('',(#20439,#20440,#20441));
#20439=ORIENTED_EDGE('',*,*,#20442,.T.);
#20440=ORIENTED_EDGE('',*,*,#20443,.T.);
#20441=ORIENTED_EDGE('',*,*,#20444,.T.);
#20442=EDGE_CURVE('',#915,#917,#20445,.F.);
#20443=EDGE_CURVE('',#917,#949,#20446,.T.);
#20444=EDGE_CURVE('',#949,#915,#20447,.T.);
#20445=LINE('',#914,#20448);
#20446=LINE('',#916,#20449);
#20447=LINE('',#948,#20450);
#20448=VECTOR('',#20451,1.0);
#20449=VECTOR('',#20452,1.0);
#20450=VECTOR('',#20453,1.0);
#20451=DIRECTION('',(-0.960271567684862,0.2666099369701542,-0.08244790964498598));
#20452=DIRECTION('',(0.8540589026114859,-0.3806656192662701,-0.3545096291762631));
#20453=DIRECTION('',(0.051121836760191414,0.30355346133944705,0.9514419866261449));
#20454=FACE_SURFACE('',(#20459),#20455,.T.);
#20455=PLANE('',#20456);
#20456=AXIS2_PLACEMENT_3D('',#950,#20457,#20458);
#20457=DIRECTION('',(-0.3205495067946161,-0.9218855058117914,0.21765828233234338));
#20458=DIRECTION('',(0.9467452499088972,-0.30444820712025106,0.10480801952238417));
#20459=FACE_BOUND('',#20460,.T.);
#20460=EDGE_LOOP('',(#20461,#20462,#20463));
#20461=ORIENTED_EDGE('',*,*,#20464,.T.);
#20462=ORIENTED_EDGE('',*,*,#20465,.T.);
#20463=ORIENTED_EDGE('',*,*,#20466,.T.);
#20464=EDGE_CURVE('',#951,#949,#20467,.F.);
#20465=EDGE_CURVE('',#949,#917,#20468,.T.);
#20466=EDGE_CURVE('',#917,#951,#20469,.T.);
#20467=LINE('',#950,#20470);
#20468=LINE('',#948,#20471);
#20469=LINE('',#916,#20472);
#20470=VECTOR('',#20473,1.0);
#20471=VECTOR('',#20474,1.0);
#20472=VECTOR('',#20475,1.0);
#20473=DIRECTION('',(0.9467452499088972,-0.30444820712025106,0.10480801952238417));
#20474=DIRECTION('',(-0.8540589026114859,0.3806656192662701,0.3545096291762631));
#20475=DIRECTION('',(0.46869889880192295,-0.3540489669753103,-0.8093025832441044));
#20476=FACE_SURFACE('',(#20481),#20477,.T.);
#20477=PLANE('',#20478);
#20478=AXIS2_PLACEMENT_3D('',#946,#20479,#20480);
#20479=DIRECTION('',(-0.09185463737134847,-0.9307332306479429,0.35397511065189513));
#20480=DIRECTION('',(0.9957681961676393,-0.08689094872730548,0.029927621527855));
#20481=FACE_BOUND('',#20482,.T.);
#20482=EDGE_LOOP('',(#20483,#20484,#20485));
#20483=ORIENTED_EDGE('',*,*,#20486,.T.);
#20484=ORIENTED_EDGE('',*,*,#20487,.T.);
#20485=ORIENTED_EDGE('',*,*,#20488,.T.);
#20486=EDGE_CURVE('',#947,#951,#20489,.F.);
#20487=EDGE_CURVE('',#951,#917,#20490,.T.);
#20488=EDGE_CURVE('',#917,#947,#20491,.T.);
#20489=LINE('',#946,#20492);
#20490=LINE('',#950,#20493);
#20491=LINE('',#916,#20494);
#20492=VECTOR('',#20495,1.0);
#20493=VECTOR('',#20496,1.0);
#20494=VECTOR('',#20497,1.0);
#20495=DIRECTION('',(0.9957681961676393,-0.08689094872730548,0.029927621527855));
#20496=DIRECTION('',(-0.46869889880192295,0.3540489669753103,0.8093025832441044));
#20497=DIRECTION('',(-0.8708606535433403,-0.09729346253054946,-0.48180463287403413));
#20498=FACE_SURFACE('',(#20503),#20499,.T.);
#20499=PLANE('',#20500);
#20500=AXIS2_PLACEMENT_3D('',#856,#20501,#20502);
#20501=DIRECTION('',(-0.06649790758572666,-0.9478817765722896,0.3116057860966002));
#20502=DIRECTION('',(0.23899931614660255,-0.31833733675955034,-0.9173552566515837));
#20503=FACE_BOUND('',#20504,.T.);
#20504=EDGE_LOOP('',(#20505,#20506,#20507));
#20505=ORIENTED_EDGE('',*,*,#20508,.T.);
#20506=ORIENTED_EDGE('',*,*,#20509,.T.);
#20507=ORIENTED_EDGE('',*,*,#20510,.T.);
#20508=EDGE_CURVE('',#857,#947,#20511,.F.);
#20509=EDGE_CURVE('',#947,#917,#20512,.T.);
#20510=EDGE_CURVE('',#917,#857,#20513,.T.);
#20511=LINE('',#856,#20514);
#20512=LINE('',#946,#20515);
#20513=LINE('',#916,#20516);
#20514=VECTOR('',#20517,1.0);
#20515=VECTOR('',#20518,1.0);
#20516=VECTOR('',#20519,1.0);
#20517=DIRECTION('',(0.23899931614660255,-0.31833733675955034,-0.9173552566515837));
#20518=DIRECTION('',(0.8708606535433403,0.09729346253054946,0.48180463287403413));
#20519=DIRECTION('',(-0.9977857929437001,0.06356030364443882,-0.01958568866132781));
#20520=FACE_SURFACE('',(#20525),#20521,.T.);
#20521=PLANE('',#20522);
#20522=AXIS2_PLACEMENT_3D('',#948,#20523,#20524);
#20523=DIRECTION('',(-0.5042156957820303,-0.8145073374082503,0.28695701670313917));
#20524=DIRECTION('',(0.8635722493375342,-0.4767481250092903,0.16417732935529786));
#20525=FACE_BOUND('',#20526,.T.);
#20526=EDGE_LOOP('',(#20527,#20528,#20529));
#20527=ORIENTED_EDGE('',*,*,#20530,.T.);
#20528=ORIENTED_EDGE('',*,*,#20531,.T.);
#20529=ORIENTED_EDGE('',*,*,#20532,.T.);
#20530=EDGE_CURVE('',#949,#953,#20533,.F.);
#20531=EDGE_CURVE('',#953,#915,#20534,.T.);
#20532=EDGE_CURVE('',#915,#949,#20535,.T.);
#20533=LINE('',#948,#20536);
#20534=LINE('',#952,#20537);
#20535=LINE('',#914,#20538);
#20536=VECTOR('',#20539,1.0);
#20537=VECTOR('',#20540,1.0);
#20538=VECTOR('',#20541,1.0);
#20539=DIRECTION('',(0.8635722493375342,-0.4767481250092903,0.16417732935529786));
#20540=DIRECTION('',(-0.6906810759278067,0.5798183177555523,0.4321693762291919));
#20541=DIRECTION('',(-0.051121836760191414,-0.30355346133944705,-0.9514419866261449));
#20542=FACE_SURFACE('',(#20547),#20543,.T.);
#20543=PLANE('',#20544);
#20544=AXIS2_PLACEMENT_3D('',#914,#20545,#20546);
#20545=DIRECTION('',(-0.6080008415074353,-0.7891478390091106,0.08706701392319283));
#20546=DIRECTION('',(0.6906810759278067,-0.5798183177555523,-0.4321693762291919));
#20547=FACE_BOUND('',#20548,.T.);
#20548=EDGE_LOOP('',(#20549,#20550,#20551));
#20549=ORIENTED_EDGE('',*,*,#20552,.T.);
#20550=ORIENTED_EDGE('',*,*,#20553,.T.);
#20551=ORIENTED_EDGE('',*,*,#20554,.T.);
#20552=EDGE_CURVE('',#915,#953,#20555,.F.);
#20553=EDGE_CURVE('',#953,#913,#20556,.T.);
#20554=EDGE_CURVE('',#913,#915,#20557,.T.);
#20555=LINE('',#914,#20558);
#20556=LINE('',#952,#20559);
#20557=LINE('',#912,#20560);
#20558=VECTOR('',#20561,1.0);
#20559=VECTOR('',#20562,1.0);
#20560=VECTOR('',#20563,1.0);
#20561=DIRECTION('',(0.6906810759278067,-0.5798183177555523,-0.4321693762291919));
#20562=DIRECTION('',(0.6413136862351302,-0.4235113231183164,0.6398084987229241));
#20563=DIRECTION('',(-0.7882511947249176,0.5869058921263333,-0.18493655074682455));
#20564=FACE_SURFACE('',(#20569),#20565,.T.);
#20565=PLANE('',#20566);
#20566=AXIS2_PLACEMENT_3D('',#910,#20567,#20568);
#20567=DIRECTION('',(-0.7500322925314445,-0.5218314035315922,0.40637857528205684));
#20568=DIRECTION('',(-0.49180886877390195,0.8508504291083813,0.18487180391130034));
#20569=FACE_BOUND('',#20570,.T.);
#20570=EDGE_LOOP('',(#20571,#20572,#20573));
#20571=ORIENTED_EDGE('',*,*,#20574,.T.);
#20572=ORIENTED_EDGE('',*,*,#20575,.T.);
#20573=ORIENTED_EDGE('',*,*,#20576,.T.);
#20574=EDGE_CURVE('',#911,#913,#20577,.F.);
#20575=EDGE_CURVE('',#913,#953,#20578,.T.);
#20576=EDGE_CURVE('',#953,#911,#20579,.T.);
#20577=LINE('',#910,#20580);
#20578=LINE('',#912,#20581);
#20579=LINE('',#952,#20582);
#20580=VECTOR('',#20583,1.0);
#20581=VECTOR('',#20584,1.0);
#20582=VECTOR('',#20585,1.0);
#20583=DIRECTION('',(-0.49180886877390195,0.8508504291083813,0.18487180391130034));
#20584=DIRECTION('',(-0.6413136862351302,0.4235113231183164,-0.6398084987229241));
#20585=DIRECTION('',(0.640592186770024,-0.7260497832520519,0.24998672462522276));
#20586=FACE_SURFACE('',(#20591),#20587,.T.);
#20587=PLANE('',#20588);
#20588=AXIS2_PLACEMENT_3D('',#860,#20589,#20590);
#20589=DIRECTION('',(-0.9797994712091453,-0.16980994090381688,0.10562944754433545));
#20590=DIRECTION('',(-0.19489027997263345,0.929222321982329,-0.31394849116050416));
#20591=FACE_BOUND('',#20592,.T.);
#20592=EDGE_LOOP('',(#20593,#20594,#20595));
#20593=ORIENTED_EDGE('',*,*,#20596,.T.);
#20594=ORIENTED_EDGE('',*,*,#20597,.T.);
#20595=ORIENTED_EDGE('',*,*,#20598,.T.);
#20596=EDGE_CURVE('',#861,#859,#20599,.F.);
#20597=EDGE_CURVE('',#859,#955,#20600,.T.);
#20598=EDGE_CURVE('',#955,#861,#20601,.T.);
#20599=LINE('',#860,#20602);
#20600=LINE('',#858,#20603);
#20601=LINE('',#954,#20604);
#20602=VECTOR('',#20605,1.0);
#20603=VECTOR('',#20606,1.0);
#20604=VECTOR('',#20607,1.0);
#20605=DIRECTION('',(-0.19489027997263345,0.929222321982329,-0.31394849116050416));
#20606=DIRECTION('',(-0.06843440859840211,-0.21160230204119562,-0.9749570234070083));
#20607=DIRECTION('',(0.16759196405647253,-0.40902702263917345,0.8970004617248682));
#20608=FACE_SURFACE('',(#20613),#20609,.T.);
#20609=PLANE('',#20610);
#20610=AXIS2_PLACEMENT_3D('',#954,#20611,#20612);
#20611=DIRECTION('',(-0.977923460312598,-0.021619953929654222,0.20784196727878168));
#20612=DIRECTION('',(0.08973365410492856,-0.9417053649384083,0.32425125592231135));
#20613=FACE_BOUND('',#20614,.T.);
#20614=EDGE_LOOP('',(#20615,#20616,#20617));
#20615=ORIENTED_EDGE('',*,*,#20618,.T.);
#20616=ORIENTED_EDGE('',*,*,#20619,.T.);
#20617=ORIENTED_EDGE('',*,*,#20620,.T.);
#20618=EDGE_CURVE('',#955,#957,#20621,.F.);
#20619=EDGE_CURVE('',#957,#959,#20622,.T.);
#20620=EDGE_CURVE('',#959,#955,#20623,.T.);
#20621=LINE('',#954,#20624);
#20622=LINE('',#956,#20625);
#20623=LINE('',#958,#20626);
#20624=VECTOR('',#20627,1.0);
#20625=VECTOR('',#20628,1.0);
#20626=VECTOR('',#20629,1.0);
#20627=DIRECTION('',(0.08973365410492856,-0.9417053649384083,0.32425125592231135));
#20628=DIRECTION('',(-0.009841921521468677,0.9982949055465332,0.057536233284805456));
#20629=DIRECTION('',(-0.1705447603242233,0.6573205858600533,-0.7340600330562546));
#20630=FACE_SURFACE('',(#20635),#20631,.T.);
#20631=PLANE('',#20632);
#20632=AXIS2_PLACEMENT_3D('',#896,#20633,#20634);
#20633=DIRECTION('',(-0.9993604057057737,0.01189530940770544,0.03372359888396477));
#20634=DIRECTION('',(9.310895544256097E-05,0.9439153130378225,-0.33018763323818184));
#20635=FACE_BOUND('',#20636,.T.);
#20636=EDGE_LOOP('',(#20637,#20638,#20639));
#20637=ORIENTED_EDGE('',*,*,#20640,.T.);
#20638=ORIENTED_EDGE('',*,*,#20641,.T.);
#20639=ORIENTED_EDGE('',*,*,#20642,.T.);
#20640=EDGE_CURVE('',#897,#895,#20643,.F.);
#20641=EDGE_CURVE('',#895,#957,#20644,.T.);
#20642=EDGE_CURVE('',#957,#897,#20645,.T.);
#20643=LINE('',#896,#20646);
#20644=LINE('',#894,#20647);
#20645=LINE('',#956,#20648);
#20646=VECTOR('',#20649,1.0);
#20647=VECTOR('',#20650,1.0);
#20648=VECTOR('',#20651,1.0);
#20649=DIRECTION('',(9.310895544256097E-05,0.9439153130378225,-0.33018763323818184));
#20650=DIRECTION('',(-0.019266890865860923,-0.9735774498500781,-0.2275428224747636));
#20651=DIRECTION('',(0.03552977273151367,0.22344409155876827,0.9740689776381978));
#20652=FACE_SURFACE('',(#20657),#20653,.T.);
#20653=PLANE('',#20654);
#20654=AXIS2_PLACEMENT_3D('',#960,#20655,#20656);
#20655=DIRECTION('',(-0.8461218712206628,0.5040605573754774,-0.17320719829258582));
#20656=DIRECTION('',(0.0008316666301593,0.3262212356799854,0.9452930835048143));
#20657=FACE_BOUND('',#20658,.T.);
#20658=EDGE_LOOP('',(#20659,#20660,#20661));
#20659=ORIENTED_EDGE('',*,*,#20662,.T.);
#20660=ORIENTED_EDGE('',*,*,#20663,.T.);
#20661=ORIENTED_EDGE('',*,*,#20664,.T.);
#20662=EDGE_CURVE('',#961,#885,#20665,.F.);
#20663=EDGE_CURVE('',#885,#963,#20666,.T.);
#20664=EDGE_CURVE('',#963,#961,#20667,.T.);
#20665=LINE('',#960,#20668);
#20666=LINE('',#884,#20669);
#20667=LINE('',#962,#20670);
#20668=VECTOR('',#20671,1.0);
#20669=VECTOR('',#20672,1.0);
#20670=VECTOR('',#20673,1.0);
#20671=DIRECTION('',(0.0008316666301593,0.3262212356799854,0.9452930835048143));
#20672=DIRECTION('',(0.4830636050724919,0.587916547568698,-0.6488479687486666));
#20673=DIRECTION('',(-0.5329893911843168,-0.8000162376269253,0.27549288269977207));
#20674=FACE_SURFACE('',(#20679),#20675,.T.);
#20675=PLANE('',#20676);
#20676=AXIS2_PLACEMENT_3D('',#874,#20677,#20678);
#20677=DIRECTION('',(-0.851193774118717,0.48901354135978065,-0.19061719562594695));
#20678=DIRECTION('',(-0.14300226575584674,-0.5655248916594576,-0.8122388496632335));
#20679=FACE_BOUND('',#20680,.T.);
#20680=EDGE_LOOP('',(#20681,#20682,#20683));
#20681=ORIENTED_EDGE('',*,*,#20684,.T.);
#20682=ORIENTED_EDGE('',*,*,#20685,.T.);
#20683=ORIENTED_EDGE('',*,*,#20686,.T.);
#20684=EDGE_CURVE('',#875,#963,#20687,.F.);
#20685=EDGE_CURVE('',#963,#885,#20688,.T.);
#20686=EDGE_CURVE('',#885,#875,#20689,.T.);
#20687=LINE('',#874,#20690);
#20688=LINE('',#962,#20691);
#20689=LINE('',#884,#20692);
#20690=VECTOR('',#20693,1.0);
#20691=VECTOR('',#20694,1.0);
#20692=VECTOR('',#20695,1.0);
#20693=DIRECTION('',(-0.14300226575584674,-0.5655248916594576,-0.8122388496632335));
#20694=DIRECTION('',(-0.4830636050724919,-0.587916547568698,0.6488479687486666));
#20695=DIRECTION('',(0.5248245978691137,0.796712817914275,-0.2996795409143217));
#20696=FACE_SURFACE('',(#20701),#20697,.T.);
#20697=PLANE('',#20698);
#20698=AXIS2_PLACEMENT_3D('',#890,#20699,#20700);
#20699=DIRECTION('',(-0.4640748237081464,0.8389498589777147,-0.2842493484979788));
#20700=DIRECTION('',(0.8856073908848743,0.4328164236328892,-0.16843245721570682));
#20701=FACE_BOUND('',#20702,.T.);
#20702=EDGE_LOOP('',(#20703,#20704,#20705));
#20703=ORIENTED_EDGE('',*,*,#20706,.T.);
#20704=ORIENTED_EDGE('',*,*,#20707,.T.);
#20705=ORIENTED_EDGE('',*,*,#20708,.T.);
#20706=EDGE_CURVE('',#891,#893,#20709,.F.);
#20707=EDGE_CURVE('',#893,#965,#20710,.T.);
#20708=EDGE_CURVE('',#965,#891,#20711,.T.);
#20709=LINE('',#890,#20712);
#20710=LINE('',#892,#20713);
#20711=LINE('',#964,#20714);
#20712=VECTOR('',#20715,1.0);
#20713=VECTOR('',#20716,1.0);
#20714=VECTOR('',#20717,1.0);
#20715=DIRECTION('',(0.8856073908848743,0.4328164236328892,-0.16843245721570682));
#20716=DIRECTION('',(-0.7564473424735282,-0.5423164495079612,-0.36562314841625604));
#20717=DIRECTION('',(-0.10279760003496918,0.26772070617802846,0.9579970129966942));
#20718=FACE_SURFACE('',(#20723),#20719,.T.);
#20719=PLANE('',#20720);
#20720=AXIS2_PLACEMENT_3D('',#966,#20721,#20722);
#20721=DIRECTION('',(-0.46499483944433545,0.8390387875424509,-0.2824778084902081));
#20722=DIRECTION('',(-0.8853089259008576,-0.4396744111675235,0.15137542034544885));
#20723=FACE_BOUND('',#20724,.T.);
#20724=EDGE_LOOP('',(#20725,#20726,#20727));
#20725=ORIENTED_EDGE('',*,*,#20728,.T.);
#20726=ORIENTED_EDGE('',*,*,#20729,.T.);
#20727=ORIENTED_EDGE('',*,*,#20730,.T.);
#20728=EDGE_CURVE('',#967,#965,#20731,.F.);
#20729=EDGE_CURVE('',#965,#893,#20732,.T.);
#20730=EDGE_CURVE('',#893,#967,#20733,.T.);
#20731=LINE('',#966,#20734);
#20732=LINE('',#964,#20735);
#20733=LINE('',#892,#20736);
#20734=VECTOR('',#20737,1.0);
#20735=VECTOR('',#20738,1.0);
#20736=VECTOR('',#20739,1.0);
#20737=DIRECTION('',(-0.8853089259008576,-0.4396744111675235,0.15137542034544885));
#20738=DIRECTION('',(0.7564473424735282,0.5423164495079612,0.36562314841625604));
#20739=DIRECTION('',(0.12286267226316017,-0.2548250665094474,-0.959150118199863));
#20740=FACE_SURFACE('',(#20745),#20741,.T.);
#20741=PLANE('',#20742);
#20742=AXIS2_PLACEMENT_3D('',#960,#20743,#20744);
#20743=DIRECTION('',(-0.6854841852692951,0.6884420976174493,-0.23697871206877835));
#20744=DIRECTION('',(-0.7280875145265734,-0.6481343541662132,0.22318250410832477));
#20745=FACE_BOUND('',#20746,.T.);
#20746=EDGE_LOOP('',(#20747,#20748,#20749));
#20747=ORIENTED_EDGE('',*,*,#20750,.T.);
#20748=ORIENTED_EDGE('',*,*,#20751,.T.);
#20749=ORIENTED_EDGE('',*,*,#20752,.T.);
#20750=EDGE_CURVE('',#961,#967,#20753,.F.);
#20751=EDGE_CURVE('',#967,#885,#20754,.T.);
#20752=EDGE_CURVE('',#885,#961,#20755,.T.);
#20753=LINE('',#960,#20756);
#20754=LINE('',#966,#20757);
#20755=LINE('',#884,#20758);
#20756=VECTOR('',#20759,1.0);
#20757=VECTOR('',#20760,1.0);
#20758=VECTOR('',#20761,1.0);
#20759=DIRECTION('',(-0.7280875145265734,-0.6481343541662132,0.22318250410832477));
#20760=DIRECTION('',(0.6301803946845475,0.7240200601116261,0.28047749056062465));
#20761=DIRECTION('',(-0.0008316666301593,-0.3262212356799854,-0.9452930835048143));
#20762=FACE_SURFACE('',(#20767),#20763,.T.);
#20763=PLANE('',#20764);
#20764=AXIS2_PLACEMENT_3D('',#892,#20765,#20766);
#20765=DIRECTION('',(-0.6723325494867763,0.689521080223805,-0.26931324294881664));
#20766=DIRECTION('',(0.7402438174346518,0.6276470465827273,-0.24103583896539868));
#20767=FACE_BOUND('',#20768,.T.);
#20768=EDGE_LOOP('',(#20769,#20770,#20771));
#20769=ORIENTED_EDGE('',*,*,#20772,.T.);
#20770=ORIENTED_EDGE('',*,*,#20773,.T.);
#20771=ORIENTED_EDGE('',*,*,#20774,.T.);
#20772=EDGE_CURVE('',#893,#885,#20775,.F.);
#20773=EDGE_CURVE('',#885,#967,#20776,.T.);
#20774=EDGE_CURVE('',#967,#893,#20777,.T.);
#20775=LINE('',#892,#20778);
#20776=LINE('',#884,#20779);
#20777=LINE('',#966,#20780);
#20778=VECTOR('',#20781,1.0);
#20779=VECTOR('',#20782,1.0);
#20780=VECTOR('',#20783,1.0);
#20781=DIRECTION('',(0.7402438174346518,0.6276470465827273,-0.24103583896539868));
#20782=DIRECTION('',(-0.6301803946845475,-0.7240200601116261,-0.28047749056062465));
#20783=DIRECTION('',(-0.12286267226316017,0.2548250665094474,0.959150118199863));
#20784=FACE_SURFACE('',(#20789),#20785,.T.);
#20785=PLANE('',#20786);
#20786=AXIS2_PLACEMENT_3D('',#870,#20787,#20788);
#20787=DIRECTION('',(-0.21175156325803926,0.9351336826687083,-0.2840532890079537));
#20788=DIRECTION('',(0.9771860859620713,0.19770786174377,-0.07758192319628027));
#20789=FACE_BOUND('',#20790,.T.);
#20790=EDGE_LOOP('',(#20791,#20792,#20793));
#20791=ORIENTED_EDGE('',*,*,#20794,.T.);
#20792=ORIENTED_EDGE('',*,*,#20795,.T.);
#20793=ORIENTED_EDGE('',*,*,#20796,.T.);
#20794=EDGE_CURVE('',#871,#891,#20797,.F.);
#20795=EDGE_CURVE('',#891,#965,#20798,.T.);
#20796=EDGE_CURVE('',#965,#871,#20799,.T.);
#20797=LINE('',#870,#20800);
#20798=LINE('',#890,#20801);
#20799=LINE('',#964,#20802);
#20800=VECTOR('',#20803,1.0);
#20801=VECTOR('',#20804,1.0);
#20802=VECTOR('',#20805,1.0);
#20803=DIRECTION('',(0.9771860859620713,0.19770786174377,-0.07758192319628027));
#20804=DIRECTION('',(0.10279760003496918,-0.26772070617802846,-0.9579970129966942));
#20805=DIRECTION('',(-0.8499281363998727,-0.032717395360110396,0.5258818641070346));
#20806=FACE_SURFACE('',(#20811),#20807,.T.);
#20807=PLANE('',#20808);
#20808=AXIS2_PLACEMENT_3D('',#870,#20809,#20810);
#20809=DIRECTION('',(-0.18599281531878434,0.9524491287349691,-0.24134483591282996));
#20810=DIRECTION('',(0.8499281363998727,0.032717395360110396,-0.5258818641070346));
#20811=FACE_BOUND('',#20812,.T.);
#20812=EDGE_LOOP('',(#20813,#20814,#20815));
#20813=ORIENTED_EDGE('',*,*,#20816,.T.);
#20814=ORIENTED_EDGE('',*,*,#20817,.T.);
#20815=ORIENTED_EDGE('',*,*,#20818,.T.);
#20816=EDGE_CURVE('',#871,#965,#20819,.F.);
#20817=EDGE_CURVE('',#965,#969,#20820,.T.);
#20818=EDGE_CURVE('',#969,#871,#20821,.T.);
#20819=LINE('',#870,#20822);
#20820=LINE('',#964,#20823);
#20821=LINE('',#968,#20824);
#20822=VECTOR('',#20825,1.0);
#20823=VECTOR('',#20826,1.0);
#20824=VECTOR('',#20827,1.0);
#20825=DIRECTION('',(0.8499281363998727,0.032717395360110396,-0.5258818641070346));
#20826=DIRECTION('',(-0.9824322951272422,-0.1764531100131974,0.06075430402604935));
#20827=DIRECTION('',(0.5331671241724,0.30415637082168717,0.7894439307451245));
#20828=FACE_SURFACE('',(#20833),#20829,.T.);
#20829=PLANE('',#20830);
#20830=AXIS2_PLACEMENT_3D('',#870,#20831,#20832);
#20831=DIRECTION('',(-0.00188606990295801,0.9335629058580366,-0.3584086264952616));
#20832=DIRECTION('',(-0.5331671241724,-0.30415637082168717,-0.7894439307451245));
#20833=FACE_BOUND('',#20834,.T.);
#20834=EDGE_LOOP('',(#20835,#20836,#20837));
#20835=ORIENTED_EDGE('',*,*,#20838,.T.);
#20836=ORIENTED_EDGE('',*,*,#20839,.T.);
#20837=ORIENTED_EDGE('',*,*,#20840,.T.);
#20838=EDGE_CURVE('',#871,#969,#20841,.F.);
#20839=EDGE_CURVE('',#969,#873,#20842,.T.);
#20840=EDGE_CURVE('',#873,#871,#20843,.T.);
#20841=LINE('',#870,#20844);
#20842=LINE('',#968,#20845);
#20843=LINE('',#872,#20846);
#20844=VECTOR('',#20847,1.0);
#20845=VECTOR('',#20848,1.0);
#20846=VECTOR('',#20849,1.0);
#20847=DIRECTION('',(-0.5331671241724,-0.30415637082168717,-0.7894439307451245));
#20848=DIRECTION('',(-0.7469808800204498,0.23697099591614162,0.6211797742830867));
#20849=DIRECTION('',(0.9999982209290211,0.0017501412281703784,-0.0007036650298829356));
#20850=FACE_SURFACE('',(#20855),#20851,.T.);
#20851=PLANE('',#20852);
#20852=AXIS2_PLACEMENT_3D('',#872,#20853,#20854);
#20853=DIRECTION('',(0.2187624300544126,0.902404781112223,-0.37122582106110175));
#20854=DIRECTION('',(-0.7728871621184717,-0.07198497322542867,-0.6304471415290812));
#20855=FACE_BOUND('',#20856,.T.);
#20856=EDGE_LOOP('',(#20857,#20858,#20859));
#20857=ORIENTED_EDGE('',*,*,#20860,.T.);
#20858=ORIENTED_EDGE('',*,*,#20861,.T.);
#20859=ORIENTED_EDGE('',*,*,#20862,.T.);
#20860=EDGE_CURVE('',#873,#971,#20863,.F.);
#20861=EDGE_CURVE('',#971,#889,#20864,.T.);
#20862=EDGE_CURVE('',#889,#873,#20865,.T.);
#20863=LINE('',#872,#20866);
#20864=LINE('',#970,#20867);
#20865=LINE('',#888,#20868);
#20866=VECTOR('',#20869,1.0);
#20867=VECTOR('',#20870,1.0);
#20868=VECTOR('',#20871,1.0);
#20869=DIRECTION('',(-0.7728871621184717,-0.07198497322542867,-0.6304471415290812));
#20870=DIRECTION('',(-0.5431966893685531,0.42866583002496406,0.7219300262685103));
#20871=DIRECTION('',(0.9757716644325771,-0.2036984437044601,0.07985363437476617));
#20872=FACE_SURFACE('',(#20877),#20873,.T.);
#20873=PLANE('',#20874);
#20874=AXIS2_PLACEMENT_3D('',#970,#20875,#20876);
#20875=DIRECTION('',(0.10620338146506857,0.9648548379945887,-0.24036635239529905));
#20876=DIRECTION('',(0.7728871621184717,0.07198497322542867,0.6304471415290812));
#20877=FACE_BOUND('',#20878,.T.);
#20878=EDGE_LOOP('',(#20879,#20880,#20881));
#20879=ORIENTED_EDGE('',*,*,#20882,.T.);
#20880=ORIENTED_EDGE('',*,*,#20883,.T.);
#20881=ORIENTED_EDGE('',*,*,#20884,.T.);
#20882=EDGE_CURVE('',#971,#873,#20885,.F.);
#20883=EDGE_CURVE('',#873,#969,#20886,.T.);
#20884=EDGE_CURVE('',#969,#971,#20887,.T.);
#20885=LINE('',#970,#20888);
#20886=LINE('',#872,#20889);
#20887=LINE('',#968,#20890);
#20888=VECTOR('',#20891,1.0);
#20889=VECTOR('',#20892,1.0);
#20890=VECTOR('',#20893,1.0);
#20891=DIRECTION('',(0.7728871621184717,0.07198497322542867,0.6304471415290812));
#20892=DIRECTION('',(0.7469808800204498,-0.23697099591614162,-0.6211797742830867));
#20893=DIRECTION('',(-0.9943014321441109,0.10080123646970379,-0.034695428551162776));
#20894=FACE_SURFACE('',(#20899),#20895,.T.);
#20895=PLANE('',#20896);
#20896=AXIS2_PLACEMENT_3D('',#888,#20897,#20898);
#20897=DIRECTION('',(0.3737736722242996,0.8934031805696132,-0.24924686337055668));
#20898=DIRECTION('',(0.5431966893685531,-0.42866583002496406,-0.7219300262685103));
#20899=FACE_BOUND('',#20900,.T.);
#20900=EDGE_LOOP('',(#20901,#20902,#20903));
#20901=ORIENTED_EDGE('',*,*,#20904,.T.);
#20902=ORIENTED_EDGE('',*,*,#20905,.T.);
#20903=ORIENTED_EDGE('',*,*,#20906,.T.);
#20904=EDGE_CURVE('',#889,#971,#20907,.F.);
#20905=EDGE_CURVE('',#971,#973,#20908,.T.);
#20906=EDGE_CURVE('',#973,#889,#20909,.T.);
#20907=LINE('',#888,#20910);
#20908=LINE('',#970,#20911);
#20909=LINE('',#972,#20912);
#20910=VECTOR('',#20913,1.0);
#20911=VECTOR('',#20914,1.0);
#20912=VECTOR('',#20915,1.0);
#20913=DIRECTION('',(0.5431966893685531,-0.42866583002496406,-0.7219300262685103));
#20914=DIRECTION('',(-0.9272894179966369,0.35394488012570585,-0.12189075889606277));
#20915=DIRECTION('',(0.6562225947389576,-0.06480853989917541,0.7517790628304348));
#20916=FACE_SURFACE('',(#20921),#20917,.T.);
#20917=PLANE('',#20918);
#20918=AXIS2_PLACEMENT_3D('',#972,#20919,#20920);
#20919=DIRECTION('',(0.6062766638511285,0.6384228242959656,-0.4741781356067655));
#20920=DIRECTION('',(-0.7809364205634619,0.5905841767001424,-0.20334364329612772));
#20921=FACE_BOUND('',#20922,.T.);
#20922=EDGE_LOOP('',(#20923,#20924,#20925));
#20923=ORIENTED_EDGE('',*,*,#20926,.T.);
#20924=ORIENTED_EDGE('',*,*,#20927,.T.);
#20925=ORIENTED_EDGE('',*,*,#20928,.T.);
#20926=EDGE_CURVE('',#973,#975,#20929,.F.);
#20927=EDGE_CURVE('',#975,#889,#20930,.T.);
#20928=EDGE_CURVE('',#889,#973,#20931,.T.);
#20929=LINE('',#972,#20932);
#20930=LINE('',#974,#20933);
#20931=LINE('',#888,#20934);
#20932=VECTOR('',#20935,1.0);
#20933=VECTOR('',#20936,1.0);
#20934=VECTOR('',#20937,1.0);
#20935=DIRECTION('',(-0.7809364205634619,0.5905841767001424,-0.20334364329612772));
#20936=DIRECTION('',(0.7817034903793842,-0.36881950311899453,0.5029033975305255));
#20937=DIRECTION('',(-0.6562225947389576,0.06480853989917541,-0.7517790628304348));
#20938=FACE_SURFACE('',(#20943),#20939,.T.);
#20939=PLANE('',#20940);
#20940=AXIS2_PLACEMENT_3D('',#888,#20941,#20942);
#20941=DIRECTION('',(0.5623591517858605,0.7654716387718223,-0.3127384764282579));
#20942=DIRECTION('',(-0.7817034903793842,0.36881950311899453,-0.5029033975305255));
#20943=FACE_BOUND('',#20944,.T.);
#20944=EDGE_LOOP('',(#20945,#20946,#20947));
#20945=ORIENTED_EDGE('',*,*,#20948,.T.);
#20946=ORIENTED_EDGE('',*,*,#20949,.T.);
#20947=ORIENTED_EDGE('',*,*,#20950,.T.);
#20948=EDGE_CURVE('',#889,#975,#20951,.F.);
#20949=EDGE_CURVE('',#975,#887,#20952,.T.);
#20950=EDGE_CURVE('',#887,#889,#20953,.T.);
#20951=LINE('',#888,#20954);
#20952=LINE('',#974,#20955);
#20953=LINE('',#886,#20956);
#20954=VECTOR('',#20957,1.0);
#20955=VECTOR('',#20958,1.0);
#20956=VECTOR('',#20959,1.0);
#20957=DIRECTION('',(-0.7817034903793842,0.36881950311899453,-0.5029033975305255));
#20958=DIRECTION('',(-0.2610529793936723,0.5232178511069844,0.8112301906565587));
#20959=DIRECTION('',(0.8268462359108573,-0.5245839324638562,0.20282258247247378));
#20960=FACE_SURFACE('',(#20965),#20961,.T.);
#20961=PLANE('',#20962);
#20962=AXIS2_PLACEMENT_3D('',#868,#20963,#20964);
#20963=DIRECTION('',(0.8859167869055606,0.44743496264129634,-0.12228409906896853));
#20964=DIRECTION('',(0.4623332275510885,-0.8305303616901248,0.3105918624385768));
#20965=FACE_BOUND('',#20966,.T.);
#20966=EDGE_LOOP('',(#20967,#20968,#20969));
#20967=ORIENTED_EDGE('',*,*,#20970,.T.);
#20968=ORIENTED_EDGE('',*,*,#20971,.T.);
#20969=ORIENTED_EDGE('',*,*,#20972,.T.);
#20970=EDGE_CURVE('',#869,#867,#20973,.F.);
#20971=EDGE_CURVE('',#867,#977,#20974,.T.);
#20972=EDGE_CURVE('',#977,#869,#20975,.T.);
#20973=LINE('',#868,#20976);
#20974=LINE('',#866,#20977);
#20975=LINE('',#976,#20978);
#20976=VECTOR('',#20979,1.0);
#20977=VECTOR('',#20980,1.0);
#20978=VECTOR('',#20981,1.0);
#20979=DIRECTION('',(0.4623332275510885,-0.8305303616901248,0.3105918624385768));
#20980=DIRECTION('',(-0.3313067445631399,0.42588206313782445,-0.84193842370119));
#20981=DIRECTION('',(-0.1167864034465216,0.47030346616605256,0.8747431541213814));
#20982=FACE_SURFACE('',(#20987),#20983,.T.);
#20983=PLANE('',#20984);
#20984=AXIS2_PLACEMENT_3D('',#886,#20985,#20986);
#20985=DIRECTION('',(0.7948678381137084,0.5933619713647519,-0.1269121383894174));
#20986=DIRECTION('',(0.2610529793936723,-0.5232178511069844,-0.8112301906565587));
#20987=FACE_BOUND('',#20988,.T.);
#20988=EDGE_LOOP('',(#20989,#20990,#20991));
#20989=ORIENTED_EDGE('',*,*,#20992,.T.);
#20990=ORIENTED_EDGE('',*,*,#20993,.T.);
#20991=ORIENTED_EDGE('',*,*,#20994,.T.);
#20992=EDGE_CURVE('',#887,#975,#20995,.F.);
#20993=EDGE_CURVE('',#975,#867,#20996,.T.);
#20994=EDGE_CURVE('',#867,#887,#20997,.T.);
#20995=LINE('',#886,#20998);
#20996=LINE('',#974,#20999);
#20997=LINE('',#866,#21000);
#20998=VECTOR('',#21001,1.0);
#20999=VECTOR('',#21002,1.0);
#21000=VECTOR('',#21003,1.0);
#21001=DIRECTION('',(0.2610529793936723,-0.5232178511069844,-0.8112301906565587));
#21002=DIRECTION('',(-0.5610614163797707,0.7983688879321627,0.21867145637208246));
#21003=DIRECTION('',(0.6023417451786317,-0.7463400978672118,0.2831269685683812));
#21004=FACE_SURFACE('',(#21009),#21005,.T.);
#21005=PLANE('',#21006);
#21006=AXIS2_PLACEMENT_3D('',#976,#21007,#21008);
#21007=DIRECTION('',(0.8143476474000549,0.5797398035231724,-0.027196863512342767));
#21008=DIRECTION('',(0.3313067445631399,-0.42588206313782445,0.84193842370119));
#21009=FACE_BOUND('',#21010,.T.);
#21010=EDGE_LOOP('',(#21011,#21012,#21013));
#21011=ORIENTED_EDGE('',*,*,#21014,.T.);
#21012=ORIENTED_EDGE('',*,*,#21015,.T.);
#21013=ORIENTED_EDGE('',*,*,#21016,.T.);
#21014=EDGE_CURVE('',#977,#867,#21017,.F.);
#21015=EDGE_CURVE('',#867,#975,#21018,.T.);
#21016=EDGE_CURVE('',#975,#977,#21019,.T.);
#21017=LINE('',#976,#21020);
#21018=LINE('',#866,#21021);
#21019=LINE('',#974,#21022);
#21020=VECTOR('',#21023,1.0);
#21021=VECTOR('',#21024,1.0);
#21022=VECTOR('',#21025,1.0);
#21023=DIRECTION('',(0.3313067445631399,-0.42588206313782445,0.84193842370119));
#21024=DIRECTION('',(0.5610614163797707,-0.7983688879321627,-0.21867145637208246));
#21025=DIRECTION('',(-0.5645625459590705,0.7804222658489447,-0.268719591149234));
#21026=FACE_SURFACE('',(#21031),#21027,.T.);
#21027=PLANE('',#21028);
#21028=AXIS2_PLACEMENT_3D('',#978,#21029,#21030);
#21029=DIRECTION('',(0.9590536178093082,0.2626905898591395,0.10587640042207003));
#21030=DIRECTION('',(0.15665300740387209,-0.8034368518855479,0.5744119256279091));
#21031=FACE_BOUND('',#21032,.T.);
#21032=EDGE_LOOP('',(#21033,#21034,#21035));
#21033=ORIENTED_EDGE('',*,*,#21036,.T.);
#21034=ORIENTED_EDGE('',*,*,#21037,.T.);
#21035=ORIENTED_EDGE('',*,*,#21038,.T.);
#21036=EDGE_CURVE('',#979,#879,#21039,.F.);
#21037=EDGE_CURVE('',#879,#977,#21040,.T.);
#21038=EDGE_CURVE('',#977,#979,#21041,.T.);
#21039=LINE('',#978,#21042);
#21040=LINE('',#878,#21043);
#21041=LINE('',#976,#21044);
#21042=VECTOR('',#21045,1.0);
#21043=VECTOR('',#21046,1.0);
#21044=VECTOR('',#21047,1.0);
#21045=DIRECTION('',(0.15665300740387209,-0.8034368518855479,0.5744119256279091));
#21046=DIRECTION('',(0.28159194827897216,-0.8443133955975318,-0.45589567302072326));
#21047=DIRECTION('',(-0.2176923464666088,0.9228423846519138,-0.31776087767349703));
#21048=FACE_SURFACE('',(#21053),#21049,.T.);
#21049=PLANE('',#21050);
#21050=AXIS2_PLACEMENT_3D('',#878,#21051,#21052);
#21051=DIRECTION('',(0.9381502064603007,0.3028653236444181,0.1677700386012267));
#21052=DIRECTION('',(-0.15665300740387209,0.8034368518855479,-0.5744119256279091));
#21053=FACE_BOUND('',#21054,.T.);
#21054=EDGE_LOOP('',(#21055,#21056,#21057));
#21055=ORIENTED_EDGE('',*,*,#21058,.T.);
#21056=ORIENTED_EDGE('',*,*,#21059,.T.);
#21057=ORIENTED_EDGE('',*,*,#21060,.T.);
#21058=EDGE_CURVE('',#879,#979,#21061,.F.);
#21059=EDGE_CURVE('',#979,#981,#21062,.T.);
#21060=EDGE_CURVE('',#981,#879,#21063,.T.);
#21061=LINE('',#878,#21064);
#21062=LINE('',#978,#21065);
#21063=LINE('',#980,#21066);
#21064=VECTOR('',#21067,1.0);
#21065=VECTOR('',#21068,1.0);
#21066=VECTOR('',#21069,1.0);
#21067=DIRECTION('',(-0.15665300740387209,0.8034368518855479,-0.5744119256279091));
#21068=DIRECTION('',(0.0866755297273858,-0.674578371080569,0.7330971107682551));
#21069=DIRECTION('',(0.23537967241811555,-0.9132721975233552,0.3324609797302568));
#21070=FACE_SURFACE('',(#21075),#21071,.T.);
#21071=PLANE('',#21072);
#21072=AXIS2_PLACEMENT_3D('',#930,#21073,#21074);
#21073=DIRECTION('',(0,0.13917002840382944,0.9902685005563275));
#21074=DIRECTION('',(0,0.9902685005563275,-0.13917002840382944));
#21075=FACE_BOUND('',#21076,.T.);
#21076=EDGE_LOOP('',(#21077,#21078,#21079));
#21077=ORIENTED_EDGE('',*,*,#21080,.T.);
#21078=ORIENTED_EDGE('',*,*,#21081,.T.);
#21079=ORIENTED_EDGE('',*,*,#21082,.T.);
#21080=EDGE_CURVE('',#931,#929,#21083,.F.);
#21081=EDGE_CURVE('',#929,#927,#21084,.T.);
#21082=EDGE_CURVE('',#927,#931,#21085,.T.);
#21083=LINE('',#930,#21086);
#21084=LINE('',#928,#21087);
#21085=LINE('',#926,#21088);
#21086=VECTOR('',#21089,1.0);
#21087=VECTOR('',#21090,1.0);
#21088=VECTOR('',#21091,1.0);
#21089=DIRECTION('',(0,0.9902685005563275,-0.13917002840382944));
#21090=DIRECTION('',(-1,0,0));
#21091=DIRECTION('',(0.13403972983260426,-0.9813322767616899,0.13791415232716536));
#21092=FACE_SURFACE('',(#21097),#21093,.T.);
#21093=PLANE('',#21094);
#21094=AXIS2_PLACEMENT_3D('',#930,#21095,#21096);
#21095=DIRECTION('',(0,0.13917002840382944,0.9902685005563275));
#21096=DIRECTION('',(-0.13403972983260426,0.9813322767616899,-0.13791415232716536));
#21097=FACE_BOUND('',#21098,.T.);
#21098=EDGE_LOOP('',(#21099,#21100,#21101));
#21099=ORIENTED_EDGE('',*,*,#21102,.T.);
#21100=ORIENTED_EDGE('',*,*,#21103,.T.);
#21101=ORIENTED_EDGE('',*,*,#21104,.T.);
#21102=EDGE_CURVE('',#931,#927,#21105,.F.);
#21103=EDGE_CURVE('',#927,#925,#21106,.T.);
#21104=EDGE_CURVE('',#925,#931,#21107,.T.);
#21105=LINE('',#930,#21108);
#21106=LINE('',#926,#21109);
#21107=LINE('',#924,#21110);
#21108=VECTOR('',#21111,1.0);
#21109=VECTOR('',#21112,1.0);
#21110=VECTOR('',#21113,1.0);
#21111=DIRECTION('',(-0.13403972983260426,0.9813322767616899,-0.13791415232716536));
#21112=DIRECTION('',(0,-0.9902685005563275,0.13917002840382944));
#21113=DIRECTION('',(1,0,0));
#21114=FACE_SURFACE('',(#21119),#21115,.T.);
#21115=PLANE('',#21116);
#21116=AXIS2_PLACEMENT_3D('',#982,#21117,#21118);
#21117=DIRECTION('',(-1.9678302812391942E-05,0.32559213817368454,0.9455103167984223));
#21118=DIRECTION('',(0.050334576445351366,-0.9443114767777412,0.32518035801676054));
#21119=FACE_BOUND('',#21120,.T.);
#21120=EDGE_LOOP('',(#21121,#21122,#21123));
#21121=ORIENTED_EDGE('',*,*,#21124,.T.);
#21122=ORIENTED_EDGE('',*,*,#21125,.T.);
#21123=ORIENTED_EDGE('',*,*,#21126,.T.);
#21124=EDGE_CURVE('',#983,#971,#21127,.F.);
#21125=EDGE_CURVE('',#971,#985,#21128,.T.);
#21126=EDGE_CURVE('',#985,#983,#21129,.T.);
#21127=LINE('',#982,#21130);
#21128=LINE('',#970,#21131);
#21129=LINE('',#984,#21132);
#21130=VECTOR('',#21133,1.0);
#21131=VECTOR('',#21134,1.0);
#21132=VECTOR('',#21135,1.0);
#21133=DIRECTION('',(0.050334576445351366,-0.9443114767777412,0.32518035801676054));
#21134=DIRECTION('',(0.8253711227378772,0.5338314951604235,-0.18381089338013382));
#21135=DIRECTION('',(-0.9781871304060309,0.19640045932949038,-0.06765203236547972));
#21136=FACE_SURFACE('',(#21141),#21137,.T.);
#21137=PLANE('',#21138);
#21138=AXIS2_PLACEMENT_3D('',#944,#21139,#21140);
#21139=DIRECTION('',(-2.400231131022897E-05,0.32558405547965624,0.9455130999839766));
#21140=DIRECTION('',(-0.9666341618088575,-0.24221102228592248,0.08337996106556878));
#21141=FACE_BOUND('',#21142,.T.);
#21142=EDGE_LOOP('',(#21143,#21144,#21145));
#21143=ORIENTED_EDGE('',*,*,#21146,.T.);
#21144=ORIENTED_EDGE('',*,*,#21147,.T.);
#21145=ORIENTED_EDGE('',*,*,#21148,.T.);
#21146=EDGE_CURVE('',#945,#941,#21149,.F.);
#21147=EDGE_CURVE('',#941,#987,#21150,.T.);
#21148=EDGE_CURVE('',#987,#945,#21151,.T.);
#21149=LINE('',#944,#21152);
#21150=LINE('',#940,#21153);
#21151=LINE('',#986,#21154);
#21152=VECTOR('',#21155,1.0);
#21153=VECTOR('',#21156,1.0);
#21154=VECTOR('',#21157,1.0);
#21155=DIRECTION('',(-0.9666341618088575,-0.24221102228592248,0.08337996106556878));
#21156=DIRECTION('',(0.20448623363842638,-0.9255322807846648,0.31870892280873986));
#21157=DIRECTION('',(0.27851238246712035,0.908103817964095,-0.31269523279308586));
#21158=FACE_SURFACE('',(#21163),#21159,.T.);
#21159=PLANE('',#21160);
#21160=AXIS2_PLACEMENT_3D('',#988,#21161,#21162);
#21161=DIRECTION('',(-3.2717041559332748E-06,0.3255545714973024,0.9455232524726739));
#21162=DIRECTION('',(-0.8835301018217442,-0.44285980753867926,0.1524786871718876));
#21163=FACE_BOUND('',#21164,.T.);
#21164=EDGE_LOOP('',(#21165,#21166,#21167));
#21165=ORIENTED_EDGE('',*,*,#21168,.T.);
#21166=ORIENTED_EDGE('',*,*,#21169,.T.);
#21167=ORIENTED_EDGE('',*,*,#21170,.T.);
#21168=EDGE_CURVE('',#989,#979,#21171,.F.);
#21169=EDGE_CURVE('',#979,#991,#21172,.T.);
#21170=EDGE_CURVE('',#991,#989,#21173,.T.);
#21171=LINE('',#988,#21174);
#21172=LINE('',#978,#21175);
#21173=LINE('',#990,#21176);
#21174=VECTOR('',#21177,1.0);
#21175=VECTOR('',#21178,1.0);
#21176=VECTOR('',#21179,1.0);
#21177=DIRECTION('',(-0.8835301018217442,-0.44285980753867926,0.1524786871718876));
#21178=DIRECTION('',(0.9291935134459635,-0.3494583343902325,0.12032575408095612));
#21179=DIRECTION('',(-0.0187019716203667,0.9453578632209088,-0.325497690781223));
#21180=FACE_SURFACE('',(#21185),#21181,.T.);
#21181=PLANE('',#21182);
#21182=AXIS2_PLACEMENT_3D('',#960,#21183,#21184);
#21183=DIRECTION('',(1.6828436890938146E-05,0.3255668375264035,0.9455190289041571));
#21184=DIRECTION('',(-0.5624976186309483,0.7817571794582701,-0.269169354496314));
#21185=FACE_BOUND('',#21186,.T.);
#21186=EDGE_LOOP('',(#21187,#21188,#21189));
#21187=ORIENTED_EDGE('',*,*,#21190,.T.);
#21188=ORIENTED_EDGE('',*,*,#21191,.T.);
#21189=ORIENTED_EDGE('',*,*,#21192,.T.);
#21190=EDGE_CURVE('',#961,#993,#21193,.F.);
#21191=EDGE_CURVE('',#993,#967,#21194,.T.);
#21192=EDGE_CURVE('',#967,#961,#21195,.T.);
#21193=LINE('',#960,#21196);
#21194=LINE('',#992,#21197);
#21195=LINE('',#966,#21198);
#21196=VECTOR('',#21199,1.0);
#21197=VECTOR('',#21200,1.0);
#21198=VECTOR('',#21201,1.0);
#21199=DIRECTION('',(-0.5624976186309483,0.7817571794582701,-0.269169354496314));
#21200=DIRECTION('',(0.0428040229657672,-0.9446526838372579,0.32526777051686495));
#21201=DIRECTION('',(0.7280875145265734,0.6481343541662132,-0.22318250410832477));
#21202=FACE_SURFACE('',(#21207),#21203,.T.);
#21203=PLANE('',#21204);
#21204=AXIS2_PLACEMENT_3D('',#994,#21205,#21206);
#21205=DIRECTION('',(2.235858179557597E-06,0.3255662464387335,0.9455192325779497));
#21206=DIRECTION('',(0.9581679001230194,-0.2706146368861594,0.09317721543819335));
#21207=FACE_BOUND('',#21208,.T.);
#21208=EDGE_LOOP('',(#21209,#21210,#21211));
#21209=ORIENTED_EDGE('',*,*,#21212,.T.);
#21210=ORIENTED_EDGE('',*,*,#21213,.T.);
#21211=ORIENTED_EDGE('',*,*,#21214,.T.);
#21212=EDGE_CURVE('',#995,#967,#21215,.F.);
#21213=EDGE_CURVE('',#967,#993,#21216,.T.);
#21214=EDGE_CURVE('',#993,#995,#21217,.T.);
#21215=LINE('',#994,#21218);
#21216=LINE('',#966,#21219);
#21217=LINE('',#992,#21220);
#21218=VECTOR('',#21221,1.0);
#21219=VECTOR('',#21222,1.0);
#21220=VECTOR('',#21223,1.0);
#21221=DIRECTION('',(0.9581679001230194,-0.2706146368861594,0.09317721543819335));
#21222=DIRECTION('',(-0.0428040229657672,0.9446526838372579,-0.32526777051686495));
#21223=DIRECTION('',(-0.7510551747696889,-0.6242685464434905,0.21495326555557046));
#21224=FACE_SURFACE('',(#21229),#21225,.T.);
#21225=PLANE('',#21226);
#21226=AXIS2_PLACEMENT_3D('',#960,#21227,#21228);
#21227=DIRECTION('',(3.129407782485334E-05,0.3255761426624166,0.9455158244840445));
#21228=DIRECTION('',(0.5329893911843168,0.8000162376269253,-0.27549288269977207));
#21229=FACE_BOUND('',#21230,.T.);
#21230=EDGE_LOOP('',(#21231,#21232,#21233));
#21231=ORIENTED_EDGE('',*,*,#21234,.T.);
#21232=ORIENTED_EDGE('',*,*,#21235,.T.);
#21233=ORIENTED_EDGE('',*,*,#21236,.T.);
#21234=EDGE_CURVE('',#961,#963,#21237,.F.);
#21235=EDGE_CURVE('',#963,#993,#21238,.T.);
#21236=EDGE_CURVE('',#993,#961,#21239,.T.);
#21237=LINE('',#960,#21240);
#21238=LINE('',#962,#21241);
#21239=LINE('',#992,#21242);
#21240=VECTOR('',#21243,1.0);
#21241=VECTOR('',#21244,1.0);
#21242=VECTOR('',#21245,1.0);
#21243=DIRECTION('',(0.5329893911843168,0.8000162376269253,-0.27549288269977207));
#21244=DIRECTION('',(-0.9958073903399015,0.08650102378859396,-0.02975254994047243));
#21245=DIRECTION('',(0.5624976186309483,-0.7817571794582701,0.269169354496314));
#21246=FACE_SURFACE('',(#21251),#21247,.T.);
#21247=PLANE('',#21248);
#21248=AXIS2_PLACEMENT_3D('',#964,#21249,#21250);
#21249=DIRECTION('',(-4.625512751039563E-06,0.3255445271870885,0.9455267107793093));
#21250=DIRECTION('',(0.8853089259008576,0.4396744111675235,-0.15137542034544885));
#21251=FACE_BOUND('',#21252,.T.);
#21252=EDGE_LOOP('',(#21253,#21254,#21255));
#21253=ORIENTED_EDGE('',*,*,#21256,.T.);
#21254=ORIENTED_EDGE('',*,*,#21257,.T.);
#21255=ORIENTED_EDGE('',*,*,#21258,.T.);
#21256=EDGE_CURVE('',#965,#967,#21259,.F.);
#21257=EDGE_CURVE('',#967,#995,#21260,.T.);
#21258=EDGE_CURVE('',#995,#965,#21261,.T.);
#21259=LINE('',#964,#21262);
#21260=LINE('',#966,#21263);
#21261=LINE('',#994,#21264);
#21262=VECTOR('',#21265,1.0);
#21263=VECTOR('',#21266,1.0);
#21264=VECTOR('',#21267,1.0);
#21265=DIRECTION('',(0.8853089259008576,0.4396744111675235,-0.15137542034544885));
#21266=DIRECTION('',(-0.9581679001230194,0.2706146368861594,-0.09317721543819335));
#21267=DIRECTION('',(0.576245555864048,-0.7727559983490004,0.2660624482383298));
#21268=FACE_SURFACE('',(#21273),#21269,.T.);
#21269=PLANE('',#21270);
#21270=AXIS2_PLACEMENT_3D('',#954,#21271,#21272);
#21271=DIRECTION('',(-2.775478870475175E-05,0.3255622848761821,0.9455205962303895));
#21272=DIRECTION('',(-0.6236139118669913,-0.7391498068785961,0.254486250939579));
#21273=FACE_BOUND('',#21274,.T.);
#21274=EDGE_LOOP('',(#21275,#21276,#21277));
#21275=ORIENTED_EDGE('',*,*,#21278,.T.);
#21276=ORIENTED_EDGE('',*,*,#21279,.T.);
#21277=ORIENTED_EDGE('',*,*,#21280,.T.);
#21278=EDGE_CURVE('',#955,#997,#21281,.F.);
#21279=EDGE_CURVE('',#997,#957,#21282,.T.);
#21280=EDGE_CURVE('',#957,#955,#21283,.T.);
#21281=LINE('',#954,#21284);
#21282=LINE('',#996,#21285);
#21283=LINE('',#956,#21286);
#21284=VECTOR('',#21287,1.0);
#21285=VECTOR('',#21288,1.0);
#21286=VECTOR('',#21289,1.0);
#21287=DIRECTION('',(-0.6236139118669913,-0.7391498068785961,0.254486250939579));
#21288=DIRECTION('',(0.903365635760648,-0.40549841364277855,0.1396480027066279));
#21289=DIRECTION('',(-0.08973365410492856,0.9417053649384083,-0.32425125592231135));
#21290=FACE_SURFACE('',(#21295),#21291,.T.);
#21291=PLANE('',#21292);
#21292=AXIS2_PLACEMENT_3D('',#996,#21293,#21294);
#21293=DIRECTION('',(-9.814427726160454E-06,0.3255487530206753,0.9455252557760476));
#21294=DIRECTION('',(0.6236139118669913,0.7391498068785961,-0.254486250939579));
#21295=FACE_BOUND('',#21296,.T.);
#21296=EDGE_LOOP('',(#21297,#21298,#21299));
#21297=ORIENTED_EDGE('',*,*,#21300,.T.);
#21298=ORIENTED_EDGE('',*,*,#21301,.T.);
#21299=ORIENTED_EDGE('',*,*,#21302,.T.);
#21300=EDGE_CURVE('',#997,#955,#21303,.F.);
#21301=EDGE_CURVE('',#955,#999,#21304,.T.);
#21302=EDGE_CURVE('',#999,#997,#21305,.T.);
#21303=LINE('',#996,#21306);
#21304=LINE('',#954,#21307);
#21305=LINE('',#998,#21308);
#21306=VECTOR('',#21309,1.0);
#21307=VECTOR('',#21310,1.0);
#21308=VECTOR('',#21311,1.0);
#21309=DIRECTION('',(0.6236139118669913,0.7391498068785961,-0.254486250939579));
#21310=DIRECTION('',(-0.9550334178559147,0.28034346600795823,-0.09653347525648685));
#21311=DIRECTION('',(0.20896519522034462,-0.9246503011774829,0.3183635778774221));
#21312=FACE_SURFACE('',(#21317),#21313,.T.);
#21313=PLANE('',#21314);
#21314=AXIS2_PLACEMENT_3D('',#910,#21315,#21316);
#21315=DIRECTION('',(2.701252544591692E-05,0.32557518256625756,0.9455161552122054));
#21316=DIRECTION('',(-0.640592186770024,0.7260497832520519,-0.24998672462522276));
#21317=FACE_BOUND('',#21318,.T.);
#21318=EDGE_LOOP('',(#21319,#21320,#21321));
#21319=ORIENTED_EDGE('',*,*,#21322,.T.);
#21320=ORIENTED_EDGE('',*,*,#21323,.T.);
#21321=ORIENTED_EDGE('',*,*,#21324,.T.);
#21322=EDGE_CURVE('',#911,#953,#21325,.F.);
#21323=EDGE_CURVE('',#953,#1001,#21326,.T.);
#21324=EDGE_CURVE('',#1001,#911,#21327,.T.);
#21325=LINE('',#910,#21328);
#21326=LINE('',#952,#21329);
#21327=LINE('',#1000,#21330);
#21328=VECTOR('',#21331,1.0);
#21329=VECTOR('',#21332,1.0);
#21330=VECTOR('',#21333,1.0);
#21331=DIRECTION('',(-0.640592186770024,0.7260497832520519,-0.24998672462522276));
#21332=DIRECTION('',(-0.18393333048971278,-0.9293828233285164,0.32002515156918154));
#21333=DIRECTION('',(0.9984097483162099,-0.05331085438209691,0.018328318859441552));
#21334=FACE_SURFACE('',(#21339),#21335,.T.);
#21335=PLANE('',#21336);
#21336=AXIS2_PLACEMENT_3D('',#948,#21337,#21338);
#21337=DIRECTION('',(-7.771485187246288E-06,0.32559064944789373,0.9455108296215876));
#21338=DIRECTION('',(-0.4895805614241971,-0.824447035910844,0.28389779649266633));
#21339=FACE_BOUND('',#21340,.T.);
#21340=EDGE_LOOP('',(#21341,#21342,#21343));
#21341=ORIENTED_EDGE('',*,*,#21344,.T.);
#21342=ORIENTED_EDGE('',*,*,#21345,.T.);
#21343=ORIENTED_EDGE('',*,*,#21346,.T.);
#21344=EDGE_CURVE('',#949,#1003,#21347,.F.);
#21345=EDGE_CURVE('',#1003,#953,#21348,.T.);
#21346=EDGE_CURVE('',#953,#949,#21349,.T.);
#21347=LINE('',#948,#21350);
#21348=LINE('',#1002,#21351);
#21349=LINE('',#952,#21352);
#21350=VECTOR('',#21353,1.0);
#21351=VECTOR('',#21354,1.0);
#21352=VECTOR('',#21355,1.0);
#21353=DIRECTION('',(-0.4895805614241971,-0.824447035910844,0.28389779649266633));
#21354=DIRECTION('',(0.8930147702223902,0.4255079972685741,-0.14651813684707676));
#21355=DIRECTION('',(-0.8635722493375342,0.4767481250092903,-0.16417732935529786));
#21356=FACE_SURFACE('',(#21361),#21357,.T.);
#21357=PLANE('',#21358);
#21358=AXIS2_PLACEMENT_3D('',#948,#21359,#21360);
#21359=DIRECTION('',(2.3916895524245036E-05,0.3255738266355537,0.9455166221901465));
#21360=DIRECTION('',(-0.9467452499088972,0.30444820712025106,-0.10480801952238417));
#21361=FACE_BOUND('',#21362,.T.);
#21362=EDGE_LOOP('',(#21363,#21364,#21365));
#21363=ORIENTED_EDGE('',*,*,#21366,.T.);
#21364=ORIENTED_EDGE('',*,*,#21367,.T.);
#21365=ORIENTED_EDGE('',*,*,#21368,.T.);
#21366=EDGE_CURVE('',#949,#951,#21369,.F.);
#21367=EDGE_CURVE('',#951,#1003,#21370,.T.);
#21368=EDGE_CURVE('',#1003,#949,#21371,.T.);
#21369=LINE('',#948,#21372);
#21370=LINE('',#950,#21373);
#21371=LINE('',#1002,#21374);
#21372=VECTOR('',#21375,1.0);
#21373=VECTOR('',#21376,1.0);
#21374=VECTOR('',#21377,1.0);
#21375=DIRECTION('',(-0.9467452499088972,0.30444820712025106,-0.10480801952238417));
#21376=DIRECTION('',(0.1396927403682019,-0.9362468243574446,0.32237838353249204));
#21377=DIRECTION('',(0.4895805614241971,0.824447035910844,-0.28389779649266633));
#21378=FACE_SURFACE('',(#21383),#21379,.T.);
#21379=PLANE('',#21380);
#21380=AXIS2_PLACEMENT_3D('',#946,#21381,#21382);
#21381=DIRECTION('',(-8.926197303273277E-06,0.3255610331284557,0.9455210275973007));
#21382=DIRECTION('',(-0.002938642447945192,-0.9455169535860322,0.3255596026259281));
#21383=FACE_BOUND('',#21384,.T.);
#21384=EDGE_LOOP('',(#21385,#21386,#21387));
#21385=ORIENTED_EDGE('',*,*,#21388,.T.);
#21386=ORIENTED_EDGE('',*,*,#21389,.T.);
#21387=ORIENTED_EDGE('',*,*,#21390,.T.);
#21388=EDGE_CURVE('',#947,#1005,#21391,.F.);
#21389=EDGE_CURVE('',#1005,#951,#21392,.T.);
#21390=EDGE_CURVE('',#951,#947,#21393,.T.);
#21391=LINE('',#946,#21394);
#21392=LINE('',#1004,#21395);
#21393=LINE('',#950,#21396);
#21394=VECTOR('',#21397,1.0);
#21395=VECTOR('',#21398,1.0);
#21396=VECTOR('',#21399,1.0);
#21397=DIRECTION('',(-0.002938642447945192,-0.9455169535860322,0.3255596026259281));
#21398=DIRECTION('',(0.7972159553922679,0.5708079031689454,-0.19653258800480292));
#21399=DIRECTION('',(-0.9957681961676393,0.08689094872730548,-0.029927621527855));
#21400=FACE_SURFACE('',(#21405),#21401,.T.);
#21401=PLANE('',#21402);
#21402=AXIS2_PLACEMENT_3D('',#998,#21403,#21404);
#21403=DIRECTION('',(2.5932772421015826E-05,0.32555710132468857,0.9455223810701457));
#21404=DIRECTION('',(0.9150520191022491,0.38135534079953515,-0.13133128485082138));
#21405=FACE_BOUND('',#21406,.T.);
#21406=EDGE_LOOP('',(#21407,#21408,#21409));
#21407=ORIENTED_EDGE('',*,*,#21410,.T.);
#21408=ORIENTED_EDGE('',*,*,#21411,.T.);
#21409=ORIENTED_EDGE('',*,*,#21412,.T.);
#21410=EDGE_CURVE('',#999,#911,#21413,.F.);
#21411=EDGE_CURVE('',#911,#1001,#21414,.T.);
#21412=EDGE_CURVE('',#1001,#999,#21415,.T.);
#21413=LINE('',#998,#21416);
#21414=LINE('',#910,#21417);
#21415=LINE('',#1000,#21418);
#21416=VECTOR('',#21419,1.0);
#21417=VECTOR('',#21420,1.0);
#21418=VECTOR('',#21421,1.0);
#21419=DIRECTION('',(0.9150520191022491,0.38135534079953515,-0.13133128485082138));
#21420=DIRECTION('',(-0.9984097483162099,0.05331085438209691,-0.018328318859441552));
#21421=DIRECTION('',(0.5028351834587318,-0.8172970655613223,0.2813934698973578));
#21422=FACE_SURFACE('',(#21427),#21423,.T.);
#21423=PLANE('',#21424);
#21424=AXIS2_PLACEMENT_3D('',#910,#21425,#21426);
#21425=DIRECTION('',(6.566895081257255E-06,0.325598643165994,0.9455080769223178));
#21426=DIRECTION('',(-0.9150520191022491,-0.38135534079953515,0.13133128485082138));
#21427=FACE_BOUND('',#21428,.T.);
#21428=EDGE_LOOP('',(#21429,#21430,#21431));
#21429=ORIENTED_EDGE('',*,*,#21432,.T.);
#21430=ORIENTED_EDGE('',*,*,#21433,.T.);
#21431=ORIENTED_EDGE('',*,*,#21434,.T.);
#21432=EDGE_CURVE('',#911,#999,#21435,.F.);
#21433=EDGE_CURVE('',#999,#955,#21436,.T.);
#21434=EDGE_CURVE('',#955,#911,#21437,.T.);
#21435=LINE('',#910,#21438);
#21436=LINE('',#998,#21439);
#21437=LINE('',#954,#21440);
#21438=VECTOR('',#21441,1.0);
#21439=VECTOR('',#21442,1.0);
#21440=VECTOR('',#21443,1.0);
#21441=DIRECTION('',(-0.9150520191022491,-0.38135534079953515,0.13133128485082138));
#21442=DIRECTION('',(0.9550334178559147,-0.28034346600795823,0.09653347525648685));
#21443=DIRECTION('',(-0.3334106539361624,0.8914084260270961,-0.306966372506429));
#21444=FACE_SURFACE('',(#21449),#21445,.T.);
#21445=PLANE('',#21446);
#21446=AXIS2_PLACEMENT_3D('',#864,#21447,#21448);
#21447=DIRECTION('',(-2.186389574076895E-06,0.3255020458509079,0.9455413360303679));
#21448=DIRECTION('',(0.9566743976177082,0.27530441722563476,-0.09477117071582929));
#21449=FACE_BOUND('',#21450,.T.);
#21450=EDGE_LOOP('',(#21451,#21452,#21453));
#21451=ORIENTED_EDGE('',*,*,#21454,.T.);
#21452=ORIENTED_EDGE('',*,*,#21455,.T.);
#21453=ORIENTED_EDGE('',*,*,#21456,.T.);
#21454=EDGE_CURVE('',#865,#989,#21457,.F.);
#21455=EDGE_CURVE('',#989,#933,#21458,.T.);
#21456=EDGE_CURVE('',#933,#865,#21459,.T.);
#21457=LINE('',#864,#21460);
#21458=LINE('',#988,#21461);
#21459=LINE('',#932,#21462);
#21460=VECTOR('',#21463,1.0);
#21461=VECTOR('',#21464,1.0);
#21462=VECTOR('',#21465,1.0);
#21463=DIRECTION('',(0.9566743976177082,0.27530441722563476,-0.09477117071582929));
#21464=DIRECTION('',(-0.9966688201982725,-0.07711459275285264,0.02654434834659597));
#21465=DIRECTION('',(-0.020390154871173592,-0.9453447717254172,0.32543433155668827));
#21466=FACE_SURFACE('',(#21471),#21467,.T.);
#21467=PLANE('',#21468);
#21468=AXIS2_PLACEMENT_3D('',#932,#21469,#21470);
#21469=DIRECTION('',(-9.119428221604281E-06,0.32558215766297277,0.9455137537489126));
#21470=DIRECTION('',(0.9966688201982725,0.07711459275285264,-0.02654434834659597));
#21471=FACE_BOUND('',#21472,.T.);
#21472=EDGE_LOOP('',(#21473,#21474,#21475));
#21473=ORIENTED_EDGE('',*,*,#21476,.T.);
#21474=ORIENTED_EDGE('',*,*,#21477,.T.);
#21475=ORIENTED_EDGE('',*,*,#21478,.T.);
#21476=EDGE_CURVE('',#933,#989,#21479,.F.);
#21477=EDGE_CURVE('',#989,#919,#21480,.T.);
#21478=EDGE_CURVE('',#919,#933,#21481,.T.);
#21479=LINE('',#932,#21482);
#21480=LINE('',#988,#21483);
#21481=LINE('',#918,#21484);
#21482=VECTOR('',#21485,1.0);
#21483=VECTOR('',#21486,1.0);
#21484=VECTOR('',#21487,1.0);
#21485=DIRECTION('',(0.9966688201982725,0.07711459275285264,-0.02654434834659597));
#21486=DIRECTION('',(-0.5266822149990072,0.8037439937901759,-0.2767696458247493));
#21487=DIRECTION('',(-0.17520748868904581,-0.9308886239896856,0.32054438949054703));
#21488=FACE_SURFACE('',(#21493),#21489,.T.);
#21489=PLANE('',#21490);
#21490=AXIS2_PLACEMENT_3D('',#942,#21491,#21492);
#21491=DIRECTION('',(-1.420134521709158E-05,0.3255488700888358,0.9455252154132135));
#21492=DIRECTION('',(0.9898472730721907,-0.1343877086497945,0.04628520017679242));
#21493=FACE_BOUND('',#21494,.T.);
#21494=EDGE_LOOP('',(#21495,#21496,#21497));
#21495=ORIENTED_EDGE('',*,*,#21498,.T.);
#21496=ORIENTED_EDGE('',*,*,#21499,.T.);
#21497=ORIENTED_EDGE('',*,*,#21500,.T.);
#21498=EDGE_CURVE('',#943,#1007,#21501,.F.);
#21499=EDGE_CURVE('',#1007,#939,#21502,.T.);
#21500=EDGE_CURVE('',#939,#943,#21503,.T.);
#21501=LINE('',#942,#21504);
#21502=LINE('',#1006,#21505);
#21503=LINE('',#938,#21506);
#21504=VECTOR('',#21507,1.0);
#21505=VECTOR('',#21508,1.0);
#21506=VECTOR('',#21509,1.0);
#21507=DIRECTION('',(0.9898472730721907,-0.1343877086497945,0.04628520017679242));
#21508=DIRECTION('',(-0.3391362638801439,0.8894892336712595,-0.30626050627583845));
#21509=DIRECTION('',(-0.6917894703173558,-0.6827662484636005,0.2350693061991997));
#21510=FACE_SURFACE('',(#21515),#21511,.T.);
#21511=PLANE('',#21512);
#21512=AXIS2_PLACEMENT_3D('',#978,#21513,#21514);
#21513=DIRECTION('',(-4.04210936071055E-05,0.32562083053785457,0.9455004352648247));
#21514=DIRECTION('',(0.8835301018217442,0.44285980753867926,-0.1524786871718876));
#21515=FACE_BOUND('',#21516,.T.);
#21516=EDGE_LOOP('',(#21517,#21518,#21519));
#21517=ORIENTED_EDGE('',*,*,#21520,.T.);
#21518=ORIENTED_EDGE('',*,*,#21521,.T.);
#21519=ORIENTED_EDGE('',*,*,#21522,.T.);
#21520=EDGE_CURVE('',#979,#989,#21523,.F.);
#21521=EDGE_CURVE('',#989,#865,#21524,.T.);
#21522=EDGE_CURVE('',#865,#979,#21525,.T.);
#21523=LINE('',#978,#21526);
#21524=LINE('',#988,#21527);
#21525=LINE('',#864,#21528);
#21526=VECTOR('',#21529,1.0);
#21527=VECTOR('',#21530,1.0);
#21528=VECTOR('',#21531,1.0);
#21529=DIRECTION('',(0.8835301018217442,0.44285980753867926,-0.1524786871718876));
#21530=DIRECTION('',(-0.9566743976177082,-0.27530441722563476,0.09477117071582929));
#21531=DIRECTION('',(0.02034713731048255,-0.9453044265420377,0.3255541969677208));
#21532=FACE_SURFACE('',(#21537),#21533,.T.);
#21533=PLANE('',#21534);
#21534=AXIS2_PLACEMENT_3D('',#986,#21535,#21536);
#21535=DIRECTION('',(-1.9503828685447475E-05,0.32554706264231204,0.9455258376292861));
#21536=DIRECTION('',(-0.8887911977703243,0.4333405215950254,-0.14921862856139503));
#21537=FACE_BOUND('',#21538,.T.);
#21538=EDGE_LOOP('',(#21539,#21540,#21541));
#21539=ORIENTED_EDGE('',*,*,#21542,.T.);
#21540=ORIENTED_EDGE('',*,*,#21543,.T.);
#21541=ORIENTED_EDGE('',*,*,#21544,.T.);
#21542=EDGE_CURVE('',#987,#939,#21545,.F.);
#21543=EDGE_CURVE('',#939,#1007,#21546,.T.);
#21544=EDGE_CURVE('',#1007,#987,#21547,.T.);
#21545=LINE('',#986,#21548);
#21546=LINE('',#938,#21549);
#21547=LINE('',#1006,#21550);
#21548=VECTOR('',#21551,1.0);
#21549=VECTOR('',#21552,1.0);
#21550=VECTOR('',#21553,1.0);
#21551=DIRECTION('',(-0.8887911977703243,0.4333405215950254,-0.14921862856139503));
#21552=DIRECTION('',(0.3391362638801439,-0.8894892336712595,0.30626050627583845));
#21553=DIRECTION('',(0.7868381534090635,0.5835451509514189,-0.20089991822024447));
#21554=FACE_SURFACE('',(#21559),#21555,.T.);
#21555=PLANE('',#21556);
#21556=AXIS2_PLACEMENT_3D('',#978,#21557,#21558);
#21557=DIRECTION('',(3.0022516860550473E-06,0.3255694855011323,0.945518117278307));
#21558=DIRECTION('',(0.2176923464666088,-0.9228423846519138,0.31776087767349703));
#21559=FACE_BOUND('',#21560,.T.);
#21560=EDGE_LOOP('',(#21561,#21562,#21563));
#21561=ORIENTED_EDGE('',*,*,#21564,.T.);
#21562=ORIENTED_EDGE('',*,*,#21565,.T.);
#21563=ORIENTED_EDGE('',*,*,#21566,.T.);
#21564=EDGE_CURVE('',#979,#977,#21567,.F.);
#21565=EDGE_CURVE('',#977,#991,#21568,.T.);
#21566=EDGE_CURVE('',#991,#979,#21569,.T.);
#21567=LINE('',#978,#21570);
#21568=LINE('',#976,#21571);
#21569=LINE('',#990,#21572);
#21570=VECTOR('',#21573,1.0);
#21571=VECTOR('',#21574,1.0);
#21572=VECTOR('',#21575,1.0);
#21573=DIRECTION('',(0.2176923464666088,-0.9228423846519138,0.31776087767349703));
#21574=DIRECTION('',(0.4868013199958074,0.825921628157465,-0.2843904692356299));
#21575=DIRECTION('',(-0.9291935134459635,0.3494583343902325,-0.12032575408095612));
#21576=FACE_SURFACE('',(#21581),#21577,.T.);
#21577=PLANE('',#21578);
#21578=AXIS2_PLACEMENT_3D('',#940,#21579,#21580);
#21579=DIRECTION('',(3.64968211261765E-06,0.3255895173345037,0.9455112194937535));
#21580=DIRECTION('',(-0.8743657520279743,-0.45882481219938986,0.15800102338513358));
#21581=FACE_BOUND('',#21582,.T.);
#21582=EDGE_LOOP('',(#21583,#21584,#21585));
#21583=ORIENTED_EDGE('',*,*,#21586,.T.);
#21584=ORIENTED_EDGE('',*,*,#21587,.T.);
#21585=ORIENTED_EDGE('',*,*,#21588,.T.);
#21586=EDGE_CURVE('',#941,#939,#21589,.F.);
#21587=EDGE_CURVE('',#939,#987,#21590,.T.);
#21588=EDGE_CURVE('',#987,#941,#21591,.T.);
#21589=LINE('',#940,#21592);
#21590=LINE('',#938,#21593);
#21591=LINE('',#986,#21594);
#21592=VECTOR('',#21595,1.0);
#21593=VECTOR('',#21596,1.0);
#21594=VECTOR('',#21597,1.0);
#21595=DIRECTION('',(-0.8743657520279743,-0.45882481219938986,0.15800102338513358));
#21596=DIRECTION('',(0.8887911977703243,-0.4333405215950254,0.14921862856139503));
#21597=DIRECTION('',(-0.20448623363842638,0.9255322807846648,-0.31870892280873986));
#21598=FACE_SURFACE('',(#21603),#21599,.T.);
#21599=PLANE('',#21600);
#21600=AXIS2_PLACEMENT_3D('',#1008,#21601,#21602);
#21601=DIRECTION('',(2.101967144691286E-05,0.32552491291339636,0.9455334635172354));
#21602=DIRECTION('',(-0.375252503286331,0.8764389309092432,-0.3017289498274986));
#21603=FACE_BOUND('',#21604,.T.);
#21604=EDGE_LOOP('',(#21605,#21606,#21607));
#21605=ORIENTED_EDGE('',*,*,#21608,.T.);
#21606=ORIENTED_EDGE('',*,*,#21609,.T.);
#21607=ORIENTED_EDGE('',*,*,#21610,.T.);
#21608=EDGE_CURVE('',#1009,#1011,#21611,.F.);
#21609=EDGE_CURVE('',#1011,#977,#21612,.T.);
#21610=EDGE_CURVE('',#977,#1009,#21613,.T.);
#21611=LINE('',#1008,#21614);
#21612=LINE('',#1010,#21615);
#21613=LINE('',#976,#21616);
#21614=VECTOR('',#21617,1.0);
#21615=VECTOR('',#21618,1.0);
#21616=VECTOR('',#21619,1.0);
#21617=DIRECTION('',(-0.375252503286331,0.8764389309092432,-0.3017289498274986));
#21618=DIRECTION('',(-0.7919279444021311,-0.5773510732455085,0.1987859881814483));
#21619=DIRECTION('',(0.9938751826660349,0.10448265119635135,-0.03599301153748279));
#21620=FACE_SURFACE('',(#21625),#21621,.T.);
#21621=PLANE('',#21622);
#21622=AXIS2_PLACEMENT_3D('',#974,#21623,#21624);
#21623=DIRECTION('',(1.496765595189726E-05,0.32557637761542885,0.9455157439803871));
#21624=DIRECTION('',(0.27978880650797344,0.907751969014342,-0.3125773288378877));
#21625=FACE_BOUND('',#21626,.T.);
#21626=EDGE_LOOP('',(#21627,#21628,#21629));
#21627=ORIENTED_EDGE('',*,*,#21630,.T.);
#21628=ORIENTED_EDGE('',*,*,#21631,.T.);
#21629=ORIENTED_EDGE('',*,*,#21632,.T.);
#21630=EDGE_CURVE('',#975,#1009,#21633,.F.);
#21631=EDGE_CURVE('',#1009,#977,#21634,.T.);
#21632=EDGE_CURVE('',#977,#975,#21635,.T.);
#21633=LINE('',#974,#21636);
#21634=LINE('',#1008,#21637);
#21635=LINE('',#976,#21638);
#21636=VECTOR('',#21639,1.0);
#21637=VECTOR('',#21640,1.0);
#21638=VECTOR('',#21641,1.0);
#21639=DIRECTION('',(0.27978880650797344,0.907751969014342,-0.3125773288378877));
#21640=DIRECTION('',(-0.9938751826660349,-0.10448265119635135,0.03599301153748279));
#21641=DIRECTION('',(0.5645625459590705,-0.7804222658489447,0.268719591149234));
#21642=FACE_SURFACE('',(#21647),#21643,.T.);
#21643=PLANE('',#21644);
#21644=AXIS2_PLACEMENT_3D('',#970,#21645,#21646);
#21645=DIRECTION('',(1.0553174065885675E-05,0.3255503508915515,0.9455247056121898));
#21646=DIRECTION('',(0.9943014321441109,-0.10080123646970379,0.034695428551162776));
#21647=FACE_BOUND('',#21648,.T.);
#21648=EDGE_LOOP('',(#21649,#21650,#21651));
#21649=ORIENTED_EDGE('',*,*,#21652,.T.);
#21650=ORIENTED_EDGE('',*,*,#21653,.T.);
#21651=ORIENTED_EDGE('',*,*,#21654,.T.);
#21652=EDGE_CURVE('',#971,#969,#21655,.F.);
#21653=EDGE_CURVE('',#969,#985,#21656,.T.);
#21654=EDGE_CURVE('',#985,#971,#21657,.T.);
#21655=LINE('',#970,#21658);
#21656=LINE('',#968,#21659);
#21657=LINE('',#984,#21660);
#21658=VECTOR('',#21661,1.0);
#21659=VECTOR('',#21662,1.0);
#21660=VECTOR('',#21663,1.0);
#21661=DIRECTION('',(0.9943014321441109,-0.10080123646970379,0.034695428551162776));
#21662=DIRECTION('',(-0.09435688587258491,0.9413065111021035,-0.3240969457511341));
#21663=DIRECTION('',(-0.8253711227378772,-0.5338314951604235,0.18381089338013382));
#21664=FACE_SURFACE('',(#21669),#21665,.T.);
#21665=PLANE('',#21666);
#21666=AXIS2_PLACEMENT_3D('',#968,#21667,#21668);
#21667=DIRECTION('',(7.758871327207783E-07,0.3255481281510482,0.9455254709719598));
#21668=DIRECTION('',(0.9824322951272422,0.1764531100131974,-0.06075430402604935));
#21669=FACE_BOUND('',#21670,.T.);
#21670=EDGE_LOOP('',(#21671,#21672,#21673));
#21671=ORIENTED_EDGE('',*,*,#21674,.T.);
#21672=ORIENTED_EDGE('',*,*,#21675,.T.);
#21673=ORIENTED_EDGE('',*,*,#21676,.T.);
#21674=EDGE_CURVE('',#969,#965,#21677,.F.);
#21675=EDGE_CURVE('',#965,#995,#21678,.T.);
#21676=EDGE_CURVE('',#995,#969,#21679,.T.);
#21677=LINE('',#968,#21680);
#21678=LINE('',#964,#21681);
#21679=LINE('',#994,#21682);
#21680=VECTOR('',#21683,1.0);
#21681=VECTOR('',#21684,1.0);
#21682=VECTOR('',#21685,1.0);
#21683=DIRECTION('',(0.9824322951272422,0.1764531100131974,-0.06075430402604935));
#21684=DIRECTION('',(-0.576245555864048,0.7727559983490004,-0.2660624482383298));
#21685=DIRECTION('',(-0.53364858847087,-0.7996367341519461,0.27531850177177997));
#21686=FACE_SURFACE('',(#21691),#21687,.T.);
#21687=PLANE('',#21688);
#21688=AXIS2_PLACEMENT_3D('',#994,#21689,#21690);
#21689=DIRECTION('',(-1.1862949795367788E-06,0.3255492988579838,0.9455250678917339));
#21690=DIRECTION('',(-0.9846809506174576,-0.1648675969445794,0.05676355317296135));
#21691=FACE_BOUND('',#21692,.T.);
#21692=EDGE_LOOP('',(#21693,#21694,#21695));
#21693=ORIENTED_EDGE('',*,*,#21696,.T.);
#21694=ORIENTED_EDGE('',*,*,#21697,.T.);
#21695=ORIENTED_EDGE('',*,*,#21698,.T.);
#21696=EDGE_CURVE('',#995,#985,#21699,.F.);
#21697=EDGE_CURVE('',#985,#969,#21700,.T.);
#21698=EDGE_CURVE('',#969,#995,#21701,.T.);
#21699=LINE('',#994,#21702);
#21700=LINE('',#984,#21703);
#21701=LINE('',#968,#21704);
#21702=VECTOR('',#21705,1.0);
#21703=VECTOR('',#21706,1.0);
#21704=VECTOR('',#21707,1.0);
#21705=DIRECTION('',(-0.9846809506174576,-0.1648675969445794,0.05676355317296135));
#21706=DIRECTION('',(0.09435688587258491,-0.9413065111021035,0.3240969457511341));
#21707=DIRECTION('',(0.53364858847087,0.7996367341519461,-0.27531850177177997));
#21708=FACE_SURFACE('',(#21713),#21709,.T.);
#21709=PLANE('',#21710);
#21710=AXIS2_PLACEMENT_3D('',#970,#21711,#21712);
#21711=DIRECTION('',(-7.6269356031922835E-06,0.3255927125021363,0.945510119198801));
#21712=DIRECTION('',(-0.050334576445351366,0.9443114767777412,-0.32518035801676054));
#21713=FACE_BOUND('',#21714,.T.);
#21714=EDGE_LOOP('',(#21715,#21716,#21717));
#21715=ORIENTED_EDGE('',*,*,#21718,.T.);
#21716=ORIENTED_EDGE('',*,*,#21719,.T.);
#21717=ORIENTED_EDGE('',*,*,#21720,.T.);
#21718=EDGE_CURVE('',#971,#983,#21721,.F.);
#21719=EDGE_CURVE('',#983,#973,#21722,.T.);
#21720=EDGE_CURVE('',#973,#971,#21723,.T.);
#21721=LINE('',#970,#21724);
#21722=LINE('',#982,#21725);
#21723=LINE('',#972,#21726);
#21724=VECTOR('',#21727,1.0);
#21725=VECTOR('',#21728,1.0);
#21726=VECTOR('',#21729,1.0);
#21727=DIRECTION('',(-0.050334576445351366,0.9443114767777412,-0.32518035801676054));
#21728=DIRECTION('',(-0.7373261013533843,-0.6387288877019158,0.2199446027482657));
#21729=DIRECTION('',(0.9272894179966369,-0.35394488012570585,0.12189075889606277));
#21730=FACE_SURFACE('',(#21735),#21731,.T.);
#21731=PLANE('',#21732);
#21732=AXIS2_PLACEMENT_3D('',#982,#21733,#21734);
#21733=DIRECTION('',(1.1309420734823012E-05,0.3255731702382995,0.9455168484448494));
#21734=DIRECTION('',(-0.7730330438906633,0.5998063571950929,-0.20652420420253031));
#21735=FACE_BOUND('',#21736,.T.);
#21736=EDGE_LOOP('',(#21737,#21738,#21739));
#21737=ORIENTED_EDGE('',*,*,#21740,.T.);
#21738=ORIENTED_EDGE('',*,*,#21741,.T.);
#21739=ORIENTED_EDGE('',*,*,#21742,.T.);
#21740=EDGE_CURVE('',#983,#1013,#21743,.F.);
#21741=EDGE_CURVE('',#1013,#973,#21744,.T.);
#21742=EDGE_CURVE('',#973,#983,#21745,.T.);
#21743=LINE('',#982,#21746);
#21744=LINE('',#1012,#21747);
#21745=LINE('',#972,#21748);
#21746=VECTOR('',#21749,1.0);
#21747=VECTOR('',#21750,1.0);
#21748=VECTOR('',#21751,1.0);
#21749=DIRECTION('',(-0.7730330438906633,0.5998063571950929,-0.20652420420253031));
#21750=DIRECTION('',(-0.039678399035024896,-0.9447721100155545,0.3253172064105654));
#21751=DIRECTION('',(0.7373261013533843,0.6387288877019158,-0.2199446027482657));
#21752=FACE_SURFACE('',(#21757),#21753,.T.);
#21753=PLANE('',#21754);
#21754=AXIS2_PLACEMENT_3D('',#974,#21755,#21756);
#21755=DIRECTION('',(1.713016261618344E-05,0.3255729516648236,0.9455169236194622));
#21756=DIRECTION('',(0.7809364205634619,-0.5905841767001424,0.20334364329612772));
#21757=FACE_BOUND('',#21758,.T.);
#21758=EDGE_LOOP('',(#21759,#21760,#21761));
#21759=ORIENTED_EDGE('',*,*,#21762,.T.);
#21760=ORIENTED_EDGE('',*,*,#21763,.T.);
#21761=ORIENTED_EDGE('',*,*,#21764,.T.);
#21762=EDGE_CURVE('',#975,#973,#21765,.F.);
#21763=EDGE_CURVE('',#973,#1013,#21766,.T.);
#21764=EDGE_CURVE('',#1013,#975,#21767,.T.);
#21765=LINE('',#974,#21768);
#21766=LINE('',#972,#21769);
#21767=LINE('',#1012,#21770);
#21768=VECTOR('',#21771,1.0);
#21769=VECTOR('',#21772,1.0);
#21770=VECTOR('',#21773,1.0);
#21771=DIRECTION('',(0.7809364205634619,-0.5905841767001424,0.20334364329612772));
#21772=DIRECTION('',(0.039678399035024896,0.9447721100155545,-0.3253172064105654));
#21773=DIRECTION('',(-0.6585680016832505,-0.711517876388376,0.2450112216587351));
#21774=FACE_SURFACE('',(#21779),#21775,.T.);
#21775=PLANE('',#21776);
#21776=AXIS2_PLACEMENT_3D('',#1008,#21777,#21778);
#21777=DIRECTION('',(1.2002474709721127E-05,0.32557719468326096,0.9455154626753169));
#21778=DIRECTION('',(-0.27978880650797344,-0.907751969014342,0.3125773288378877));
#21779=FACE_BOUND('',#21780,.T.);
#21780=EDGE_LOOP('',(#21781,#21782,#21783));
#21781=ORIENTED_EDGE('',*,*,#21784,.T.);
#21782=ORIENTED_EDGE('',*,*,#21785,.T.);
#21783=ORIENTED_EDGE('',*,*,#21786,.T.);
#21784=EDGE_CURVE('',#1009,#975,#21787,.F.);
#21785=EDGE_CURVE('',#975,#1013,#21788,.T.);
#21786=EDGE_CURVE('',#1013,#1009,#21789,.T.);
#21787=LINE('',#1008,#21790);
#21788=LINE('',#974,#21791);
#21789=LINE('',#1012,#21792);
#21790=VECTOR('',#21793,1.0);
#21791=VECTOR('',#21794,1.0);
#21792=VECTOR('',#21795,1.0);
#21793=DIRECTION('',(-0.27978880650797344,-0.907751969014342,0.3125773288378877));
#21794=DIRECTION('',(0.6585680016832505,0.711517876388376,-0.2450112216587351));
#21795=DIRECTION('',(-0.539088551473749,0.796361646947884,-0.2742109788837582));
#21796=FACE_SURFACE('',(#21801),#21797,.T.);
#21797=PLANE('',#21798);
#21798=AXIS2_PLACEMENT_3D('',#1010,#21799,#21800);
#21799=DIRECTION('',(-2.9138897213584834E-05,0.3255864214260041,0.9455122851311522));
#21800=DIRECTION('',(-0.19988347979496615,0.9264296434739415,-0.31902148861448326));
#21801=FACE_BOUND('',#21802,.T.);
#21802=EDGE_LOOP('',(#21803,#21804,#21805));
#21803=ORIENTED_EDGE('',*,*,#21806,.T.);
#21804=ORIENTED_EDGE('',*,*,#21807,.T.);
#21805=ORIENTED_EDGE('',*,*,#21808,.T.);
#21806=EDGE_CURVE('',#1011,#991,#21809,.F.);
#21807=EDGE_CURVE('',#991,#977,#21810,.T.);
#21808=EDGE_CURVE('',#977,#1011,#21811,.T.);
#21809=LINE('',#1010,#21812);
#21810=LINE('',#990,#21813);
#21811=LINE('',#976,#21814);
#21812=VECTOR('',#21815,1.0);
#21813=VECTOR('',#21816,1.0);
#21814=VECTOR('',#21817,1.0);
#21815=DIRECTION('',(-0.19988347979496615,0.9264296434739415,-0.31902148861448326));
#21816=DIRECTION('',(-0.4868013199958074,-0.825921628157465,0.2843904692356299));
#21817=DIRECTION('',(0.7919279444021311,0.5773510732455085,-0.1987859881814483));
#21818=FACE_SURFACE('',(#21823),#21819,.T.);
#21819=PLANE('',#21820);
#21820=AXIS2_PLACEMENT_3D('',#1014,#21821,#21822);
#21821=DIRECTION('',(1.8861677926173146E-05,0.3255985495207016,0.9455081090050218));
#21822=DIRECTION('',(-0.9396808923594137,0.3234190555134926,-0.11135499569115191));
#21823=FACE_BOUND('',#21824,.T.);
#21824=EDGE_LOOP('',(#21825,#21826,#21827));
#21825=ORIENTED_EDGE('',*,*,#21828,.T.);
#21826=ORIENTED_EDGE('',*,*,#21829,.T.);
#21827=ORIENTED_EDGE('',*,*,#21830,.T.);
#21828=EDGE_CURVE('',#1015,#919,#21831,.F.);
#21829=EDGE_CURVE('',#919,#989,#21832,.T.);
#21830=EDGE_CURVE('',#989,#1015,#21833,.T.);
#21831=LINE('',#1014,#21834);
#21832=LINE('',#918,#21835);
#21833=LINE('',#988,#21836);
#21834=VECTOR('',#21837,1.0);
#21835=VECTOR('',#21838,1.0);
#21836=VECTOR('',#21839,1.0);
#21837=DIRECTION('',(-0.9396808923594137,0.3234190555134926,-0.11135499569115191));
#21838=DIRECTION('',(0.5266822149990072,-0.8037439937901759,0.2767696458247493));
#21839=DIRECTION('',(0.15008846004937204,0.9347970121734023,-0.3219130320314606));
#21840=FACE_SURFACE('',(#21845),#21841,.T.);
#21841=PLANE('',#21842);
#21842=AXIS2_PLACEMENT_3D('',#918,#21843,#21844);
#21843=DIRECTION('',(7.485034749214488E-06,0.3255689987499206,0.9455182848559558));
#21844=DIRECTION('',(0.9396808923594137,-0.3234190555134926,0.11135499569115191));
#21845=FACE_BOUND('',#21846,.T.);
#21846=EDGE_LOOP('',(#21847,#21848,#21849));
#21847=ORIENTED_EDGE('',*,*,#21850,.T.);
#21848=ORIENTED_EDGE('',*,*,#21851,.T.);
#21849=ORIENTED_EDGE('',*,*,#21852,.T.);
#21850=EDGE_CURVE('',#919,#1015,#21853,.F.);
#21851=EDGE_CURVE('',#1015,#943,#21854,.T.);
#21852=EDGE_CURVE('',#943,#919,#21855,.T.);
#21853=LINE('',#918,#21856);
#21854=LINE('',#1014,#21857);
#21855=LINE('',#942,#21858);
#21856=VECTOR('',#21859,1.0);
#21857=VECTOR('',#21860,1.0);
#21858=VECTOR('',#21861,1.0);
#21859=DIRECTION('',(0.9396808923594137,-0.3234190555134926,0.11135499569115191));
#21860=DIRECTION('',(-0.41569541993398,0.8599535669683096,-0.2961033274118904));
#21861=DIRECTION('',(-0.45664039673440876,-0.8411805182993082,0.28964613531678485));
#21862=FACE_SURFACE('',(#21867),#21863,.T.);
#21863=PLANE('',#21864);
#21864=AXIS2_PLACEMENT_3D('',#1006,#21865,#21866);
#21865=DIRECTION('',(-1.2453021426776637E-05,0.32556038236837326,0.9455212516263612));
#21866=DIRECTION('',(-0.9898472730721907,0.1343877086497945,-0.04628520017679242));
#21867=FACE_BOUND('',#21868,.T.);
#21868=EDGE_LOOP('',(#21869,#21870,#21871));
#21869=ORIENTED_EDGE('',*,*,#21872,.T.);
#21870=ORIENTED_EDGE('',*,*,#21873,.T.);
#21871=ORIENTED_EDGE('',*,*,#21874,.T.);
#21872=EDGE_CURVE('',#1007,#943,#21875,.F.);
#21873=EDGE_CURVE('',#943,#1015,#21876,.T.);
#21874=EDGE_CURVE('',#1015,#1007,#21877,.T.);
#21875=LINE('',#1006,#21878);
#21876=LINE('',#942,#21879);
#21877=LINE('',#1014,#21880);
#21878=VECTOR('',#21881,1.0);
#21879=VECTOR('',#21882,1.0);
#21880=VECTOR('',#21883,1.0);
#21881=DIRECTION('',(-0.9898472730721907,0.1343877086497945,-0.04628520017679242));
#21882=DIRECTION('',(0.41569541993398,-0.8599535669683096,0.2961033274118904));
#21883=DIRECTION('',(0.47416392392068546,0.8324734204987817,-0.2866296869048931));
#21884=FACE_SURFACE('',(#21889),#21885,.T.);
#21885=PLANE('',#21886);
#21886=AXIS2_PLACEMENT_3D('',#986,#21887,#21888);
#21887=DIRECTION('',(2.3988250029102346E-05,0.32557089711204296,0.9455176309187595));
#21888=DIRECTION('',(0.96979735849625,0.23061555961485813,-0.07943265774995527));
#21889=FACE_BOUND('',#21890,.T.);
#21890=EDGE_LOOP('',(#21891,#21892,#21893));
#21891=ORIENTED_EDGE('',*,*,#21894,.T.);
#21892=ORIENTED_EDGE('',*,*,#21895,.T.);
#21893=ORIENTED_EDGE('',*,*,#21896,.T.);
#21894=EDGE_CURVE('',#987,#1005,#21897,.F.);
#21895=EDGE_CURVE('',#1005,#945,#21898,.T.);
#21896=EDGE_CURVE('',#945,#987,#21899,.T.);
#21897=LINE('',#986,#21900);
#21898=LINE('',#1004,#21901);
#21899=LINE('',#944,#21902);
#21900=VECTOR('',#21903,1.0);
#21901=VECTOR('',#21904,1.0);
#21902=VECTOR('',#21905,1.0);
#21903=DIRECTION('',(0.96979735849625,0.23061555961485813,-0.07943265774995527));
#21904=DIRECTION('',(-0.6119638479913483,0.747801187681324,-0.25747549874507086));
#21905=DIRECTION('',(-0.27851238246712035,-0.908103817964095,0.31269523279308586));
#21906=FACE_SURFACE('',(#21911),#21907,.T.);
#21907=PLANE('',#21908);
#21908=AXIS2_PLACEMENT_3D('',#946,#21909,#21910);
#21909=DIRECTION('',(1.0432136124585294E-05,0.3255609793354144,0.9455210461038591));
#21910=DIRECTION('',(-0.995265122398702,-0.0918988142278813,0.031653500283632785));
#21911=FACE_BOUND('',#21912,.T.);
#21912=EDGE_LOOP('',(#21913,#21914,#21915));
#21913=ORIENTED_EDGE('',*,*,#21916,.T.);
#21914=ORIENTED_EDGE('',*,*,#21917,.T.);
#21915=ORIENTED_EDGE('',*,*,#21918,.T.);
#21916=EDGE_CURVE('',#947,#945,#21919,.F.);
#21917=EDGE_CURVE('',#945,#1005,#21920,.T.);
#21918=EDGE_CURVE('',#1005,#947,#21921,.T.);
#21919=LINE('',#946,#21922);
#21920=LINE('',#944,#21923);
#21921=LINE('',#1004,#21924);
#21922=VECTOR('',#21925,1.0);
#21923=VECTOR('',#21926,1.0);
#21924=VECTOR('',#21927,1.0);
#21925=DIRECTION('',(-0.995265122398702,-0.0918988142278813,0.031653500283632785));
#21926=DIRECTION('',(0.6119638479913483,-0.747801187681324,0.25747549874507086));
#21927=DIRECTION('',(0.002938642447945192,0.9455169535860322,-0.3255596026259281));
#21928=FACE_SURFACE('',(#21933),#21929,.T.);
#21929=PLANE('',#21930);
#21930=AXIS2_PLACEMENT_3D('',#1002,#21931,#21932);
#21931=DIRECTION('',(-1.5013466188587891E-05,0.32556863377750184,0.9455184104367544));
#21932=DIRECTION('',(-0.1396927403682019,0.9362468243574446,-0.32237838353249204));
#21933=FACE_BOUND('',#21934,.T.);
#21934=EDGE_LOOP('',(#21935,#21936,#21937));
#21935=ORIENTED_EDGE('',*,*,#21938,.T.);
#21936=ORIENTED_EDGE('',*,*,#21939,.T.);
#21937=ORIENTED_EDGE('',*,*,#21940,.T.);
#21938=EDGE_CURVE('',#1003,#951,#21941,.F.);
#21939=EDGE_CURVE('',#951,#1005,#21942,.T.);
#21940=EDGE_CURVE('',#1005,#1003,#21943,.T.);
#21941=LINE('',#1002,#21944);
#21942=LINE('',#950,#21945);
#21943=LINE('',#1004,#21946);
#21944=VECTOR('',#21947,1.0);
#21945=VECTOR('',#21948,1.0);
#21946=VECTOR('',#21949,1.0);
#21947=DIRECTION('',(-0.1396927403682019,0.9362468243574446,-0.32237838353249204));
#21948=DIRECTION('',(-0.7972159553922679,-0.5708079031689454,0.19653258800480292));
#21949=DIRECTION('',(0.9832434586267766,-0.17236063504710475,0.059364236319631405));
#21950=FACE_SURFACE('',(#21955),#21951,.T.);
#21951=PLANE('',#21952);
#21952=AXIS2_PLACEMENT_3D('',#1002,#21953,#21954);
#21953=DIRECTION('',(-2.291345125196905E-06,0.32558036743062874,0.9455143702443061));
#21954=DIRECTION('',(0.7544868951638473,-0.6205548060697883,0.21368494960971238));
#21955=FACE_BOUND('',#21956,.T.);
#21956=EDGE_LOOP('',(#21957,#21958,#21959));
#21957=ORIENTED_EDGE('',*,*,#21960,.T.);
#21958=ORIENTED_EDGE('',*,*,#21961,.T.);
#21959=ORIENTED_EDGE('',*,*,#21962,.T.);
#21960=EDGE_CURVE('',#1003,#1001,#21963,.F.);
#21961=EDGE_CURVE('',#1001,#953,#21964,.T.);
#21962=EDGE_CURVE('',#953,#1003,#21965,.T.);
#21963=LINE('',#1002,#21966);
#21964=LINE('',#1000,#21967);
#21965=LINE('',#952,#21968);
#21966=VECTOR('',#21969,1.0);
#21967=VECTOR('',#21970,1.0);
#21968=VECTOR('',#21971,1.0);
#21969=DIRECTION('',(0.7544868951638473,-0.6205548060697883,0.21368494960971238));
#21970=DIRECTION('',(0.18393333048971278,0.9293828233285164,-0.32002515156918154));
#21971=DIRECTION('',(-0.8930147702223902,-0.4255079972685741,0.14651813684707676));
#21972=FACE_SURFACE('',(#21977),#21973,.T.);
#21973=PLANE('',#21974);
#21974=AXIS2_PLACEMENT_3D('',#996,#21975,#21976);
#21975=DIRECTION('',(-9.31086818912534E-06,0.3255990181219049,0.9455079477779968));
#21976=DIRECTION('',(0.019229545368551808,-0.9453330605622018,0.32553898260119235));
#21977=FACE_BOUND('',#21978,.T.);
#21978=EDGE_LOOP('',(#21979,#21980,#21981));
#21979=ORIENTED_EDGE('',*,*,#21982,.T.);
#21980=ORIENTED_EDGE('',*,*,#21983,.T.);
#21981=ORIENTED_EDGE('',*,*,#21984,.T.);
#21982=EDGE_CURVE('',#997,#883,#21985,.F.);
#21983=EDGE_CURVE('',#883,#957,#21986,.T.);
#21984=EDGE_CURVE('',#957,#997,#21987,.T.);
#21985=LINE('',#996,#21988);
#21986=LINE('',#882,#21989);
#21987=LINE('',#956,#21990);
#21988=VECTOR('',#21991,1.0);
#21989=VECTOR('',#21992,1.0);
#21990=VECTOR('',#21993,1.0);
#21991=DIRECTION('',(0.019229545368551808,-0.9453330605622018,0.32553898260119235));
#21992=DIRECTION('',(0.9645565181584407,-0.24949425324349747,0.08592636892441873));
#21993=DIRECTION('',(-0.903365635760648,0.40549841364277855,-0.1396480027066279));
#21994=FACE_SURFACE('',(#21999),#21995,.T.);
#21995=PLANE('',#21996);
#21996=AXIS2_PLACEMENT_3D('',#962,#21997,#21998);
#21997=DIRECTION('',(3.102280047857311E-05,0.32557335040170887,0.9455167859672254));
#21998=DIRECTION('',(-0.3082085112932227,0.8994910345611186,-0.3097150178964267));
#21999=FACE_BOUND('',#22000,.T.);
#22000=EDGE_LOOP('',(#22001,#22002,#22003));
#22001=ORIENTED_EDGE('',*,*,#22004,.T.);
#22002=ORIENTED_EDGE('',*,*,#22005,.T.);
#22003=ORIENTED_EDGE('',*,*,#22006,.T.);
#22004=EDGE_CURVE('',#963,#883,#22007,.F.);
#22005=EDGE_CURVE('',#883,#993,#22008,.T.);
#22006=EDGE_CURVE('',#993,#963,#22009,.T.);
#22007=LINE('',#962,#22010);
#22008=LINE('',#882,#22011);
#22009=LINE('',#992,#22012);
#22010=VECTOR('',#22013,1.0);
#22011=VECTOR('',#22014,1.0);
#22012=VECTOR('',#22015,1.0);
#22013=DIRECTION('',(-0.3082085112932227,0.8994910345611186,-0.3097150178964267));
#22014=DIRECTION('',(-0.2293703111065146,-0.9203062659480311,0.31690004297836977));
#22015=DIRECTION('',(0.9958073903399015,-0.08650102378859396,0.02975254994047243));
#22016=FACE_SURFACE('',(#22021),#22017,.T.);
#22017=PLANE('',#22018);
#22018=AXIS2_PLACEMENT_3D('',#1016,#22019,#22020);
#22019=DIRECTION('',(0.26089378331521895,-0.8875688141299645,0.3796788564186847));
#22020=DIRECTION('',(-0.9653176487378212,-0.24385344448220922,0.0932595016577217));
#22021=FACE_BOUND('',#22022,.T.);
#22022=EDGE_LOOP('',(#22023,#22024,#22025));
#22023=ORIENTED_EDGE('',*,*,#22026,.T.);
#22024=ORIENTED_EDGE('',*,*,#22027,.T.);
#22025=ORIENTED_EDGE('',*,*,#22028,.T.);
#22026=EDGE_CURVE('',#1017,#1019,#22029,.F.);
#22027=EDGE_CURVE('',#1019,#995,#22030,.T.);
#22028=EDGE_CURVE('',#995,#1017,#22031,.T.);
#22029=LINE('',#1016,#22032);
#22030=LINE('',#1018,#22033);
#22031=LINE('',#994,#22034);
#22032=VECTOR('',#22035,1.0);
#22033=VECTOR('',#22036,1.0);
#22034=VECTOR('',#22037,1.0);
#22035=DIRECTION('',(-0.9653176487378212,-0.24385344448220922,0.0932595016577217));
#22036=DIRECTION('',(0.7154118048686849,-0.08630830029462504,-0.6933518780206653));
#22037=DIRECTION('',(0.5099742656342678,0.4606568971811467,0.7264444035645314));
#22038=FACE_SURFACE('',(#22043),#22039,.T.);
#22039=PLANE('',#22040);
#22040=AXIS2_PLACEMENT_3D('',#994,#22041,#22042);
#22041=DIRECTION('',(0.17431089558479554,-0.9389170452915887,0.2967330344625271));
#22042=DIRECTION('',(-0.7154118048686849,0.08630830029462504,0.6933518780206653));
#22043=FACE_BOUND('',#22044,.T.);
#22044=EDGE_LOOP('',(#22045,#22046,#22047));
#22045=ORIENTED_EDGE('',*,*,#22048,.T.);
#22046=ORIENTED_EDGE('',*,*,#22049,.T.);
#22047=ORIENTED_EDGE('',*,*,#22050,.T.);
#22048=EDGE_CURVE('',#995,#1019,#22051,.F.);
#22049=EDGE_CURVE('',#1019,#985,#22052,.T.);
#22050=EDGE_CURVE('',#985,#995,#22053,.T.);
#22051=LINE('',#994,#22054);
#22052=LINE('',#1018,#22055);
#22053=LINE('',#984,#22056);
#22054=VECTOR('',#22057,1.0);
#22055=VECTOR('',#22058,1.0);
#22056=VECTOR('',#22059,1.0);
#22057=DIRECTION('',(-0.7154118048686849,0.08630830029462504,0.6933518780206653));
#22058=DIRECTION('',(-0.4477083840667223,-0.34396700104230643,-0.825375008726534));
#22059=DIRECTION('',(0.9846809506174576,0.1648675969445794,-0.05676355317296135));
#22060=FACE_SURFACE('',(#22065),#22061,.T.);
#22061=PLANE('',#22062);
#22062=AXIS2_PLACEMENT_3D('',#1020,#22063,#22064);
#22063=DIRECTION('',(0.5639304143491558,-0.81675527025454,0.12203817551660849));
#22064=DIRECTION('',(-0.8196590712363571,-0.5355555269769557,0.2033206444618642));
#22065=FACE_BOUND('',#22066,.T.);
#22066=EDGE_LOOP('',(#22067,#22068,#22069));
#22067=ORIENTED_EDGE('',*,*,#22070,.T.);
#22068=ORIENTED_EDGE('',*,*,#22071,.T.);
#22069=ORIENTED_EDGE('',*,*,#22072,.T.);
#22070=EDGE_CURVE('',#1021,#1017,#22073,.F.);
#22071=EDGE_CURVE('',#1017,#995,#22074,.T.);
#22072=EDGE_CURVE('',#995,#1021,#22075,.T.);
#22073=LINE('',#1020,#22076);
#22074=LINE('',#1016,#22077);
#22075=LINE('',#994,#22078);
#22076=VECTOR('',#22079,1.0);
#22077=VECTOR('',#22080,1.0);
#22078=VECTOR('',#22081,1.0);
#22079=DIRECTION('',(-0.8196590712363571,-0.5355555269769557,0.2033206444618642));
#22080=DIRECTION('',(-0.5099742656342678,-0.4606568971811467,-0.7264444035645314));
#22081=DIRECTION('',(0.7662818304480271,0.5726219881585888,0.29140386923053385));
#22082=FACE_SURFACE('',(#22087),#22083,.T.);
#22083=PLANE('',#22084);
#22084=AXIS2_PLACEMENT_3D('',#992,#22085,#22086);
#22085=DIRECTION('',(0.7939936424558236,-0.5784357400080349,0.18704595804531746));
#22086=DIRECTION('',(0.08638223360917657,0.4119051304396967,0.9071230750202236));
#22087=FACE_BOUND('',#22088,.T.);
#22088=EDGE_LOOP('',(#22089,#22090,#22091));
#22089=ORIENTED_EDGE('',*,*,#22092,.T.);
#22090=ORIENTED_EDGE('',*,*,#22093,.T.);
#22091=ORIENTED_EDGE('',*,*,#22094,.T.);
#22092=EDGE_CURVE('',#993,#1023,#22095,.F.);
#22093=EDGE_CURVE('',#1023,#1021,#22096,.T.);
#22094=EDGE_CURVE('',#1021,#993,#22097,.T.);
#22095=LINE('',#992,#22098);
#22096=LINE('',#1022,#22099);
#22097=LINE('',#1020,#22100);
#22098=VECTOR('',#22101,1.0);
#22099=VECTOR('',#22102,1.0);
#22100=VECTOR('',#22103,1.0);
#22101=DIRECTION('',(0.08638223360917657,0.4119051304396967,0.9071230750202236));
#22102=DIRECTION('',(-0.6075350617247653,-0.7439580376352855,0.27825813018300216));
#22103=DIRECTION('',(0.5293938578153315,0.5066285017362455,-0.6804922516354522));
#22104=FACE_SURFACE('',(#22109),#22105,.T.);
#22105=PLANE('',#22106);
#22106=AXIS2_PLACEMENT_3D('',#1020,#22107,#22108);
#22107=DIRECTION('',(0.6193789158578805,-0.778942319350538,-0.0980745722168648));
#22108=DIRECTION('',(-0.7662818304480271,-0.5726219881585888,-0.29140386923053385));
#22109=FACE_BOUND('',#22110,.T.);
#22110=EDGE_LOOP('',(#22111,#22112,#22113));
#22111=ORIENTED_EDGE('',*,*,#22114,.T.);
#22112=ORIENTED_EDGE('',*,*,#22115,.T.);
#22113=ORIENTED_EDGE('',*,*,#22116,.T.);
#22114=EDGE_CURVE('',#1021,#995,#22117,.F.);
#22115=EDGE_CURVE('',#995,#993,#22118,.T.);
#22116=EDGE_CURVE('',#993,#1021,#22119,.T.);
#22117=LINE('',#1020,#22120);
#22118=LINE('',#994,#22121);
#22119=LINE('',#992,#22122);
#22120=VECTOR('',#22123,1.0);
#22121=VECTOR('',#22124,1.0);
#22122=VECTOR('',#22125,1.0);
#22123=DIRECTION('',(-0.7662818304480271,-0.5726219881585888,-0.29140386923053385));
#22124=DIRECTION('',(0.7510551747696889,0.6242685464434905,-0.21495326555557046));
#22125=DIRECTION('',(-0.5293938578153315,-0.5066285017362455,0.6804922516354522));
#22126=FACE_SURFACE('',(#22131),#22127,.T.);
#22127=PLANE('',#22128);
#22128=AXIS2_PLACEMENT_3D('',#1012,#22129,#22130);
#22129=DIRECTION('',(-0.7615559883382185,-0.6029441872924255,0.23767789892305072));
#22130=DIRECTION('',(0.3555833604762196,-0.08211590542832684,0.9310303173517632));
#22131=FACE_BOUND('',#22132,.T.);
#22132=EDGE_LOOP('',(#22133,#22134,#22135));
#22133=ORIENTED_EDGE('',*,*,#22136,.T.);
#22134=ORIENTED_EDGE('',*,*,#22137,.T.);
#22135=ORIENTED_EDGE('',*,*,#22138,.T.);
#22136=EDGE_CURVE('',#1013,#1025,#22139,.F.);
#22137=EDGE_CURVE('',#1025,#1027,#22140,.T.);
#22138=EDGE_CURVE('',#1027,#1013,#22141,.T.);
#22139=LINE('',#1012,#22142);
#22140=LINE('',#1024,#22143);
#22141=LINE('',#1026,#22144);
#22142=VECTOR('',#22145,1.0);
#22143=VECTOR('',#22146,1.0);
#22144=VECTOR('',#22147,1.0);
#22145=DIRECTION('',(0.3555833604762196,-0.08211590542832684,0.9310303173517632));
#22146=DIRECTION('',(-0.6480504674749173,0.7129367642810193,-0.2678651932260917));
#22147=DIRECTION('',(0.26666755108037044,-0.625767049340027,-0.7330102435580789));
#22148=FACE_SURFACE('',(#22153),#22149,.T.);
#22149=PLANE('',#22150);
#22150=AXIS2_PLACEMENT_3D('',#1024,#22151,#22152);
#22151=DIRECTION('',(-0.6323173875900832,-0.7547005399355384,0.17493374852286023));
#22152=DIRECTION('',(-0.3555833604762196,0.08211590542832684,-0.9310303173517632));
#22153=FACE_BOUND('',#22154,.T.);
#22154=EDGE_LOOP('',(#22155,#22156,#22157));
#22155=ORIENTED_EDGE('',*,*,#22158,.T.);
#22156=ORIENTED_EDGE('',*,*,#22159,.T.);
#22157=ORIENTED_EDGE('',*,*,#22160,.T.);
#22158=EDGE_CURVE('',#1025,#1013,#22161,.F.);
#22159=EDGE_CURVE('',#1013,#983,#22162,.T.);
#22160=EDGE_CURVE('',#983,#1025,#22163,.T.);
#22161=LINE('',#1024,#22164);
#22162=LINE('',#1012,#22165);
#22163=LINE('',#982,#22166);
#22164=VECTOR('',#22167,1.0);
#22165=VECTOR('',#22168,1.0);
#22166=VECTOR('',#22169,1.0);
#22167=DIRECTION('',(-0.3555833604762196,0.08211590542832684,-0.9310303173517632));
#22168=DIRECTION('',(0.7730330438906633,-0.5998063571950929,0.20652420420253031));
#22169=DIRECTION('',(-0.6579894238616999,0.6423715437140249,0.39294874718289774));
#22170=FACE_SURFACE('',(#22175),#22171,.T.);
#22171=PLANE('',#22172);
#22172=AXIS2_PLACEMENT_3D('',#982,#22173,#22174);
#22173=DIRECTION('',(-0.45686891024970483,-0.755357090908481,0.4697940655878101));
#22174=DIRECTION('',(0.745277807607972,-0.0367142816897745,0.6657424809992664));
#22175=FACE_BOUND('',#22176,.T.);
#22176=EDGE_LOOP('',(#22177,#22178,#22179));
#22177=ORIENTED_EDGE('',*,*,#22180,.T.);
#22178=ORIENTED_EDGE('',*,*,#22181,.T.);
#22179=ORIENTED_EDGE('',*,*,#22182,.T.);
#22180=EDGE_CURVE('',#983,#1029,#22183,.F.);
#22181=EDGE_CURVE('',#1029,#1025,#22184,.T.);
#22182=EDGE_CURVE('',#1025,#983,#22185,.T.);
#22183=LINE('',#982,#22186);
#22184=LINE('',#1028,#22187);
#22185=LINE('',#1024,#22188);
#22186=VECTOR('',#22189,1.0);
#22187=VECTOR('',#22190,1.0);
#22188=VECTOR('',#22191,1.0);
#22189=DIRECTION('',(0.745277807607972,-0.0367142816897745,0.6657424809992664));
#22190=DIRECTION('',(-0.8860130592394476,0.4333633691335547,-0.16485463035768722));
#22191=DIRECTION('',(0.6579894238616999,-0.6423715437140249,-0.39294874718289774));
#22192=FACE_SURFACE('',(#22197),#22193,.T.);
#22193=PLANE('',#22194);
#22194=AXIS2_PLACEMENT_3D('',#982,#22195,#22196);
#22195=DIRECTION('',(-0.20549487842040134,-0.9625256675071162,0.1769638221020461));
#22196=DIRECTION('',(0.9781871304060309,-0.19640045932949038,0.06765203236547972));
#22197=FACE_BOUND('',#22198,.T.);
#22198=EDGE_LOOP('',(#22199,#22200,#22201));
#22199=ORIENTED_EDGE('',*,*,#22202,.T.);
#22200=ORIENTED_EDGE('',*,*,#22203,.T.);
#22201=ORIENTED_EDGE('',*,*,#22204,.T.);
#22202=EDGE_CURVE('',#983,#985,#22205,.F.);
#22203=EDGE_CURVE('',#985,#1029,#22206,.T.);
#22204=EDGE_CURVE('',#1029,#983,#22207,.T.);
#22205=LINE('',#982,#22208);
#22206=LINE('',#984,#22209);
#22207=LINE('',#1028,#22210);
#22208=VECTOR('',#22211,1.0);
#22209=VECTOR('',#22212,1.0);
#22210=VECTOR('',#22213,1.0);
#22211=DIRECTION('',(0.9781871304060309,-0.19640045932949038,0.06765203236547972));
#22212=DIRECTION('',(-0.784999322199967,0.2700952269214375,0.5575164863390585));
#22213=DIRECTION('',(-0.745277807607972,0.0367142816897745,-0.6657424809992664));
#22214=FACE_SURFACE('',(#22219),#22215,.T.);
#22215=PLANE('',#22216);
#22216=AXIS2_PLACEMENT_3D('',#1018,#22217,#22218);
#22217=DIRECTION('',(-0.03181590940802256,-0.9163404856032247,0.3991338902586285));
#22218=DIRECTION('',(-0.9994927337526045,0.029737227259873517,-0.011400547821923158));
#22219=FACE_BOUND('',#22220,.T.);
#22220=EDGE_LOOP('',(#22221,#22222,#22223));
#22221=ORIENTED_EDGE('',*,*,#22224,.T.);
#22222=ORIENTED_EDGE('',*,*,#22225,.T.);
#22223=ORIENTED_EDGE('',*,*,#22226,.T.);
#22224=EDGE_CURVE('',#1019,#1029,#22227,.F.);
#22225=EDGE_CURVE('',#1029,#985,#22228,.T.);
#22226=EDGE_CURVE('',#985,#1019,#22229,.T.);
#22227=LINE('',#1018,#22230);
#22228=LINE('',#1028,#22231);
#22229=LINE('',#984,#22232);
#22230=VECTOR('',#22233,1.0);
#22231=VECTOR('',#22234,1.0);
#22232=VECTOR('',#22235,1.0);
#22233=DIRECTION('',(-0.9994927337526045,0.029737227259873517,-0.011400547821923158));
#22234=DIRECTION('',(0.784999322199967,-0.2700952269214375,-0.5575164863390585));
#22235=DIRECTION('',(0.4477083840667223,0.34396700104230643,0.825375008726534));
#22236=FACE_SURFACE('',(#22241),#22237,.T.);
#22237=PLANE('',#22238);
#22238=AXIS2_PLACEMENT_3D('',#990,#22239,#22240);
#22239=DIRECTION('',(-0.999795454304036,-0.0201897448576523,-0.001193212290101439));
#22240=DIRECTION('',(-0.006826974651422147,0.28136057178460533,0.9595778348118242));
#22241=FACE_BOUND('',#22242,.T.);
#22242=EDGE_LOOP('',(#22243,#22244,#22245));
#22243=ORIENTED_EDGE('',*,*,#22246,.T.);
#22244=ORIENTED_EDGE('',*,*,#22247,.T.);
#22245=ORIENTED_EDGE('',*,*,#22248,.T.);
#22246=EDGE_CURVE('',#991,#1031,#22249,.F.);
#22247=EDGE_CURVE('',#1031,#989,#22250,.T.);
#22248=EDGE_CURVE('',#989,#991,#22251,.T.);
#22249=LINE('',#990,#22252);
#22250=LINE('',#1030,#22253);
#22251=LINE('',#988,#22254);
#22252=VECTOR('',#22255,1.0);
#22253=VECTOR('',#22256,1.0);
#22254=VECTOR('',#22257,1.0);
#22255=DIRECTION('',(-0.006826974651422147,0.28136057178460533,0.9595778348118242));
#22256=DIRECTION('',(-0.014786238433763529,0.7699180661499158,-0.6379714245708453));
#22257=DIRECTION('',(0.0187019716203667,-0.9453578632209088,0.325497690781223));
#22258=FACE_SURFACE('',(#22263),#22259,.T.);
#22259=PLANE('',#22260);
#22260=AXIS2_PLACEMENT_3D('',#1032,#22261,#22262);
#22261=DIRECTION('',(-0.9928584370814374,-0.08684403718054573,-0.08179386971154615));
#22262=DIRECTION('',(0.056205761194123224,0.2642451411695932,-0.9628163987889129));
#22263=FACE_BOUND('',#22264,.T.);
#22264=EDGE_LOOP('',(#22265,#22266,#22267));
#22265=ORIENTED_EDGE('',*,*,#22268,.T.);
#22266=ORIENTED_EDGE('',*,*,#22269,.T.);
#22267=ORIENTED_EDGE('',*,*,#22270,.T.);
#22268=EDGE_CURVE('',#1033,#989,#22271,.F.);
#22269=EDGE_CURVE('',#989,#1031,#22272,.T.);
#22270=EDGE_CURVE('',#1031,#1033,#22273,.T.);
#22271=LINE('',#1032,#22274);
#22272=LINE('',#988,#22275);
#22273=LINE('',#1030,#22276);
#22274=VECTOR('',#22277,1.0);
#22275=VECTOR('',#22278,1.0);
#22276=VECTOR('',#22279,1.0);
#22277=DIRECTION('',(0.056205761194123224,0.2642451411695932,-0.9628163987889129));
#22278=DIRECTION('',(0.014786238433763529,-0.7699180661499158,0.6379714245708453));
#22279=DIRECTION('',(-0.05494803246120035,0.9414644813949574,-0.33260388452386835));
#22280=FACE_SURFACE('',(#22285),#22281,.T.);
#22281=PLANE('',#22282);
#22282=AXIS2_PLACEMENT_3D('',#1008,#22283,#22284);
#22283=DIRECTION('',(-0.8416341949792813,-0.5217840830251476,0.13925965870697452));
#22284=DIRECTION('',(0.539088551473749,-0.796361646947884,0.2742109788837582));
#22285=FACE_BOUND('',#22286,.T.);
#22286=EDGE_LOOP('',(#22287,#22288,#22289));
#22287=ORIENTED_EDGE('',*,*,#22290,.T.);
#22288=ORIENTED_EDGE('',*,*,#22291,.T.);
#22289=ORIENTED_EDGE('',*,*,#22292,.T.);
#22290=EDGE_CURVE('',#1009,#1013,#22293,.F.);
#22291=EDGE_CURVE('',#1013,#1027,#22294,.T.);
#22292=EDGE_CURVE('',#1027,#1009,#22295,.T.);
#22293=LINE('',#1008,#22296);
#22294=LINE('',#1012,#22297);
#22295=LINE('',#1026,#22298);
#22296=VECTOR('',#22299,1.0);
#22297=VECTOR('',#22300,1.0);
#22298=VECTOR('',#22301,1.0);
#22299=DIRECTION('',(0.539088551473749,-0.796361646947884,0.2742109788837582));
#22300=DIRECTION('',(-0.26666755108037044,0.625767049340027,0.7330102435580789));
#22301=DIRECTION('',(-0.3112960222977797,0.25801520274936146,-0.9146162810992303));
#22302=FACE_SURFACE('',(#22307),#22303,.T.);
#22303=PLANE('',#22304);
#22304=AXIS2_PLACEMENT_3D('',#1034,#22305,#22306);
#22305=DIRECTION('',(-0.8690642848015117,0.3903859097949716,-0.3038521191566541));
#22306=DIRECTION('',(0.4560453061049736,0.3942078375219382,-0.7978864954465004));
#22307=FACE_BOUND('',#22308,.T.);
#22308=EDGE_LOOP('',(#22309,#22310,#22311));
#22309=ORIENTED_EDGE('',*,*,#22312,.T.);
#22310=ORIENTED_EDGE('',*,*,#22313,.T.);
#22311=ORIENTED_EDGE('',*,*,#22314,.T.);
#22312=EDGE_CURVE('',#1035,#1007,#22315,.F.);
#22313=EDGE_CURVE('',#1007,#1015,#22316,.T.);
#22314=EDGE_CURVE('',#1015,#1035,#22317,.T.);
#22315=LINE('',#1034,#22318);
#22316=LINE('',#1006,#22319);
#22317=LINE('',#1014,#22320);
#22318=VECTOR('',#22321,1.0);
#22319=VECTOR('',#22322,1.0);
#22320=VECTOR('',#22323,1.0);
#22321=DIRECTION('',(0.4560453061049736,0.3942078375219382,-0.7978864954465004));
#22322=DIRECTION('',(-0.47416392392068546,-0.8324734204987817,0.2866296869048931));
#22323=DIRECTION('',(0.34179667448490314,0.9178766924397779,0.20168641696176423));
#22324=FACE_SURFACE('',(#22329),#22325,.T.);
#22325=PLANE('',#22326);
#22326=AXIS2_PLACEMENT_3D('',#1034,#22327,#22328);
#22327=DIRECTION('',(-0.7743937870706736,0.6175844503713158,-0.13749076043829303));
#22328=DIRECTION('',(0.6309729810710966,0.7377572264406037,-0.2399736902098257));
#22329=FACE_BOUND('',#22330,.T.);
#22330=EDGE_LOOP('',(#22331,#22332,#22333));
#22331=ORIENTED_EDGE('',*,*,#22334,.T.);
#22332=ORIENTED_EDGE('',*,*,#22335,.T.);
#22333=ORIENTED_EDGE('',*,*,#22336,.T.);
#22334=EDGE_CURVE('',#1035,#1037,#22337,.F.);
#22335=EDGE_CURVE('',#1037,#1007,#22338,.T.);
#22336=EDGE_CURVE('',#1007,#1035,#22339,.T.);
#22337=LINE('',#1034,#22340);
#22338=LINE('',#1036,#22341);
#22339=LINE('',#1006,#22342);
#22340=VECTOR('',#22343,1.0);
#22341=VECTOR('',#22344,1.0);
#22342=VECTOR('',#22345,1.0);
#22343=DIRECTION('',(0.6309729810710966,0.7377572264406037,-0.2399736902098257));
#22344=DIRECTION('',(-0.3865415297049282,-0.6338366755646839,-0.6699527703670489));
#22345=DIRECTION('',(-0.4560453061049736,-0.3942078375219382,0.7978864954465004));
#22346=FACE_SURFACE('',(#22351),#22347,.T.);
#22347=PLANE('',#22348);
#22348=AXIS2_PLACEMENT_3D('',#1038,#22349,#22350);
#22349=DIRECTION('',(-0.9983666073986319,0.02477342605462402,-0.05148198318695552));
#22350=DIRECTION('',(0.030495706653591217,-0.5309217818093971,-0.846871934519047));
#22351=FACE_BOUND('',#22352,.T.);
#22352=EDGE_LOOP('',(#22353,#22354,#22355));
#22353=ORIENTED_EDGE('',*,*,#22356,.T.);
#22354=ORIENTED_EDGE('',*,*,#22357,.T.);
#22355=ORIENTED_EDGE('',*,*,#22358,.T.);
#22356=EDGE_CURVE('',#1039,#989,#22359,.F.);
#22357=EDGE_CURVE('',#989,#1033,#22360,.T.);
#22358=EDGE_CURVE('',#1033,#1039,#22361,.T.);
#22359=LINE('',#1038,#22362);
#22360=LINE('',#988,#22363);
#22361=LINE('',#1032,#22364);
#22362=VECTOR('',#22365,1.0);
#22363=VECTOR('',#22366,1.0);
#22364=VECTOR('',#22367,1.0);
#22365=DIRECTION('',(0.030495706653591217,-0.5309217818093971,-0.846871934519047));
#22366=DIRECTION('',(-0.056205761194123224,-0.2642451411695932,0.9628163987889129));
#22367=DIRECTION('',(0.0403201069901423,0.9439255816468944,-0.3276870233696714));
#22368=FACE_SURFACE('',(#22373),#22369,.T.);
#22369=PLANE('',#22370);
#22370=AXIS2_PLACEMENT_3D('',#1004,#22371,#22372);
#22371=DIRECTION('',(-0.24265739357921853,0.8792250873736411,-0.4099763835566057));
#22372=DIRECTION('',(-0.96979735849625,-0.23061555961485813,0.07943265774995527));
#22373=FACE_BOUND('',#22374,.T.);
#22374=EDGE_LOOP('',(#22375,#22376,#22377));
#22375=ORIENTED_EDGE('',*,*,#22378,.T.);
#22376=ORIENTED_EDGE('',*,*,#22379,.T.);
#22377=ORIENTED_EDGE('',*,*,#22380,.T.);
#22378=EDGE_CURVE('',#1005,#987,#22381,.F.);
#22379=EDGE_CURVE('',#987,#1041,#22382,.T.);
#22380=EDGE_CURVE('',#1041,#1005,#22383,.T.);
#22381=LINE('',#1004,#22384);
#22382=LINE('',#986,#22385);
#22383=LINE('',#1040,#22386);
#22384=VECTOR('',#22387,1.0);
#22385=VECTOR('',#22388,1.0);
#22386=VECTOR('',#22389,1.0);
#22387=DIRECTION('',(-0.96979735849625,-0.23061555961485813,0.07943265774995527));
#22388=DIRECTION('',(0.30459253625075416,0.4702871513341722,0.8282833948295247));
#22389=DIRECTION('',(0.8737503846661923,0.014453580874081145,-0.486159808391847));
#22390=FACE_SURFACE('',(#22395),#22391,.T.);
#22391=PLANE('',#22392);
#22392=AXIS2_PLACEMENT_3D('',#1004,#22393,#22394);
#22393=DIRECTION('',(-0.1778628328933116,0.9398204960298351,-0.2917228957716567));
#22394=DIRECTION('',(-0.8737503846661923,-0.014453580874081145,0.486159808391847));
#22395=FACE_BOUND('',#22396,.T.);
#22396=EDGE_LOOP('',(#22397,#22398,#22399));
#22397=ORIENTED_EDGE('',*,*,#22400,.T.);
#22398=ORIENTED_EDGE('',*,*,#22401,.T.);
#22399=ORIENTED_EDGE('',*,*,#22402,.T.);
#22400=EDGE_CURVE('',#1005,#1041,#22403,.F.);
#22401=EDGE_CURVE('',#1041,#1043,#22404,.T.);
#22402=EDGE_CURVE('',#1043,#1005,#22405,.T.);
#22403=LINE('',#1004,#22406);
#22404=LINE('',#1040,#22407);
#22405=LINE('',#1042,#22408);
#22406=VECTOR('',#22409,1.0);
#22407=VECTOR('',#22410,1.0);
#22408=VECTOR('',#22411,1.0);
#22409=DIRECTION('',(-0.8737503846661923,-0.014453580874081145,0.486159808391847));
#22410=DIRECTION('',(0.9840546883920721,0.16953987173136986,-0.05378291686857955));
#22411=DIRECTION('',(-0.3751860760560672,-0.33882219881413195,-0.8628064243643575));
#22412=FACE_SURFACE('',(#22417),#22413,.T.);
#22413=PLANE('',#22414);
#22414=AXIS2_PLACEMENT_3D('',#986,#22415,#22416);
#22415=DIRECTION('',(-0.5536950418463548,0.7950026473925174,-0.2477752838231693));
#22416=DIRECTION('',(-0.641601343466013,-0.21761916912882315,0.7355199611773209));
#22417=FACE_BOUND('',#22418,.T.);
#22418=EDGE_LOOP('',(#22419,#22420,#22421));
#22419=ORIENTED_EDGE('',*,*,#22422,.T.);
#22420=ORIENTED_EDGE('',*,*,#22423,.T.);
#22421=ORIENTED_EDGE('',*,*,#22424,.T.);
#22422=EDGE_CURVE('',#987,#1037,#22425,.F.);
#22423=EDGE_CURVE('',#1037,#1041,#22426,.T.);
#22424=EDGE_CURVE('',#1041,#987,#22427,.T.);
#22425=LINE('',#986,#22428);
#22426=LINE('',#1036,#22429);
#22427=LINE('',#1040,#22430);
#22428=VECTOR('',#22431,1.0);
#22429=VECTOR('',#22432,1.0);
#22430=VECTOR('',#22433,1.0);
#22431=DIRECTION('',(-0.641601343466013,-0.21761916912882315,0.7355199611773209));
#22432=DIRECTION('',(0.8327110199915566,0.5272663044218752,-0.16906389740544756));
#22433=DIRECTION('',(-0.30459253625075416,-0.4702871513341722,-0.8282833948295247));
#22434=FACE_SURFACE('',(#22439),#22435,.T.);
#22435=PLANE('',#22436);
#22436=AXIS2_PLACEMENT_3D('',#986,#22437,#22438);
#22437=DIRECTION('',(-0.6155160464243792,0.7182614671422826,-0.32440786274798766));
#22438=DIRECTION('',(-0.7868381534090635,-0.5835451509514189,0.20089991822024447));
#22439=FACE_BOUND('',#22440,.T.);
#22440=EDGE_LOOP('',(#22441,#22442,#22443));
#22441=ORIENTED_EDGE('',*,*,#22444,.T.);
#22442=ORIENTED_EDGE('',*,*,#22445,.T.);
#22443=ORIENTED_EDGE('',*,*,#22446,.T.);
#22444=EDGE_CURVE('',#987,#1007,#22447,.F.);
#22445=EDGE_CURVE('',#1007,#1037,#22448,.T.);
#22446=EDGE_CURVE('',#1037,#987,#22449,.T.);
#22447=LINE('',#986,#22450);
#22448=LINE('',#1006,#22451);
#22449=LINE('',#1036,#22452);
#22450=VECTOR('',#22453,1.0);
#22451=VECTOR('',#22454,1.0);
#22452=VECTOR('',#22455,1.0);
#22453=DIRECTION('',(-0.7868381534090635,-0.5835451509514189,0.20089991822024447));
#22454=DIRECTION('',(0.3865415297049282,0.6338366755646839,0.6699527703670489));
#22455=DIRECTION('',(0.641601343466013,0.21761916912882315,-0.7355199611773209));
#22456=FACE_SURFACE('',(#22461),#22457,.T.);
#22457=PLANE('',#22458);
#22458=AXIS2_PLACEMENT_3D('',#1044,#22459,#22460);
#22459=DIRECTION('',(0.6218861886380852,0.7433363980265543,-0.2463910869940385));
#22460=DIRECTION('',(0.7830960901854306,-0.5920025677659027,0.1905084599036743));
#22461=FACE_BOUND('',#22462,.T.);
#22462=EDGE_LOOP('',(#22463,#22464,#22465));
#22463=ORIENTED_EDGE('',*,*,#22466,.T.);
#22464=ORIENTED_EDGE('',*,*,#22467,.T.);
#22465=ORIENTED_EDGE('',*,*,#22468,.T.);
#22466=EDGE_CURVE('',#1045,#1047,#22469,.F.);
#22467=EDGE_CURVE('',#1047,#1003,#22470,.T.);
#22468=EDGE_CURVE('',#1003,#1045,#22471,.T.);
#22469=LINE('',#1044,#22472);
#22470=LINE('',#1046,#22473);
#22471=LINE('',#1002,#22474);
#22472=VECTOR('',#22475,1.0);
#22473=VECTOR('',#22476,1.0);
#22474=VECTOR('',#22477,1.0);
#22475=DIRECTION('',(0.7830960901854306,-0.5920025677659027,0.1905084599036743));
#22476=DIRECTION('',(-0.6845213460369339,0.36316250331456296,-0.6320945522673679));
#22477=DIRECTION('',(-0.03897128764314523,0.3436189954974671,0.9383001783399314));
#22478=FACE_SURFACE('',(#22483),#22479,.T.);
#22479=PLANE('',#22480);
#22480=AXIS2_PLACEMENT_3D('',#1000,#22481,#22482);
#22481=DIRECTION('',(0.6545812693669045,0.6878425911445158,-0.31368125796995033));
#22482=DIRECTION('',(-0.7544868951638473,0.6205548060697883,-0.21368494960971238));
#22483=FACE_BOUND('',#22484,.T.);
#22484=EDGE_LOOP('',(#22485,#22486,#22487));
#22485=ORIENTED_EDGE('',*,*,#22488,.T.);
#22486=ORIENTED_EDGE('',*,*,#22489,.T.);
#22487=ORIENTED_EDGE('',*,*,#22490,.T.);
#22488=EDGE_CURVE('',#1001,#1003,#22491,.F.);
#22489=EDGE_CURVE('',#1003,#1047,#22492,.T.);
#22490=EDGE_CURVE('',#1047,#1001,#22493,.T.);
#22491=LINE('',#1000,#22494);
#22492=LINE('',#1002,#22495);
#22493=LINE('',#1046,#22496);
#22494=VECTOR('',#22497,1.0);
#22495=VECTOR('',#22498,1.0);
#22496=VECTOR('',#22499,1.0);
#22497=DIRECTION('',(-0.7544868951638473,0.6205548060697883,-0.21368494960971238));
#22498=DIRECTION('',(0.6845213460369339,-0.36316250331456296,0.6320945522673679));
#22499=DIRECTION('',(0.37168443050203614,-0.6541298312827714,-0.6587600837545867));
#22500=FACE_SURFACE('',(#22505),#22501,.T.);
#22501=PLANE('',#22502);
#22502=AXIS2_PLACEMENT_3D('',#1048,#22503,#22504);
#22503=DIRECTION('',(0.33732261303413297,0.8884148252807795,-0.31133993151721906));
#22504=DIRECTION('',(0.9413438336583159,-0.32156889040620074,0.10229973390185194));
#22505=FACE_BOUND('',#22506,.T.);
#22506=EDGE_LOOP('',(#22507,#22508,#22509));
#22507=ORIENTED_EDGE('',*,*,#22510,.T.);
#22508=ORIENTED_EDGE('',*,*,#22511,.T.);
#22509=ORIENTED_EDGE('',*,*,#22512,.T.);
#22510=EDGE_CURVE('',#1049,#1045,#22513,.F.);
#22511=EDGE_CURVE('',#1045,#1003,#22514,.T.);
#22512=EDGE_CURVE('',#1003,#1049,#22515,.T.);
#22513=LINE('',#1048,#22516);
#22514=LINE('',#1044,#22517);
#22515=LINE('',#1002,#22518);
#22516=VECTOR('',#22519,1.0);
#22517=VECTOR('',#22520,1.0);
#22518=VECTOR('',#22521,1.0);
#22519=DIRECTION('',(0.9413438336583159,-0.32156889040620074,0.10229973390185194));
#22520=DIRECTION('',(0.03897128764314523,-0.3436189954974671,-0.9383001783399314));
#22521=DIRECTION('',(-0.7273102411517799,0.45592495786887377,0.5129836702157347));
#22522=FACE_SURFACE('',(#22527),#22523,.T.);
#22523=PLANE('',#22524);
#22524=AXIS2_PLACEMENT_3D('',#1042,#22525,#22526);
#22525=DIRECTION('',(0.11494318426930468,0.9066125396522704,-0.4060071025675451));
#22526=DIRECTION('',(0.9932850427178539,-0.11030498144598698,0.03489462682407794));
#22527=FACE_BOUND('',#22528,.T.);
#22528=EDGE_LOOP('',(#22529,#22530,#22531));
#22529=ORIENTED_EDGE('',*,*,#22532,.T.);
#22530=ORIENTED_EDGE('',*,*,#22533,.T.);
#22531=ORIENTED_EDGE('',*,*,#22534,.T.);
#22532=EDGE_CURVE('',#1043,#1049,#22535,.F.);
#22533=EDGE_CURVE('',#1049,#1005,#22536,.T.);
#22534=EDGE_CURVE('',#1005,#1043,#22537,.T.);
#22535=LINE('',#1042,#22538);
#22536=LINE('',#1048,#22539);
#22537=LINE('',#1004,#22540);
#22538=VECTOR('',#22541,1.0);
#22539=VECTOR('',#22542,1.0);
#22540=VECTOR('',#22543,1.0);
#22541=DIRECTION('',(0.9932850427178539,-0.11030498144598698,0.03489462682407794));
#22542=DIRECTION('',(-0.8541821210252847,-0.1184418680711691,-0.5063046790308753));
#22543=DIRECTION('',(0.3751860760560672,0.33882219881413195,0.8628064243643575));
#22544=FACE_SURFACE('',(#22549),#22545,.T.);
#22545=PLANE('',#22546);
#22546=AXIS2_PLACEMENT_3D('',#1002,#22547,#22548);
#22547=DIRECTION('',(0.17874016087948666,0.8474925789346933,-0.4998082467700967));
#22548=DIRECTION('',(-0.9832434586267766,0.17236063504710475,-0.059364236319631405));
#22549=FACE_BOUND('',#22550,.T.);
#22550=EDGE_LOOP('',(#22551,#22552,#22553));
#22551=ORIENTED_EDGE('',*,*,#22554,.T.);
#22552=ORIENTED_EDGE('',*,*,#22555,.T.);
#22553=ORIENTED_EDGE('',*,*,#22556,.T.);
#22554=EDGE_CURVE('',#1003,#1005,#22557,.F.);
#22555=EDGE_CURVE('',#1005,#1049,#22558,.T.);
#22556=EDGE_CURVE('',#1049,#1003,#22559,.T.);
#22557=LINE('',#1002,#22560);
#22558=LINE('',#1004,#22561);
#22559=LINE('',#1048,#22562);
#22560=VECTOR('',#22563,1.0);
#22561=VECTOR('',#22564,1.0);
#22562=VECTOR('',#22565,1.0);
#22563=DIRECTION('',(-0.9832434586267766,0.17236063504710475,-0.059364236319631405));
#22564=DIRECTION('',(0.8541821210252847,0.1184418680711691,0.5063046790308753));
#22565=DIRECTION('',(0.7273102411517799,-0.45592495786887377,-0.5129836702157347));
#22566=FACE_SURFACE('',(#22571),#22567,.T.);
#22567=PLANE('',#22568);
#22568=AXIS2_PLACEMENT_3D('',#1050,#22569,#22570);
#22569=DIRECTION('',(0.9981182313482333,0.056259372495911036,-0.024390146712171646));
#22570=DIRECTION('',(0.006375844121128184,-0.4908233660319715,-0.8712357728931867));
#22571=FACE_BOUND('',#22572,.T.);
#22572=EDGE_LOOP('',(#22573,#22574,#22575));
#22573=ORIENTED_EDGE('',*,*,#22576,.T.);
#22574=ORIENTED_EDGE('',*,*,#22577,.T.);
#22575=ORIENTED_EDGE('',*,*,#22578,.T.);
#22576=EDGE_CURVE('',#1051,#997,#22579,.F.);
#22577=EDGE_CURVE('',#997,#1053,#22580,.T.);
#22578=EDGE_CURVE('',#1053,#1051,#22581,.T.);
#22579=LINE('',#1050,#22582);
#22580=LINE('',#996,#22583);
#22581=LINE('',#1052,#22584);
#22582=VECTOR('',#22585,1.0);
#22583=VECTOR('',#22586,1.0);
#22584=VECTOR('',#22587,1.0);
#22585=DIRECTION('',(0.006375844121128184,-0.4908233660319715,-0.8712357728931867));
#22586=DIRECTION('',(-0.025353347750686657,0.7408061179857399,0.6712402724157205));
#22587=DIRECTION('',(0.06114159409560982,-0.9433351405930926,0.3261602642776369));
#22588=FACE_SURFACE('',(#22593),#22589,.T.);
#22589=PLANE('',#22590);
#22590=AXIS2_PLACEMENT_3D('',#996,#22591,#22592);
#22591=DIRECTION('',(0.9779230477005714,0.19766323890306886,-0.06779201105126015));
#22592=DIRECTION('',(-0.20896519522034462,0.9246503011774829,-0.3183635778774221));
#22593=FACE_BOUND('',#22594,.T.);
#22594=EDGE_LOOP('',(#22595,#22596,#22597));
#22595=ORIENTED_EDGE('',*,*,#22598,.T.);
#22596=ORIENTED_EDGE('',*,*,#22599,.T.);
#22597=ORIENTED_EDGE('',*,*,#22600,.T.);
#22598=EDGE_CURVE('',#997,#999,#22601,.F.);
#22599=EDGE_CURVE('',#999,#1055,#22602,.T.);
#22600=EDGE_CURVE('',#1055,#997,#22603,.T.);
#22601=LINE('',#996,#22604);
#22602=LINE('',#998,#22605);
#22603=LINE('',#1054,#22606);
#22604=VECTOR('',#22607,1.0);
#22605=VECTOR('',#22608,1.0);
#22606=VECTOR('',#22609,1.0);
#22607=DIRECTION('',(-0.20896519522034462,0.9246503011774829,-0.3183635778774221));
#22608=DIRECTION('',(-0.00015526462434541986,0.325104715301266,0.9456780107318661));
#22609=DIRECTION('',(0.20260286848423037,-0.9763107166189677,0.07595697661781525));
#22610=FACE_SURFACE('',(#22615),#22611,.T.);
#22611=PLANE('',#22612);
#22612=AXIS2_PLACEMENT_3D('',#1046,#22613,#22614);
#22613=DIRECTION('',(0.8243697882352526,0.5588789562585789,-0.08982630180679882));
#22614=DIRECTION('',(0.5612962291325366,-0.7865596075018833,0.2574306256218913));
#22615=FACE_BOUND('',#22616,.T.);
#22616=EDGE_LOOP('',(#22617,#22618,#22619));
#22617=ORIENTED_EDGE('',*,*,#22620,.T.);
#22618=ORIENTED_EDGE('',*,*,#22621,.T.);
#22619=ORIENTED_EDGE('',*,*,#22622,.T.);
#22620=EDGE_CURVE('',#1047,#1055,#22623,.F.);
#22621=EDGE_CURVE('',#1055,#1001,#22624,.T.);
#22622=EDGE_CURVE('',#1001,#1047,#22625,.T.);
#22623=LINE('',#1046,#22626);
#22624=LINE('',#1054,#22627);
#22625=LINE('',#1000,#22628);
#22626=VECTOR('',#22629,1.0);
#22627=VECTOR('',#22630,1.0);
#22628=VECTOR('',#22631,1.0);
#22629=DIRECTION('',(0.5612962291325366,-0.7865596075018833,0.2574306256218913));
#22630=DIRECTION('',(-0.4120057861326028,0.4836043526251588,-0.772255179532813));
#22631=DIRECTION('',(-0.37168443050203614,0.6541298312827714,0.6587600837545867));
#22632=FACE_SURFACE('',(#22637),#22633,.T.);
#22633=PLANE('',#22634);
#22634=AXIS2_PLACEMENT_3D('',#998,#22635,#22636);
#22635=DIRECTION('',(0.8643822519823908,0.4755638911883431,-0.16334720033001018));
#22636=DIRECTION('',(-0.5028351834587318,0.8172970655613223,-0.2813934698973578));
#22637=FACE_BOUND('',#22638,.T.);
#22638=EDGE_LOOP('',(#22639,#22640,#22641));
#22639=ORIENTED_EDGE('',*,*,#22642,.T.);
#22640=ORIENTED_EDGE('',*,*,#22643,.T.);
#22641=ORIENTED_EDGE('',*,*,#22644,.T.);
#22642=EDGE_CURVE('',#999,#1001,#22645,.F.);
#22643=EDGE_CURVE('',#1001,#1055,#22646,.T.);
#22644=EDGE_CURVE('',#1055,#999,#22647,.T.);
#22645=LINE('',#998,#22648);
#22646=LINE('',#1000,#22649);
#22647=LINE('',#1054,#22650);
#22648=VECTOR('',#22651,1.0);
#22649=VECTOR('',#22652,1.0);
#22650=VECTOR('',#22653,1.0);
#22651=DIRECTION('',(-0.5028351834587318,0.8172970655613223,-0.2813934698973578));
#22652=DIRECTION('',(0.4120057861326028,-0.4836043526251588,0.772255179532813));
#22653=DIRECTION('',(0.00015526462434541986,-0.325104715301266,-0.9456780107318661));
#22654=FACE_SURFACE('',(#22659),#22655,.T.);
#22655=PLANE('',#22656);
#22656=AXIS2_PLACEMENT_3D('',#1056,#22657,#22658);
#22657=DIRECTION('',(0.938487467157506,-0.3392060116943381,0.06465721629261158));
#22658=DIRECTION('',(-0.341297122415776,-0.8826928870474519,0.32306275146872826));
#22659=FACE_BOUND('',#22660,.T.);
#22660=EDGE_LOOP('',(#22661,#22662,#22663));
#22661=ORIENTED_EDGE('',*,*,#22664,.T.);
#22662=ORIENTED_EDGE('',*,*,#22665,.T.);
#22663=ORIENTED_EDGE('',*,*,#22666,.T.);
#22664=EDGE_CURVE('',#1057,#1023,#22667,.F.);
#22665=EDGE_CURVE('',#1023,#993,#22668,.T.);
#22666=EDGE_CURVE('',#993,#1057,#22669,.T.);
#22667=LINE('',#1056,#22670);
#22668=LINE('',#1022,#22671);
#22669=LINE('',#992,#22672);
#22670=VECTOR('',#22673,1.0);
#22671=VECTOR('',#22674,1.0);
#22672=VECTOR('',#22675,1.0);
#22673=DIRECTION('',(-0.341297122415776,-0.8826928870474519,0.32306275146872826));
#22674=DIRECTION('',(-0.08638223360917657,-0.4119051304396967,-0.9071230750202236));
#22675=DIRECTION('',(0.33568068289996755,0.9400899536971761,0.05957648936831539));
#22676=FACE_SURFACE('',(#22681),#22677,.T.);
#22677=PLANE('',#22678);
#22678=AXIS2_PLACEMENT_3D('',#1058,#22679,#22680);
#22679=DIRECTION('',(0.796374344537555,-0.26704862324799333,-0.5426536060727238));
#22680=DIRECTION('',(-0.3045013026949534,-0.9522635245826526,0.021751698933650875));
#22681=FACE_BOUND('',#22682,.T.);
#22682=EDGE_LOOP('',(#22683,#22684,#22685));
#22683=ORIENTED_EDGE('',*,*,#22686,.T.);
#22684=ORIENTED_EDGE('',*,*,#22687,.T.);
#22685=ORIENTED_EDGE('',*,*,#22688,.T.);
#22686=EDGE_CURVE('',#1059,#993,#22689,.F.);
#22687=EDGE_CURVE('',#993,#1061,#22690,.T.);
#22688=EDGE_CURVE('',#1061,#1059,#22691,.T.);
#22689=LINE('',#1058,#22692);
#22690=LINE('',#992,#22693);
#22691=LINE('',#1060,#22694);
#22692=VECTOR('',#22695,1.0);
#22693=VECTOR('',#22696,1.0);
#22694=VECTOR('',#22697,1.0);
#22695=DIRECTION('',(-0.3045013026949534,-0.9522635245826526,0.021751698933650875));
#22696=DIRECTION('',(0.2560784000907723,0.9617290868639985,-0.09747315777530718));
#22697=DIRECTION('',(-0.08756897473326632,-0.9386971295210628,0.3334357114843602));
#22698=FACE_SURFACE('',(#22703),#22699,.T.);
#22699=PLANE('',#22700);
#22700=AXIS2_PLACEMENT_3D('',#1062,#22701,#22702);
#22701=DIRECTION('',(0.04143304521695457,0.9989516234265772,0.01946681323318625));
#22702=DIRECTION('',(0.00753525391571417,0.01917057246203752,-0.9997878320423306));
#22703=FACE_BOUND('',#22704,.T.);
#22704=EDGE_LOOP('',(#22705,#22706,#22707));
#22705=ORIENTED_EDGE('',*,*,#22708,.T.);
#22706=ORIENTED_EDGE('',*,*,#22709,.T.);
#22707=ORIENTED_EDGE('',*,*,#22710,.T.);
#22708=EDGE_CURVE('',#1063,#883,#22711,.F.);
#22709=EDGE_CURVE('',#883,#1033,#22712,.T.);
#22710=EDGE_CURVE('',#1033,#1063,#22713,.T.);
#22711=LINE('',#1062,#22714);
#22712=LINE('',#882,#22715);
#22713=LINE('',#1032,#22716);
#22714=VECTOR('',#22717,1.0);
#22715=VECTOR('',#22718,1.0);
#22716=VECTOR('',#22719,1.0);
#22717=DIRECTION('',(0.00753525391571417,0.01917057246203752,-0.9997878320423306));
#22718=DIRECTION('',(-0.9966777223652901,0.03995567802544289,0.07097225890631456));
#22719=DIRECTION('',(0.9990222061629289,-0.041721037618851514,0.014628281285260147));
#22720=FACE_SURFACE('',(#22725),#22721,.T.);
#22721=PLANE('',#22722);
#22722=AXIS2_PLACEMENT_3D('',#1016,#22723,#22724);
#22723=DIRECTION('',(0.00023911632786150194,0.3563831098754002,0.9343398855978055));
#22724=DIRECTION('',(-0.9900838119954563,0.13133831045467803,-0.04984268684026396));
#22725=FACE_BOUND('',#22726,.T.);
#22726=EDGE_LOOP('',(#22727,#22728,#22729));
#22727=ORIENTED_EDGE('',*,*,#22730,.T.);
#22728=ORIENTED_EDGE('',*,*,#22731,.T.);
#22729=ORIENTED_EDGE('',*,*,#22732,.T.);
#22730=EDGE_CURVE('',#1017,#1025,#22733,.F.);
#22731=EDGE_CURVE('',#1025,#1019,#22734,.T.);
#22732=EDGE_CURVE('',#1019,#1017,#22735,.T.);
#22733=LINE('',#1016,#22736);
#22734=LINE('',#1024,#22737);
#22735=LINE('',#1018,#22738);
#22736=VECTOR('',#22739,1.0);
#22737=VECTOR('',#22740,1.0);
#22738=VECTOR('',#22741,1.0);
#22739=DIRECTION('',(-0.9900838119954563,0.13133831045467803,-0.04984268684026396));
#22740=DIRECTION('',(0.9554792783514543,-0.27576600465373113,0.10494026547661481));
#22741=DIRECTION('',(0.9653176487378212,0.24385344448220922,-0.0932595016577217));
#22742=FACE_SURFACE('',(#22747),#22743,.T.);
#22743=PLANE('',#22744);
#22744=AXIS2_PLACEMENT_3D('',#1028,#22745,#22746);
#22745=DIRECTION('',(-8.7912517367365E-05,0.3553934446145401,0.9347167976432227));
#22746=DIRECTION('',(0.9994927337526045,-0.029737227259873517,0.011400547821923158));
#22747=FACE_BOUND('',#22748,.T.);
#22748=EDGE_LOOP('',(#22749,#22750,#22751));
#22749=ORIENTED_EDGE('',*,*,#22752,.T.);
#22750=ORIENTED_EDGE('',*,*,#22753,.T.);
#22751=ORIENTED_EDGE('',*,*,#22754,.T.);
#22752=EDGE_CURVE('',#1029,#1019,#22755,.F.);
#22753=EDGE_CURVE('',#1019,#1025,#22756,.T.);
#22754=EDGE_CURVE('',#1025,#1029,#22757,.T.);
#22755=LINE('',#1028,#22758);
#22756=LINE('',#1018,#22759);
#22757=LINE('',#1024,#22760);
#22758=VECTOR('',#22761,1.0);
#22759=VECTOR('',#22762,1.0);
#22760=VECTOR('',#22763,1.0);
#22761=DIRECTION('',(0.9994927337526045,-0.029737227259873517,0.011400547821923158));
#22762=DIRECTION('',(-0.9554792783514543,0.27576600465373113,-0.10494026547661481));
#22763=DIRECTION('',(0.8860130592394476,-0.4333633691335547,0.16485463035768722));
#22764=FACE_SURFACE('',(#22769),#22765,.T.);
#22765=PLANE('',#22766);
#22766=AXIS2_PLACEMENT_3D('',#1020,#22767,#22768);
#22767=DIRECTION('',(1.504218052840658E-05,0.3549071029180648,0.9349015713282542));
#22768=DIRECTION('',(-0.9998567468206603,0.015829375068834185,-0.005993056159949393));
#22769=FACE_BOUND('',#22770,.T.);
#22770=EDGE_LOOP('',(#22771,#22772,#22773));
#22771=ORIENTED_EDGE('',*,*,#22774,.T.);
#22772=ORIENTED_EDGE('',*,*,#22775,.T.);
#22773=ORIENTED_EDGE('',*,*,#22776,.T.);
#22774=EDGE_CURVE('',#1021,#1025,#22777,.F.);
#22775=EDGE_CURVE('',#1025,#1017,#22778,.T.);
#22776=EDGE_CURVE('',#1017,#1021,#22779,.T.);
#22777=LINE('',#1020,#22780);
#22778=LINE('',#1024,#22781);
#22779=LINE('',#1016,#22782);
#22780=VECTOR('',#22783,1.0);
#22781=VECTOR('',#22784,1.0);
#22782=VECTOR('',#22785,1.0);
#22783=DIRECTION('',(-0.9998567468206603,0.015829375068834185,-0.005993056159949393));
#22784=DIRECTION('',(0.9900838119954563,-0.13133831045467803,0.04984268684026396));
#22785=DIRECTION('',(0.8196590712363571,0.5355555269769557,-0.2033206444618642));
#22786=FACE_SURFACE('',(#22791),#22787,.T.);
#22787=PLANE('',#22788);
#22788=AXIS2_PLACEMENT_3D('',#1020,#22789,#22790);
#22789=DIRECTION('',(-6.703857601708217E-05,0.35036985754615857,0.9366114233922805));
#22790=DIRECTION('',(0.6075350617247653,0.7439580376352855,-0.27825813018300216));
#22791=FACE_BOUND('',#22792,.T.);
#22792=EDGE_LOOP('',(#22793,#22794,#22795));
#22793=ORIENTED_EDGE('',*,*,#22796,.T.);
#22794=ORIENTED_EDGE('',*,*,#22797,.T.);
#22795=ORIENTED_EDGE('',*,*,#22798,.T.);
#22796=EDGE_CURVE('',#1021,#1023,#22799,.F.);
#22797=EDGE_CURVE('',#1023,#1025,#22800,.T.);
#22798=EDGE_CURVE('',#1025,#1021,#22801,.T.);
#22799=LINE('',#1020,#22802);
#22800=LINE('',#1022,#22803);
#22801=LINE('',#1024,#22804);
#22802=VECTOR('',#22805,1.0);
#22803=VECTOR('',#22806,1.0);
#22804=VECTOR('',#22807,1.0);
#22805=DIRECTION('',(0.6075350617247653,0.7439580376352855,-0.27825813018300216));
#22806=DIRECTION('',(-0.9848222048736992,-0.16258720335143503,0.06075052340568627));
#22807=DIRECTION('',(0.9998567468206603,-0.015829375068834185,0.005993056159949393));
#22808=FACE_SURFACE('',(#22813),#22809,.T.);
#22809=PLANE('',#22810);
#22810=AXIS2_PLACEMENT_3D('',#1022,#22811,#22812);
#22811=DIRECTION('',(0.001267449006776042,0.34326757621943194,0.9392367990498732));
#22812=DIRECTION('',(0.341297122415776,0.8826928870474519,-0.32306275146872826));
#22813=FACE_BOUND('',#22814,.T.);
#22814=EDGE_LOOP('',(#22815,#22816,#22817));
#22815=ORIENTED_EDGE('',*,*,#22818,.T.);
#22816=ORIENTED_EDGE('',*,*,#22819,.T.);
#22817=ORIENTED_EDGE('',*,*,#22820,.T.);
#22818=EDGE_CURVE('',#1023,#1057,#22821,.F.);
#22819=EDGE_CURVE('',#1057,#1025,#22822,.T.);
#22820=EDGE_CURVE('',#1025,#1023,#22823,.T.);
#22821=LINE('',#1022,#22824);
#22822=LINE('',#1056,#22825);
#22823=LINE('',#1024,#22826);
#22824=VECTOR('',#22827,1.0);
#22825=VECTOR('',#22828,1.0);
#22826=VECTOR('',#22829,1.0);
#22827=DIRECTION('',(0.341297122415776,0.8826928870474519,-0.32306275146872826));
#22828=DIRECTION('',(-0.9291721815951263,-0.3467805159899986,0.12799347905055197));
#22829=DIRECTION('',(0.9848222048736992,0.16258720335143503,-0.06075052340568627));
#22830=FACE_SURFACE('',(#22835),#22831,.T.);
#22831=PLANE('',#22832);
#22832=AXIS2_PLACEMENT_3D('',#1026,#22833,#22834);
#22833=DIRECTION('',(-0.001730539473904558,0.35033559859663804,0.9366226420437767));
#22834=DIRECTION('',(0.6480504674749173,-0.7129367642810193,0.2678651932260917));
#22835=FACE_BOUND('',#22836,.T.);
#22836=EDGE_LOOP('',(#22837,#22838,#22839));
#22837=ORIENTED_EDGE('',*,*,#22840,.T.);
#22838=ORIENTED_EDGE('',*,*,#22841,.T.);
#22839=ORIENTED_EDGE('',*,*,#22842,.T.);
#22840=EDGE_CURVE('',#1027,#1025,#22843,.F.);
#22841=EDGE_CURVE('',#1025,#1057,#22844,.T.);
#22842=EDGE_CURVE('',#1057,#1027,#22845,.T.);
#22843=LINE('',#1026,#22846);
#22844=LINE('',#1024,#22847);
#22845=LINE('',#1056,#22848);
#22846=VECTOR('',#22849,1.0);
#22847=VECTOR('',#22850,1.0);
#22848=VECTOR('',#22851,1.0);
#22849=DIRECTION('',(0.6480504674749173,-0.7129367642810193,0.2678651932260917));
#22850=DIRECTION('',(0.9291721815951263,0.3467805159899986,-0.12799347905055197));
#22851=DIRECTION('',(-0.9622783365443692,-0.2554030371824688,0.0937533552219445));
#22852=FACE_SURFACE('',(#22857),#22853,.T.);
#22853=PLANE('',#22854);
#22854=AXIS2_PLACEMENT_3D('',#1064,#22855,#22856);
#22855=DIRECTION('',(-0.00124234624625546,0.3487180364672185,0.937226860273569));
#22856=DIRECTION('',(0.5455284379219786,-0.785246636669462,0.2928932280161215));
#22857=FACE_BOUND('',#22858,.T.);
#22858=EDGE_LOOP('',(#22859,#22860,#22861));
#22859=ORIENTED_EDGE('',*,*,#22862,.T.);
#22860=ORIENTED_EDGE('',*,*,#22863,.T.);
#22861=ORIENTED_EDGE('',*,*,#22864,.T.);
#22862=EDGE_CURVE('',#1065,#1027,#22865,.F.);
#22863=EDGE_CURVE('',#1027,#1057,#22866,.T.);
#22864=EDGE_CURVE('',#1057,#1065,#22867,.T.);
#22865=LINE('',#1064,#22868);
#22866=LINE('',#1026,#22869);
#22867=LINE('',#1056,#22870);
#22868=VECTOR('',#22871,1.0);
#22869=VECTOR('',#22872,1.0);
#22870=VECTOR('',#22873,1.0);
#22871=DIRECTION('',(0.5455284379219786,-0.785246636669462,0.2928932280161215));
#22872=DIRECTION('',(0.9622783365443692,0.2554030371824688,-0.0937533552219445));
#22873=DIRECTION('',(-0.9702513108239204,-0.2273202955135021,0.08329391989886327));
#22874=FACE_SURFACE('',(#22879),#22875,.T.);
#22875=PLANE('',#22876);
#22876=AXIS2_PLACEMENT_3D('',#1010,#22877,#22878);
#22877=DIRECTION('',(-0.11171525136900262,0.7256120523417706,0.678974853811188));
#22878=DIRECTION('',(0.3503118072640163,-0.6106345468094565,0.7102162261834267));
#22879=FACE_BOUND('',#22880,.T.);
#22880=EDGE_LOOP('',(#22881,#22882,#22883));
#22881=ORIENTED_EDGE('',*,*,#22884,.T.);
#22882=ORIENTED_EDGE('',*,*,#22885,.T.);
#22883=ORIENTED_EDGE('',*,*,#22886,.T.);
#22884=EDGE_CURVE('',#1011,#1065,#22887,.F.);
#22885=EDGE_CURVE('',#1065,#1057,#22888,.T.);
#22886=EDGE_CURVE('',#1057,#1011,#22889,.T.);
#22887=LINE('',#1010,#22890);
#22888=LINE('',#1064,#22891);
#22889=LINE('',#1056,#22892);
#22890=VECTOR('',#22893,1.0);
#22891=VECTOR('',#22894,1.0);
#22892=VECTOR('',#22895,1.0);
#22893=DIRECTION('',(0.3503118072640163,-0.6106345468094565,0.7102162261834267));
#22894=DIRECTION('',(0.9702513108239204,0.2273202955135021,-0.08329391989886327));
#22895=DIRECTION('',(-0.9934129154298287,-0.09908148550360925,-0.057564213601908394));
#22896=FACE_SURFACE('',(#22901),#22897,.T.);
#22897=PLANE('',#22898);
#22898=AXIS2_PLACEMENT_3D('',#1010,#22899,#22900);
#22899=DIRECTION('',(-0.01942989811575555,-0.3494296231033021,0.9367611315362607));
#22900=DIRECTION('',(0.9934129154298287,0.09908148550360925,0.057564213601908394));
#22901=FACE_BOUND('',#22902,.T.);
#22902=EDGE_LOOP('',(#22903,#22904,#22905));
#22903=ORIENTED_EDGE('',*,*,#22906,.T.);
#22904=ORIENTED_EDGE('',*,*,#22907,.T.);
#22905=ORIENTED_EDGE('',*,*,#22908,.T.);
#22906=EDGE_CURVE('',#1011,#1057,#22909,.F.);
#22907=EDGE_CURVE('',#1057,#1067,#22910,.T.);
#22908=EDGE_CURVE('',#1067,#1011,#22911,.T.);
#22909=LINE('',#1010,#22912);
#22910=LINE('',#1056,#22913);
#22911=LINE('',#1066,#22914);
#22912=VECTOR('',#22915,1.0);
#22913=VECTOR('',#22916,1.0);
#22914=VECTOR('',#22917,1.0);
#22915=DIRECTION('',(0.9934129154298287,0.09908148550360925,0.057564213601908394));
#22916=DIRECTION('',(-0.9995479159786108,0.02829035838109166,-0.01017935584825114));
#22917=DIRECTION('',(0.1786032767683267,-0.9230804664135528,-0.3406219635510231));
#22918=FACE_SURFACE('',(#22923),#22919,.T.);
#22919=PLANE('',#22920);
#22920=AXIS2_PLACEMENT_3D('',#1030,#22921,#22922);
#22921=DIRECTION('',(-4.059576444238119E-05,0.3372969286579664,0.9413983111679597));
#22922=DIRECTION('',(0.14353708971529375,-0.9316481088818636,0.3338096839411809));
#22923=FACE_BOUND('',#22924,.T.);
#22924=EDGE_LOOP('',(#22925,#22926,#22927));
#22925=ORIENTED_EDGE('',*,*,#22928,.T.);
#22926=ORIENTED_EDGE('',*,*,#22929,.T.);
#22927=ORIENTED_EDGE('',*,*,#22930,.T.);
#22928=EDGE_CURVE('',#1031,#1067,#22931,.F.);
#22929=EDGE_CURVE('',#1067,#1057,#22932,.T.);
#22930=EDGE_CURVE('',#1057,#1031,#22933,.T.);
#22931=LINE('',#1030,#22934);
#22932=LINE('',#1066,#22935);
#22933=LINE('',#1056,#22936);
#22934=VECTOR('',#22937,1.0);
#22935=VECTOR('',#22938,1.0);
#22936=VECTOR('',#22939,1.0);
#22937=DIRECTION('',(0.14353708971529375,-0.9316481088818636,0.3338096839411809));
#22938=DIRECTION('',(0.9995479159786108,-0.02829035838109166,0.01017935584825114));
#22939=DIRECTION('',(-0.9982054430282046,0.05635944370786079,-0.02023626976016998));
#22940=FACE_SURFACE('',(#22945),#22941,.T.);
#22941=PLANE('',#22942);
#22942=AXIS2_PLACEMENT_3D('',#1030,#22943,#22944);
#22943=DIRECTION('',(3.6097015477145465E-06,0.33310732488004074,0.9428889171573887));
#22944=DIRECTION('',(0.9999999961406867,-8.397064870445514E-05,2.5837122678293888E-05));
#22945=FACE_BOUND('',#22946,.T.);
#22946=EDGE_LOOP('',(#22947,#22948,#22949));
#22947=ORIENTED_EDGE('',*,*,#22950,.T.);
#22948=ORIENTED_EDGE('',*,*,#22951,.T.);
#22949=ORIENTED_EDGE('',*,*,#22952,.T.);
#22950=EDGE_CURVE('',#1031,#1059,#22953,.F.);
#22951=EDGE_CURVE('',#1059,#1033,#22954,.T.);
#22952=EDGE_CURVE('',#1033,#1031,#22955,.T.);
#22953=LINE('',#1030,#22956);
#22954=LINE('',#1058,#22957);
#22955=LINE('',#1032,#22958);
#22956=VECTOR('',#22959,1.0);
#22957=VECTOR('',#22960,1.0);
#22958=VECTOR('',#22961,1.0);
#22959=DIRECTION('',(0.9999999961406867,-8.397064870445514E-05,2.5837122678293888E-05));
#22960=DIRECTION('',(-0.9869116777953115,0.15205306903684487,-0.05371409896591113));
#22961=DIRECTION('',(0.05494803246120035,-0.9414644813949574,0.33260388452386835));
#22962=FACE_SURFACE('',(#22967),#22963,.T.);
#22963=PLANE('',#22964);
#22964=AXIS2_PLACEMENT_3D('',#882,#22965,#22966);
#22965=DIRECTION('',(0.013855990989691837,-0.7755140357572778,0.6311782568000527));
#22966=DIRECTION('',(-0.007560998751555593,0.631139545298355,0.7756324552637446));
#22967=FACE_BOUND('',#22968,.T.);
#22968=EDGE_LOOP('',(#22969,#22970,#22971));
#22969=ORIENTED_EDGE('',*,*,#22972,.T.);
#22970=ORIENTED_EDGE('',*,*,#22973,.T.);
#22971=ORIENTED_EDGE('',*,*,#22974,.T.);
#22972=EDGE_CURVE('',#883,#1069,#22975,.F.);
#22973=EDGE_CURVE('',#1069,#1033,#22976,.T.);
#22974=EDGE_CURVE('',#1033,#883,#22977,.T.);
#22975=LINE('',#882,#22978);
#22976=LINE('',#1068,#22979);
#22977=LINE('',#1032,#22980);
#22978=VECTOR('',#22981,1.0);
#22979=VECTOR('',#22982,1.0);
#22980=VECTOR('',#22983,1.0);
#22981=DIRECTION('',(-0.007560998751555593,0.631139545298355,0.7756324552637446));
#22982=DIRECTION('',(-0.9998913332723929,-0.013923871086736166,0.004842257811841247));
#22983=DIRECTION('',(0.9966777223652901,-0.03995567802544289,-0.07097225890631456));
#22984=FACE_SURFACE('',(#22989),#22985,.T.);
#22985=PLANE('',#22986);
#22986=AXIS2_PLACEMENT_3D('',#1044,#22987,#22988);
#22987=DIRECTION('',(0.00023488348496125824,0.3037805076660692,0.9527420154437893));
#22988=DIRECTION('',(-0.9413438336583159,0.32156889040620074,-0.10229973390185194));
#22989=FACE_BOUND('',#22990,.T.);
#22990=EDGE_LOOP('',(#22991,#22992,#22993));
#22991=ORIENTED_EDGE('',*,*,#22994,.T.);
#22992=ORIENTED_EDGE('',*,*,#22995,.T.);
#22993=ORIENTED_EDGE('',*,*,#22996,.T.);
#22994=EDGE_CURVE('',#1045,#1049,#22997,.F.);
#22995=EDGE_CURVE('',#1049,#1037,#22998,.T.);
#22996=EDGE_CURVE('',#1037,#1045,#22999,.T.);
#22997=LINE('',#1044,#23000);
#22998=LINE('',#1048,#23001);
#22999=LINE('',#1036,#23002);
#23000=VECTOR('',#23003,1.0);
#23001=VECTOR('',#23004,1.0);
#23002=VECTOR('',#23005,1.0);
#23003=DIRECTION('',(-0.9413438336583159,0.32156889040620074,-0.10229973390185194));
#23004=DIRECTION('',(-0.9731988260750979,-0.21902807237677716,0.07007673249349386));
#23005=DIRECTION('',(0.9921318699162799,0.11920969024351247,-0.038254443512769));
#23006=FACE_SURFACE('',(#23011),#23007,.T.);
#23007=PLANE('',#23008);
#23008=AXIS2_PLACEMENT_3D('',#1042,#23009,#23010);
#23009=DIRECTION('',(-0.0007690919449380802,0.30643161364598037,0.9518923650580988));
#23010=DIRECTION('',(-0.9840546883920721,-0.16953987173136986,0.05378291686857955));
#23011=FACE_BOUND('',#23012,.T.);
#23012=EDGE_LOOP('',(#23013,#23014,#23015));
#23013=ORIENTED_EDGE('',*,*,#23016,.T.);
#23014=ORIENTED_EDGE('',*,*,#23017,.T.);
#23015=ORIENTED_EDGE('',*,*,#23018,.T.);
#23016=EDGE_CURVE('',#1043,#1041,#23019,.F.);
#23017=EDGE_CURVE('',#1041,#1037,#23020,.T.);
#23018=EDGE_CURVE('',#1037,#1043,#23021,.T.);
#23019=LINE('',#1042,#23022);
#23020=LINE('',#1040,#23023);
#23021=LINE('',#1036,#23024);
#23022=VECTOR('',#23025,1.0);
#23023=VECTOR('',#23026,1.0);
#23024=VECTOR('',#23027,1.0);
#23025=DIRECTION('',(-0.9840546883920721,-0.16953987173136986,0.05378291686857955));
#23026=DIRECTION('',(-0.8327110199915566,-0.5272663044218752,0.16906389740544756));
#23027=DIRECTION('',(0.9417939138968199,0.32023872133569714,-0.10232978600674891));
#23028=FACE_SURFACE('',(#23033),#23029,.T.);
#23029=PLANE('',#23030);
#23030=AXIS2_PLACEMENT_3D('',#1048,#23031,#23032);
#23031=DIRECTION('',(0.00025485795594482134,0.3036999690834789,0.9527676861785962));
#23032=DIRECTION('',(-0.9932850427178539,0.11030498144598698,-0.03489462682407794));
#23033=FACE_BOUND('',#23034,.T.);
#23034=EDGE_LOOP('',(#23035,#23036,#23037));
#23035=ORIENTED_EDGE('',*,*,#23038,.T.);
#23036=ORIENTED_EDGE('',*,*,#23039,.T.);
#23037=ORIENTED_EDGE('',*,*,#23040,.T.);
#23038=EDGE_CURVE('',#1049,#1043,#23041,.F.);
#23039=EDGE_CURVE('',#1043,#1037,#23042,.T.);
#23040=EDGE_CURVE('',#1037,#1049,#23043,.T.);
#23041=LINE('',#1048,#23044);
#23042=LINE('',#1042,#23045);
#23043=LINE('',#1036,#23046);
#23044=VECTOR('',#23047,1.0);
#23045=VECTOR('',#23048,1.0);
#23046=VECTOR('',#23049,1.0);
#23047=DIRECTION('',(-0.9932850427178539,0.11030498144598698,-0.03489462682407794));
#23048=DIRECTION('',(-0.9417939138968199,-0.32023872133569714,0.10232978600674891));
#23049=DIRECTION('',(0.9731988260750979,0.21902807237677716,-0.07007673249349386));
#23050=FACE_SURFACE('',(#23055),#23051,.T.);
#23051=PLANE('',#23052);
#23052=AXIS2_PLACEMENT_3D('',#1034,#23053,#23054);
#23053=DIRECTION('',(7.116258109792548E-05,0.30926721225448317,0.9509751765215679));
#23054=DIRECTION('',(0.9928115150076018,0.11379875849902131,-0.03708285631382659));
#23055=FACE_BOUND('',#23056,.T.);
#23056=EDGE_LOOP('',(#23057,#23058,#23059));
#23057=ORIENTED_EDGE('',*,*,#23060,.T.);
#23058=ORIENTED_EDGE('',*,*,#23061,.T.);
#23059=ORIENTED_EDGE('',*,*,#23062,.T.);
#23060=EDGE_CURVE('',#1035,#1047,#23063,.F.);
#23061=EDGE_CURVE('',#1047,#1037,#23064,.T.);
#23062=EDGE_CURVE('',#1037,#1035,#23065,.T.);
#23063=LINE('',#1034,#23066);
#23064=LINE('',#1046,#23067);
#23065=LINE('',#1036,#23068);
#23066=VECTOR('',#23069,1.0);
#23067=VECTOR('',#23070,1.0);
#23068=VECTOR('',#23071,1.0);
#23069=DIRECTION('',(0.9928115150076018,0.11379875849902131,-0.03708285631382659));
#23070=DIRECTION('',(-0.9987452543301916,0.04764592036911539,-0.015420221305182922));
#23071=DIRECTION('',(-0.6309729810710966,-0.7377572264406037,0.2399736902098257));
#23072=FACE_SURFACE('',(#23077),#23073,.T.);
#23073=PLANE('',#23074);
#23074=AXIS2_PLACEMENT_3D('',#1044,#23075,#23076);
#23075=DIRECTION('',(-8.912075551033141E-05,0.30622576068754703,0.951958914842875));
#23076=DIRECTION('',(-0.9921318699162799,-0.11920969024351247,0.038254443512769));
#23077=FACE_BOUND('',#23078,.T.);
#23078=EDGE_LOOP('',(#23079,#23080,#23081));
#23079=ORIENTED_EDGE('',*,*,#23082,.T.);
#23080=ORIENTED_EDGE('',*,*,#23083,.T.);
#23081=ORIENTED_EDGE('',*,*,#23084,.T.);
#23082=EDGE_CURVE('',#1045,#1037,#23085,.F.);
#23083=EDGE_CURVE('',#1037,#1047,#23086,.T.);
#23084=EDGE_CURVE('',#1047,#1045,#23087,.T.);
#23085=LINE('',#1044,#23088);
#23086=LINE('',#1036,#23089);
#23087=LINE('',#1046,#23090);
#23088=VECTOR('',#23091,1.0);
#23089=VECTOR('',#23092,1.0);
#23090=VECTOR('',#23093,1.0);
#23091=DIRECTION('',(-0.9921318699162799,-0.11920969024351247,0.038254443512769));
#23092=DIRECTION('',(0.9987452543301916,-0.04764592036911539,0.015420221305182922));
#23093=DIRECTION('',(-0.7830960901854306,0.5920025677659027,-0.1905084599036743));
#23094=FACE_SURFACE('',(#23099),#23095,.T.);
#23095=PLANE('',#23096);
#23096=AXIS2_PLACEMENT_3D('',#1034,#23097,#23098);
#23097=DIRECTION('',(0.06333573804156058,-0.2366222253145097,0.9695352014104182));
#23098=DIRECTION('',(-0.34179667448490314,-0.9178766924397779,-0.20168641696176423));
#23099=FACE_BOUND('',#23100,.T.);
#23100=EDGE_LOOP('',(#23101,#23102,#23103));
#23101=ORIENTED_EDGE('',*,*,#23104,.T.);
#23102=ORIENTED_EDGE('',*,*,#23105,.T.);
#23103=ORIENTED_EDGE('',*,*,#23106,.T.);
#23104=EDGE_CURVE('',#1035,#1015,#23107,.F.);
#23105=EDGE_CURVE('',#1015,#1047,#23108,.T.);
#23106=EDGE_CURVE('',#1047,#1035,#23109,.T.);
#23107=LINE('',#1034,#23110);
#23108=LINE('',#1014,#23111);
#23109=LINE('',#1046,#23112);
#23110=VECTOR('',#23113,1.0);
#23111=VECTOR('',#23114,1.0);
#23112=VECTOR('',#23115,1.0);
#23113=DIRECTION('',(-0.34179667448490314,-0.9178766924397779,-0.20168641696176423));
#23114=DIRECTION('',(0.9578678780520729,0.28711131472551227,0.007498076593834105));
#23115=DIRECTION('',(-0.9928115150076018,-0.11379875849902131,0.03708285631382659));
#23116=FACE_SURFACE('',(#23121),#23117,.T.);
#23117=PLANE('',#23118);
#23118=AXIS2_PLACEMENT_3D('',#1054,#23119,#23120);
#23119=DIRECTION('',(-0.0840530727910169,0.255265144107075,0.9632106660322975));
#23120=DIRECTION('',(-0.5612962291325366,0.7865596075018833,-0.2574306256218913));
#23121=FACE_BOUND('',#23122,.T.);
#23122=EDGE_LOOP('',(#23123,#23124,#23125));
#23123=ORIENTED_EDGE('',*,*,#23126,.T.);
#23124=ORIENTED_EDGE('',*,*,#23127,.T.);
#23125=ORIENTED_EDGE('',*,*,#23128,.T.);
#23126=EDGE_CURVE('',#1055,#1047,#23129,.F.);
#23127=EDGE_CURVE('',#1047,#1015,#23130,.T.);
#23128=EDGE_CURVE('',#1015,#1055,#23131,.T.);
#23129=LINE('',#1054,#23132);
#23130=LINE('',#1046,#23133);
#23131=LINE('',#1014,#23134);
#23132=VECTOR('',#23135,1.0);
#23133=VECTOR('',#23136,1.0);
#23134=VECTOR('',#23137,1.0);
#23135=DIRECTION('',(-0.5612962291325366,0.7865596075018833,-0.2574306256218913));
#23136=DIRECTION('',(-0.9578678780520729,-0.28711131472551227,-0.007498076593834105));
#23137=DIRECTION('',(0.9916630622376036,0.1161746075013413,0.055747928799624334));
#23138=FACE_SURFACE('',(#23143),#23139,.T.);
#23139=PLANE('',#23140);
#23140=AXIS2_PLACEMENT_3D('',#1070,#23141,#23142);
#23141=DIRECTION('',(-0.08726016589129408,0.28710009504734446,0.9539178155755503));
#23142=DIRECTION('',(-0.32580572566149646,0.8966848576769614,-0.29967798574308624));
#23143=FACE_BOUND('',#23144,.T.);
#23144=EDGE_LOOP('',(#23145,#23146,#23147));
#23145=ORIENTED_EDGE('',*,*,#23148,.T.);
#23146=ORIENTED_EDGE('',*,*,#23149,.T.);
#23147=ORIENTED_EDGE('',*,*,#23150,.T.);
#23148=EDGE_CURVE('',#1071,#1055,#23151,.F.);
#23149=EDGE_CURVE('',#1055,#1015,#23152,.T.);
#23150=EDGE_CURVE('',#1015,#1071,#23153,.T.);
#23151=LINE('',#1070,#23154);
#23152=LINE('',#1054,#23155);
#23153=LINE('',#1014,#23156);
#23154=VECTOR('',#23157,1.0);
#23155=VECTOR('',#23158,1.0);
#23156=VECTOR('',#23159,1.0);
#23157=DIRECTION('',(-0.32580572566149646,0.8966848576769614,-0.29967798574308624));
#23158=DIRECTION('',(-0.9916630622376036,-0.1161746075013413,-0.055747928799624334));
#23159=DIRECTION('',(0.9953267995688864,-0.014625184021602698,0.09544980907415247));
#23160=FACE_SURFACE('',(#23165),#23161,.T.);
#23161=PLANE('',#23162);
#23162=AXIS2_PLACEMENT_3D('',#1052,#23163,#23164);
#23163=DIRECTION('',(-0.0862594851745053,0.30963275957250747,0.9469355075278058));
#23164=DIRECTION('',(-0.14848064786939102,0.9358675774008046,-0.31953931648270567));
#23165=FACE_BOUND('',#23166,.T.);
#23166=EDGE_LOOP('',(#23167,#23168,#23169));
#23167=ORIENTED_EDGE('',*,*,#23170,.T.);
#23168=ORIENTED_EDGE('',*,*,#23171,.T.);
#23169=ORIENTED_EDGE('',*,*,#23172,.T.);
#23170=EDGE_CURVE('',#1053,#1071,#23173,.F.);
#23171=EDGE_CURVE('',#1071,#1015,#23174,.T.);
#23172=EDGE_CURVE('',#1015,#1053,#23175,.T.);
#23173=LINE('',#1052,#23176);
#23174=LINE('',#1070,#23177);
#23175=LINE('',#1014,#23178);
#23176=VECTOR('',#23179,1.0);
#23177=VECTOR('',#23180,1.0);
#23178=VECTOR('',#23181,1.0);
#23179=DIRECTION('',(-0.14848064786939102,0.9358675774008046,-0.31953931648270567));
#23180=DIRECTION('',(-0.9953267995688864,0.014625184021602698,-0.09544980907415247));
#23181=DIRECTION('',(0.9780962029631363,-0.15441166782150378,0.1395881606357683));
#23182=FACE_SURFACE('',(#23187),#23183,.T.);
#23183=PLANE('',#23184);
#23184=AXIS2_PLACEMENT_3D('',#1038,#23185,#23186);
#23185=DIRECTION('',(-1.9447355196559554E-06,0.3279537849199682,0.9446937678173204));
#23186=DIRECTION('',(-0.0403201069901423,-0.9439255816468944,0.3276870233696714));
#23187=FACE_BOUND('',#23188,.T.);
#23188=EDGE_LOOP('',(#23189,#23190,#23191));
#23189=ORIENTED_EDGE('',*,*,#23192,.T.);
#23190=ORIENTED_EDGE('',*,*,#23193,.T.);
#23191=ORIENTED_EDGE('',*,*,#23194,.T.);
#23192=EDGE_CURVE('',#1039,#1033,#23195,.F.);
#23193=EDGE_CURVE('',#1033,#1053,#23196,.T.);
#23194=EDGE_CURVE('',#1053,#1039,#23197,.T.);
#23195=LINE('',#1038,#23198);
#23196=LINE('',#1032,#23199);
#23197=LINE('',#1052,#23200);
#23198=VECTOR('',#23201,1.0);
#23199=VECTOR('',#23202,1.0);
#23200=VECTOR('',#23203,1.0);
#23201=DIRECTION('',(-0.0403201069901423,-0.9439255816468944,0.3276870233696714));
#23202=DIRECTION('',(0.9972855185808754,0.06955983361707008,-0.024145889423249706));
#23203=DIRECTION('',(-0.9999999993928487,-3.350607574806275E-05,9.5731644994465E-06));
ENDSEC;
END-ISO-10303-21;
